id,program_code,name,faculty,level,university_name,city,budget_places,paid_places,tuition_cost_rub_year,budget_passing_score,paid_min_score,duration,study_format,language,accreditation,total_places,budget_ratio,tuition_log,paid_min_score_missing,budget_score_missing,cluster_raw,competitiveness_class
1,01.05.01 | Фундаментальная математика и механика,Математика,Механико-математический факультет МГУ,Специалитет,Московский государственный университет имени М.В. Ломоносова,Москва,250.0,50.0,512810.0,322.0,225.0,0.0,Очная,Русский,государственный,300.0,0.8333333333333334,13.147662635216566,0,0,1,2
2,01.03.02 | Прикладная математика и информатика,Прикладная математика и информатика,Компьютерные науки и прикладная математика МАИ,Бакалавриат,Московский авиационный институт,Москва,145.0,50.0,425000.0,275.0,,0.0,Очная,Русский,государственный,195.0,0.7435897435897436,12.959846800844963,0,0,1,2
3,01.03.02 | Прикладная математика и информатика,Прикладная математика и информатика,Факультет компьютерных наук НИУ ВШЭ,Бакалавриат,Национальный исследовательский университет «Высшая школа экономики»,Москва,180.0,220.0,850000.0,,,0.0,Очная,Русский,государственный,400.0,0.45,13.652992804936396,0,0,1,2
4,01.03.02 | Прикладная математика и информатика,Прикладная математика и информатика,Физтех-школа прикладной математики и информатики,Бакалавриат,Московский физико-технический институт (Государственный университет),Москва,170.0,60.0,767000.0,303.0,,0.0,Очная,Русский,государственный,230.0,0.7391304347826086,13.550243384129509,0,0,1,2
5,01.03.02 | Прикладная математика и информатика,Прикладная математика и информатика,Факультет инженерной экологии и городского хозяйства,Бакалавриат,Санкт-Петербургский государственный архитектурно-строительный университет,Санкт-Пете..,54.0,36.0,262800.0,220.0,,0.0,Очная,Русский,государственный,90.0,0.6,12.47915237076039,0,0,1,2
6,01.03.02 | Прикладная математика и информатика,Прикладная математика и информатика,Факультет математики РГПУ,Бакалавриат,Российский государственный педагогический университет имени А. И. Герцена,Санкт-Пете..,12.0,9.0,245500.0,233.0,,0.0,Очная,Русский,государственный,21.0,0.5714285714285714,12.411056299528171,0,0,0,0
7,01.03.02 | Прикладная математика и информатика,Прикладная математика и информатика,Факультет компьютерных технологий и информатики СПбГЭТУ,Бакалавриат,Санкт-Петербургский государственный электротехнический университет «ЛЭТИ» им. В.И. Ульянова (Ленина),Санкт-Пете..,100.0,80.0,284000.0,259.0,,0.0,Очная,Русский,государственный,180.0,0.5555555555555556,12.556733038263905,0,0,1,2
8,01.03.02 | Прикладная математика и информатика,Прикладная математика и информатика,Институт фундаментальной подготовки и технологических инноваций ГУАП,Бакалавриат,Санкт-Петербургский государственный университет аэрокосмического приборостроения,Санкт-Пете..,7.0,8.0,270000.0,270.0,,0.0,Очная,Русский,государственный,15.0,0.4666666666666667,12.506180941677357,0,0,0,0
9,01.03.02 | Прикладная математика и информатика,Прикладная математика и информатика,Высшая школа технологии и энергетики СПбГУПТД,Бакалавриат,Санкт-Петербургский государственный университет промышленных технологий и дизайна,Санкт-Пете..,,13.0,200000.0,,,0.0,Очная,Русский,государственный,,0.0,12.206077645517674,0,0,0,0
10,01.03.02 | Прикладная математика и информатика,Прикладная математика и информатика,Институт вычислительной математики и информационных технологий КФУ,Бакалавриат,Казанский (Приволжский) федеральный университет,Казань,71.0,25.0,228096.0,247.0,,0.0,Очная,Русский,государственный,96.0,0.7395833333333334,12.337526256059729,0,0,1,2
11,01.03.02 | Прикладная математика и информатика,Прикладная математика и информатика,"Институт управления, автоматизации и информационных технологий КНИТУ",Бакалавриат,Казанский национальный исследовательский технологический университет,Казань,20.0,2.0,165000.0,236.0,,0.0,Очная,Русский,государственный,22.0,0.9090909090909091,12.013706813470414,0,0,0,0
12,01.03.02 | Прикладная математика и информатика,Прикладная математика и информатика,"Институт информационных технологий, математики и механики ННГУ им. Лобачевского",Бакалавриат,Национальный исследовательский Нижегородский государственный университет им. Н.И. Лобачевского,Нижний Нов..,55.0,5.0,225000.0,232.0,,0.0,Очная,Русский,государственный,60.0,0.9166666666666666,12.323860125621126,0,0,0,0
13,01.03.02 | Прикладная математика и информатика,Прикладная математика и информатика,Институт информатики и кибернетики СГАУ,Бакалавриат,Самарский национальный исследовательский университет имени академика С.П. Королева,Самара,80.0,5.0,186900.0,231.0,,0.0,Очная,Русский,государственный,85.0,0.9411764705882353,12.138334343884129,0,0,1,2
14,01.03.02 | Прикладная математика и информатика,Прикладная математика и информатика,Институт автоматики и информационных технологий,Бакалавриат,Самарский государственный технический университет,Самара,30.0,10.0,145030.0,210.0,,0.0,Очная,Русский,государственный,40.0,0.75,11.884702791655672,0,0,0,0
15,01.03.02 | Прикладная математика и информатика,Прикладная математика и информатика,Институт компьютерных наук и технологий ПГНИУ,Бакалавриат,Пермский государственный национальный исследовательский университет,Пермь,65.0,,,177.0,,0.0,Очная,Русский,государственный,,0.0,,0,0,0,0
16,01.03.02 | Прикладная математика и информатика,Прикладная математика и информатика,Институт прикладной математики и компьютерных наук ТГУ,Бакалавриат,Национальный исследовательский Томский государственный университет,Томск,30.0,10.0,177000.0,199.0,,0.0,Очная,Русский,государственный,40.0,0.75,12.083910661257521,0,0,0,0
17,01.03.02 | Прикладная математика и информатика,Прикладная математика и информатика,Институт математики и информационных технологий ОГУ,Бакалавриат,Оренбургский государственный университет,Оренбург,25.0,100.0,153000.0,157.0,,0.0,Очная,Русский,государственный,125.0,0.2,11.938199736300925,0,0,2,1
18,01.03.02 | Прикладная математика и информатика,Прикладная математика и информатика,Факультет компьютерной математики Севастопольского филиала МГУ,Бакалавриат,Филиал Московского государственного университета имени М.В. Ломоносова в городе Севастополе,Севастопол..,15.0,10.0,332570.0,274.0,126.0,0.0,Очная,Русский,государственный,25.0,0.6,12.714608650117528,0,0,0,0
19,01.03.02 | Прикладная математика и информатика,Прикладная математика и информатика,"Школа информатики, физики и технологий НИУ ВШЭ — Санкт-Петербург",Бакалавриат,Национальный исследовательский университет «Высшая школа экономики» — Санкт-Петербург,Санкт-Пете..,30.0,30.0,490000.0,289.0,,0.0,Очная,Русский,государственный,60.0,0.5,13.102162710901053,0,0,1,2
20,01.03.02 | Прикладная математика и информатика,Прикладная математика и информатика,Высшая техническая школа НЧФ КФУ,Бакалавриат,Набережночелнинский институт КФУ (филиал),Набережные..,20.0,1.0,209952.0,189.0,119.0,0.0,Очная,Русский,государственный,21.0,0.9523809523809523,12.254638975126706,0,0,0,0
21,01.03.02 | Прикладная математика и информатика,Прикладная математика и информатика,Транспортный факультет,Бакалавриат,Московский политехнический университет,Москва,50.0,25.0,330700.0,221.0,,0.0,Очная,Русский,государственный,75.0,0.6666666666666666,12.708969922854033,0,0,1,2
22,01.03.02 | Прикладная математика и информатика,Прикладная математика и информатика,Факультет информационных технологий и математики НВГУ,Бакалавриат,Нижневартовский государственный университет,Нижневартовск,14.0,11.0,296000.0,177.0,,0.0,Очная,Русский,государственный,25.0,0.56,12.598118111678868,0,0,0,0
23,01.03.02 | Прикладная математика и информатика,Прикладная математика и информатика,Факультет информационных технологий и математики НВГУ,Бакалавриат,Нижневартовский государственный университет,Нижневартовск,,25.0,99000.0,,,0.0,Очно-заочная,Русский,государственный,,0.0,11.502885230075814,0,0,2,1
24,01.03.02 | Прикладная математика и информатика,Прикладная математика и информатика,Институт электронных и информационных систем НовГУ,Бакалавриат,Новгородский государственный университет имени Ярослава Мудрого,Великий Но..,25.0,,,172.0,,0.0,Очная,Русский,государственный,,0.0,,0,0,2,1
25,01.03.02 | Прикладная математика и информатика,Прикладная математика и информатика,"Институт математики, естественных и компьютерных наук ВоГУ",Бакалавриат,Вологодский государственный университет,Вологда,25.0,5.0,154030.0,166.0,119.0,0.0,Очная,Русский,государственный,30.0,0.8333333333333334,11.9449091598392,0,0,0,0
26,01.03.02 | Прикладная математика и информатика,Прикладная математика и информатика,Институт компьютерных и инженерных наук АмГУ,Бакалавриат,Амурский государственный университет,Благовещенск,17.0,10.0,185100.0,152.0,119.0,0.0,Очная,Русский,государственный,27.0,0.6296296296296297,12.128656901032139,0,0,0,0
27,01.03.02 | Прикладная математика и информатика,Прикладная математика и информатика,"Институт математики, физики и информационных технологий ЧГУ им. А.А. Кадырова",Бакалавриат,Чеченский государственный университет имени Ахмата Абдулхамидовича Кадырова,Грозный,71.0,15.0,113525.0,124.0,,0.0,Очная,Русский,государственный,86.0,0.8255813953488372,11.639787164559817,0,0,0,0
28,01.03.02 | Прикладная математика и информатика,Прикладная математика и информатика,"Институт математики, физики и информационных технологий ЧГУ им. А.А. Кадырова",Бакалавриат,Чеченский государственный университет имени Ахмата Абдулхамидовича Кадырова,Грозный,20.0,25.0,39748.0,120.0,,0.0,Очно-заочная,Русский,государственный,45.0,0.4444444444444444,10.590339962533324,0,0,2,1
29,01.03.02 | Прикладная математика и информатика,Прикладная математика и информатика,Инженерный институт СКГА,Бакалавриат,Северо-Кавказская государственная академия,Черкесск,50.0,10.0,112000.0,142.0,,0.0,Очная,Русский,государственный,60.0,0.8333333333333334,11.626263078808801,0,0,0,0
30,01.03.02 | Прикладная математика и информатика,Прикладная математика и информатика,Институт интеллектуальных кибернетических систем ИАТЭ НИЯУ МИФИ,Бакалавриат,Обнинский институт атомной энергетики (филиал НИЯУ МИФИ),Обнинск,20.0,5.0,168000.0,206.0,,0.0,Очная,Русский,государственный,25.0,0.8,12.031725210748633,0,0,0,0
31,01.03.02 | Прикладная математика и информатика,Прикладная математика и информатика,Естественно-математический факультет СИ (филиала) БашГУ,Бакалавриат,Сибайский институт филиал Уфимского университета науки и технологий,Сибай,17.0,20.0,148300.0,,,0.0,Очная,Русский,государственный,37.0,0.4594594594594595,11.906999271191623,0,0,0,0
32,01.03.02 | Прикладная математика и информатика,Прикладная математика и информатика,Естественно-математический факультет СИ (филиала) БашГУ,Бакалавриат,Сибайский институт филиал Уфимского университета науки и технологий,Сибай,25.0,20.0,45000.0,134.0,118.0,0.0,Очно-заочная,Русский,государственный,45.0,0.5555555555555556,10.714439990727769,0,0,2,1
33,01.03.02 | Прикладная математика и информатика,Прикладная математика и информатика,"Институт информатики, математики и робототехники УУНиТ",Бакалавриат,Уфимский университет науки и технологий,Уфа,110.0,20.0,148300.0,198.0,,0.0,Очная,Русский,государственный,130.0,0.8461538461538461,11.906999271191623,0,0,1,2
34,02.03.02 | Фундаментальные информатика и информационные технологии,Фундаментальная информатика и информационные технологии,Факультет вычислительной математики и кибернетики МГУ,Бакалавриат,Московский государственный университет имени М.В. Ломоносова,Москва,19.0,3.0,512810.0,437.0,267.0,0.0,Очная,Русский,государственный,22.0,0.8636363636363636,13.147662635216566,0,0,1,2
35,02.03.02 | Фундаментальные информатика и информационные технологии,Фундаментальная информатика и информационные технологии,Институт вычислительной математики и информационных технологий КФУ,Бакалавриат,Казанский (Приволжский) федеральный университет,Казань,25.0,22.0,258048.0,247.0,,0.0,Очная,Русский,государственный,47.0,0.5319148936170213,12.460904768351384,0,0,0,0
36,02.03.02 | Фундаментальные информатика и информационные технологии,Фундаментальная информатика и информационные технологии,"Институт информационных технологий, математики и механики ННГУ им. Лобачевского",Бакалавриат,Национальный исследовательский Нижегородский государственный университет им. Н.И. Лобачевского,Нижний Нов..,,5.0,240000.0,,,0.0,Очная,Русский,государственный,,0.0,12.388398368982115,0,0,0,0
37,02.03.02 | Фундаментальные информатика и информационные технологии,Фундаментальная информатика и информационные технологии,Высшая школа электроники и компьютерных наук ЮУрГУ,Бакалавриат,Южно-Уральский государственный университет (национальный исследовательский университет),Челябинск,40.0,5.0,165800.0,218.0,118.0,0.0,Очная,Русский,государственный,45.0,0.8888888888888888,12.01854355302823,0,0,0,0
38,02.03.02 | Фундаментальные информатика и информационные технологии,Фундаментальная информатика и информационные технологии,"Институт математики, механики и компьютерных наук им. И.И. Воровича ЮФУ",Бакалавриат,Южный федеральный университет,Ростов-на-..,100.0,15.0,159000.0,225.0,,0.0,Очная,Русский,государственный,115.0,0.8695652173913043,11.976665770490767,0,0,1,2
39,02.03.02 | Фундаментальные информатика и информационные технологии,Фундаментальная информатика и информационные технологии,"Институт математики, механики и компьютерных наук им. И.И. Воровича ЮФУ",Бакалавриат,Южный федеральный университет,Ростов-на-..,,5.0,159000.0,,150.0,0.0,Очная,Русский,государственный,,0.0,11.976665770490767,0,0,0,0
40,02.03.02 | Фундаментальные информатика и информационные технологии,Фундаментальная информатика и информационные технологии,Институт компьютерных наук и технологий ПГНИУ,Бакалавриат,Пермский государственный национальный исследовательский университет,Пермь,58.0,,,183.0,,0.0,Очная,Русский,государственный,,0.0,,0,0,0,0
41,02.03.02 | Фундаментальные информатика и информационные технологии,Фундаментальная информатика и информационные технологии,Институт математики и информационных технологий ИГУ,Бакалавриат,Иркутский государственный университет,Иркутск,25.0,25.0,192500.0,164.0,,0.0,Очная,Русский,государственный,50.0,0.5,12.167856627501678,0,0,0,0
42,02.03.02 | Фундаментальные информатика и информационные технологии,Фундаментальная информатика и информационные технологии,Институт прикладной математики и компьютерных наук ТГУ,Бакалавриат,Национальный исследовательский Томский государственный университет,Томск,59.0,15.0,177000.0,226.0,,0.0,Очная,Русский,государственный,74.0,0.7972972972972973,12.083910661257521,0,0,0,0
43,02.03.02 | Фундаментальные информатика и информационные технологии,Фундаментальная информатика и информационные технологии,Институт математики и информационных технологий ОГУ,Бакалавриат,Оренбургский государственный университет,Оренбург,20.0,100.0,153000.0,181.0,119.0,0.0,Очная,Русский,государственный,120.0,0.16666666666666666,11.938199736300925,0,0,2,1
44,02.03.02 | Фундаментальные информатика и информационные технологии,Фундаментальная информатика и информационные технологии,Высшая школа компьютерных наук и искусственного интеллекта БФУ им. И. Канта,Бакалавриат,Балтийский федеральный университет имени Иммануила Канта,Калинингра..,30.0,10.0,151500.0,210.0,147.0,0.0,Очная,Русский,государственный,40.0,0.75,11.928347504569842,0,0,0,0
45,01.03.01 | Математика,Математический анализ и его приложения,Механико-математический факультет НГУ,Бакалавриат,Новосибирский национальный исследовательский государственный университет,Новосибирс..,6.0,2.0,210000.0,222.0,,0.0,Очная,Русский,государственный,8.0,0.75,12.25486757159303,0,0,0,0
46,01.03.01 | Математика,Математический анализ и его приложения,Институт математики и фундаментальной информатики СФУ,Бакалавриат,Сибирский федеральный университет,Красноярск,20.0,2.0,222000.0,191.0,,0.0,Очная,Русский,государственный,22.0,0.9090909090909091,12.310437165348775,0,0,0,0
47,01.03.01 | Математика,Математические основы компьютерных наук,"Институт математики, информационных технологий и физики УдГУ",Бакалавриат,Удмуртский государственный университет,Ижевск,12.0,10.0,140700.0,113.0,119.0,0.0,Очная,Русский,государственный,22.0,0.5454545454545454,11.854392350397763,0,0,0,0
48,01.03.02 | Прикладная математика и информатика,Системное программирование и компьютерные технологии,Факультет вычислительной математики и кибернетики МГУ,Бакалавриат,Московский государственный университет имени М.В. Ломоносова,Москва,104.0,40.0,512810.0,423.0,300.0,0.0,Очная,Русский,государственный,144.0,0.7222222222222222,13.147662635216566,0,0,1,2
49,01.03.02 | Прикладная математика и информатика,Системное программирование и компьютерные технологии,Институт искусственного интеллекта РТУ МИРЭА,Бакалавриат,МИРЭА - Российский технологический университет,Москва,30.0,150.0,299000.0,273.0,,0.0,Очная,Русский,государственный,180.0,0.16666666666666666,12.608202196848836,0,0,1,2
50,01.03.02 | Прикладная математика и информатика,Системное программирование и компьютерные технологии,Институт искусственного интеллекта РТУ МИРЭА,Бакалавриат,МИРЭА - Российский технологический университет,Москва,,15.0,299000.0,,160.0,0.0,Очная,Русский,государственный,,0.0,12.608202196848836,0,0,0,0
51,01.03.02 | Прикладная математика и информатика,Системное программирование и компьютерные технологии,Физико-механический институт СПбПУ,Бакалавриат,Санкт-Петербургский политехнический университет Петра Великого,Санкт-Пете..,26.0,8.0,302000.0,271.0,,0.0,Очная,Русский,государственный,34.0,0.7647058823529411,12.618185607609803,0,0,0,0
52,01.03.02 | Прикладная математика и информатика,Системное программирование и компьютерные технологии,"Институт математики, информационных технологий и физики УдГУ",Бакалавриат,Удмуртский государственный университет,Ижевск,20.0,10.0,140700.0,172.0,,0.0,Очная,Русский,государственный,30.0,0.6666666666666666,11.854392350397763,0,0,0,0
53,01.03.02 | Прикладная математика и информатика,Системное программирование и компьютерные технологии,Институт математики и компьютерных технологий ДВФУ,Бакалавриат,Дальневосточный федеральный университет,Владивосто..,50.0,5.0,248000.0,192.0,,0.0,Очная,Русский,государственный,55.0,0.9090909090909091,12.421188057397055,0,0,0,0
54,01.03.02 | Прикладная математика и информатика,Системное программирование и компьютерные технологии,Физико-математический факультет БГУ,Бакалавриат,Брянский государственный университет имени академика И.Г. Петровского,Брянск,17.0,15.0,144540.0,210.0,,0.0,Очная,Русский,государственный,32.0,0.53125,11.881318483313109,0,0,0,0
55,01.03.02 | Прикладная математика и информатика,Системное программирование и компьютерные технологии,Физико-математический факультет КЧГУ имени У.Д. Алиева,Бакалавриат,Карачаево-Черкесский государственный университет имени У.Д. Алиева,Карачаевск,36.0,10.0,134000.0,139.0,119.0,0.0,Очная,Русский,государственный,46.0,0.782608695652174,11.80560254159177,0,0,0,0
56,01.03.02 | Прикладная математика и информатика,Системное программирование и компьютерные технологии,Институт естественных наук и техносферной безопасности СахГУ,Бакалавриат,Сахалинский государственный университет,Южно-Сахал..,25.0,25.0,307350.0,161.0,,0.0,Очная,Русский,государственный,50.0,0.5,12.635745695949515,0,0,0,0
57,01.03.02 | Прикладная математика и информатика,Системное программирование и компьютерные технологии,Естественно-научный институт ДВГУПС,Бакалавриат,Дальневосточный государственный университет путей сообщения,Хабаровск,25.0,5.0,204600.0,177.0,,0.0,Очная,Русский,государственный,30.0,0.8333333333333334,12.22881702007325,0,0,0,0
58,01.03.02 | Прикладная математика и информатика,Системное программирование и компьютерные технологии,Факультет компьютерных технологий и энергетики ДГТУ в г. Махачкала,Бакалавриат,Дагестанский государственный технический университет,Махачкала,12.0,2.0,106410.0,184.0,,0.0,Очная,Русский,государственный,14.0,0.8571428571428571,11.575064234004627,0,0,0,0
59,01.03.02 | Прикладная математика и информатика,Системное программирование и компьютерные технологии,Факультет СФТИ НИЯУ МИФИ,Бакалавриат,Снежинский физико-технический институт (филиал НИЯУ МИФИ),Снежинск,,5.0,154340.0,,119.0,0.0,Очная,Русский,государственный,,0.0,11.946919719192367,0,0,2,1
60,01.03.03 | Механика и математическое моделирование,Математическое моделирование и компьютерный инжиниринг,Факультет Фундаментальные науки(ФН),Бакалавриат,Московский государственный технический университет им. Н.Э. Баумана,Москва,36.0,52.0,399000.0,271.0,135.0,0.0,Очная,Русский,государственный,88.0,0.4090909090909091,12.896719202134523,0,0,1,2
61,01.03.03 | Механика и математическое моделирование,Математическое моделирование и компьютерный инжиниринг,Механико-математический факультет НГУ,Бакалавриат,Новосибирский национальный исследовательский государственный университет,Новосибирс..,8.0,3.0,210000.0,222.0,,0.0,Очная,Русский,государственный,11.0,0.7272727272727273,12.25486757159303,0,0,0,0
62,01.03.03 | Механика и математическое моделирование,Математическое моделирование и компьютерный инжиниринг,Институт естественных и точных наук ЮУрГУ,Бакалавриат,Южно-Уральский государственный университет (национальный исследовательский университет),Челябинск,20.0,3.0,150600.0,205.0,119.0,0.0,Очная,Русский,государственный,23.0,0.8695652173913043,11.922389234432126,0,0,0,0
63,01.03.03 | Механика и математическое моделирование,Математическое моделирование и компьютерный инжиниринг,Физико-математический институт ПГНИУ,Бакалавриат,Пермский государственный национальный исследовательский университет,Пермь,25.0,5.0,153000.0,158.0,119.0,0.0,Очная,Русский,государственный,30.0,0.8333333333333334,11.938199736300925,0,0,0,0
64,01.03.03 | Механика и математическое моделирование,Математическое моделирование и компьютерный инжиниринг,"Институт математики, информационных технологий и физики УдГУ",Бакалавриат,Удмуртский государственный университет,Ижевск,12.0,10.0,140700.0,122.0,119.0,0.0,Очная,Русский,государственный,22.0,0.5454545454545454,11.854392350397763,0,0,0,0
65,01.03.03 | Механика и математическое моделирование,Математическое моделирование и компьютерный инжиниринг,"Факультет прикладной математики, информатики и механики ВГУ",Бакалавриат,Воронежский государственный университет,Воронеж,30.0,10.0,153200.0,162.0,119.0,0.0,Очная,Русский,государственный,40.0,0.75,11.939506063682469,0,0,0,0
66,01.03.03 | Механика и математическое моделирование,Математическое моделирование и компьютерный инжиниринг,Институт компьютерных наук ЛГТУ,Бакалавриат,Липецкий государственный технический университет,Липецк,20.0,5.0,135497.0,126.0,119.0,0.0,Очная,Русский,государственный,25.0,0.8,11.816712159045359,0,0,0,0
67,02.03.01 | Математика и компьютерные науки,Математические основы компьютерных наук,Математико-механический факультет СПбГУ,Бакалавриат,Санкт-Петербургский государственный университет,Санкт-Пете..,20.0,6.0,365000.0,264.0,,0.0,Очная,Русский,государственный,26.0,0.7692307692307693,12.807655372286902,0,0,0,0
68,02.03.01 | Математика и компьютерные науки,Математические основы компьютерных наук,Институт естественных наук и математики,Бакалавриат,Уральский федеральный университет имени первого Президента России Б. Н. Ельцина,Екатеринбург,75.0,30.0,196000.0,240.0,,0.0,Очная,Русский,государственный,105.0,0.7142857142857143,12.185875040240456,0,0,1,2
69,02.03.01 | Математика и компьютерные науки,Математические основы компьютерных наук,Механико-математический факультет СГУ им. Чернышевского,Бакалавриат,Саратовский национальный исследовательский государственный университет имени Н.Г. Чернышевского,Саратов,30.0,10.0,119052.0,162.0,,0.0,Очная,Русский,государственный,40.0,0.75,11.687324051093517,0,0,0,0
70,02.03.01 | Математика и компьютерные науки,Математические основы компьютерных наук,Факультет математики и информационных технологий АлтГУ,Бакалавриат,Алтайский государственный университет,Барнаул,20.0,3.0,151390.0,177.0,,0.0,Очная,Русский,государственный,23.0,0.8695652173913043,11.927621173040215,0,0,0,0
71,02.03.01 | Математика и компьютерные науки,Математические основы компьютерных наук,Факультет автоматики и вычислительной техники ВятГУ,Бакалавриат,Вятский государственный университет,Киров,23.0,30.0,198500.0,180.0,119.0,0.0,Очная,Русский,государственный,53.0,0.4339622641509434,12.198549416880068,0,0,0,0
72,02.03.01 | Математика и компьютерные науки,Математическое и компьютерное моделирование,Факультет Фундаментальные науки(ФН),Бакалавриат,Московский государственный технический университет им. Н.Э. Баумана,Москва,10.0,8.0,459000.0,281.0,,0.0,Очная,Русский,государственный,18.0,0.5555555555555556,13.036807667689546,0,0,1,2
73,02.03.01 | Математика и компьютерные науки,Математическое и компьютерное моделирование,Институт математики и фундаментальной информатики СФУ,Бакалавриат,Сибирский федеральный университет,Красноярск,45.0,2.0,222000.0,193.0,,0.0,Очная,Русский,государственный,47.0,0.9574468085106383,12.310437165348775,0,0,0,0
74,02.03.01 | Математика и компьютерные науки,Математическое и компьютерное моделирование,Факультет математики и компьютерных наук КубГУ,Бакалавриат,Кубанский государственный университет,Краснодар,20.0,8.0,170000.0,197.0,,0.0,Очная,Русский,государственный,28.0,0.7142857142857143,12.04355959836804,0,0,0,0
75,02.03.01 | Математика и компьютерные науки,Математическое и компьютерное моделирование,"Институт математики, информационных технологий и физики УдГУ",Бакалавриат,Удмуртский государственный университет,Ижевск,20.0,10.0,140700.0,114.0,119.0,0.0,Очная,Русский,государственный,30.0,0.6666666666666666,11.854392350397763,0,0,0,0
76,02.03.01 | Математика и компьютерные науки,Математическое и компьютерное моделирование,Математический факультет ВГУ,Бакалавриат,Воронежский государственный университет,Воронеж,47.0,10.0,153200.0,169.0,,0.0,Очная,Русский,государственный,57.0,0.8245614035087719,11.939506063682469,0,0,0,0
77,02.03.01 | Математика и компьютерные науки,Математическое и компьютерное моделирование,Факультет математики и компьютерных наук ДГУ,Бакалавриат,Дагестанский государственный университет,Махачкала,19.0,10.0,106410.0,143.0,119.0,0.0,Очная,Русский,государственный,29.0,0.6551724137931034,11.575064234004627,0,0,0,0
78,02.03.01 | Математика и компьютерные науки,Математическое и компьютерное моделирование,Институт фундаментальных наук КемГУ,Бакалавриат,Кемеровский государственный университет,Кемерово,20.0,4.0,161000.0,142.0,,0.0,Очная,Русский,государственный,24.0,0.8333333333333334,11.989165855127435,0,0,0,0
79,02.03.01 | Математика и компьютерные науки,Математическое и компьютерное моделирование,Инженерный факультет ВГСХА,Бакалавриат,Вятский государственный агротехнологический университет,Киров,,30.0,136000.0,,99.0,0.0,Очная,Русский,государственный,,0.0,11.820417517632333,0,0,2,1
80,02.03.01 | Математика и компьютерные науки,Математическое и компьютерное моделирование,Математический факультет ТвГУ,Бакалавриат,Тверской государственный университет,Тверь,24.0,8.0,139900.0,158.0,,0.0,Очная,Русский,государственный,32.0,0.75,11.848690308590857,0,0,0,0
81,38.03.05 | Бизнес-информатика,Бизнес-информатика,Высшая школа бизнеса НИУ ВШЭ,Бакалавриат,Национальный исследовательский университет «Высшая школа экономики»,Москва,130.0,130.0,850000.0,288.0,,0.0,Очная,Русский,государственный,260.0,0.5,13.652992804936396,0,0,1,2
82,38.03.05 | Бизнес-информатика,Бизнес-информатика,Институт информационных систем управления,Бакалавриат,Государственный университет управления,Москва,8.0,75.0,316000.0,257.0,,0.0,Очная,Русский,государственный,83.0,0.0963855421686747,12.663500657121004,0,0,1,2
83,38.03.05 | Бизнес-информатика,Бизнес-информатика,Институт информационных систем управления,Бакалавриат,Государственный университет управления,Москва,,20.0,140000.0,,,0.0,Очно-заочная,Русский,государственный,,0.0,11.849404844423074,0,0,2,1
84,38.03.05 | Бизнес-информатика,Бизнес-информатика,Факультет технологического менеджмента и инноваций Университета ИТМО,Бакалавриат,Национальный исследовательский университет ИТМО,Санкт-Пете..,59.0,170.0,459000.0,268.0,180.0,0.0,Очная,Русский,государственный,229.0,0.2576419213973799,13.036807667689546,0,0,1,2
85,38.03.05 | Бизнес-информатика,Бизнес-информатика,Факультет управления бизнесом,Бакалавриат,Институт бизнеса и дизайна,Москва,,50.0,312000.0,,,0.0,Очная,Русский,негосударственный,,0.0,12.650761671914688,0,0,0,0
86,38.03.05 | Бизнес-информатика,Бизнес-информатика,Экономический факультет СПбГУ,Бакалавриат,Санкт-Петербургский государственный университет,Санкт-Пете..,15.0,85.0,381400.0,270.0,,0.0,Очная,Русский,государственный,100.0,0.15,12.851606594064263,0,0,1,2
87,38.03.05 | Бизнес-информатика,Бизнес-информатика,Инженерно-экономический факультет СПбГМТУ,Бакалавриат,"Санкт-Петербургский государственный морской технический университет ""Корабелка""",Санкт-Пете..,12.0,50.0,238500.0,254.0,,0.0,Очная,Русский,государственный,62.0,0.1935483870967742,12.38212878217386,0,0,0,0
88,38.03.05 | Бизнес-информатика,Бизнес-информатика,Факультет строительства и управления СЗУ,Бакалавриат,Северо-Западный университет,Санкт-Пете..,,25.0,180000.0,,95.0,0.0,Очная,Русский,негосударственный,,0.0,12.100717685412471,0,0,2,1
89,38.03.05 | Бизнес-информатика,Бизнес-информатика,Экономический факультет НГУ,Бакалавриат,Новосибирский национальный исследовательский государственный университет,Новосибирс..,30.0,25.0,250000.0,248.0,,0.0,Очная,Русский,государственный,55.0,0.5454545454545454,12.429220196836383,0,0,0,0
90,38.03.05 | Бизнес-информатика,Бизнес-информатика,Факультет экономики и управления НГАУ,Бакалавриат,Новосибирский государственный аграрный университет,Новосибирс..,,30.0,154610.0,,114.0,0.0,Очная,Русский,государственный,,0.0,11.948667563962665,0,0,2,1
91,38.03.05 | Бизнес-информатика,Бизнес-информатика,Факультет экономики и управления НГАУ,Бакалавриат,Новосибирский государственный аграрный университет,Новосибирс..,,30.0,68054.0,,,0.0,Очно-заочная,Русский,государственный,,0.0,11.128071480766174,0,0,2,1
92,38.03.05 | Бизнес-информатика,Бизнес-информатика,Институт вычислительной математики и информационных технологий КФУ,Бакалавриат,Казанский (Приволжский) федеральный университет,Казань,10.0,46.0,253080.0,265.0,,0.0,Очная,Русский,государственный,56.0,0.17857142857142858,12.441464874572755,0,0,0,0
93,38.03.05 | Бизнес-информатика,Бизнес-информатика,Институт экономики и управления УРФУ,Бакалавриат,Уральский федеральный университет имени первого Президента России Б. Н. Ельцина,Екатеринбург,20.0,150.0,263000.0,266.0,,0.0,Очная,Русский,государственный,170.0,0.11764705882352941,12.479913113434042,0,0,1,2
94,38.03.05 | Бизнес-информатика,Бизнес-информатика,Институт национальной и мировой экономики СГЭУ,Бакалавриат,Самарский государственный экономический университет,Самара,,30.0,199000.0,,116.0,0.0,Очная,Русский,государственный,,0.0,12.201065128819632,0,0,0,0
95,38.03.05 | Бизнес-информатика,Бизнес-информатика,Институт управления бизнес-процессами и экономики СФУ,Бакалавриат,Сибирский федеральный университет,Красноярск,9.0,61.0,222000.0,253.0,,0.0,Очная,Русский,государственный,70.0,0.12857142857142856,12.310437165348775,0,0,0,0
96,38.03.05 | Бизнес-информатика,Бизнес-информатика,Экономический факультет ПГНИУ,Бакалавриат,Пермский государственный национальный исследовательский университет,Пермь,23.0,37.0,153000.0,232.0,114.0,0.0,Очная,Русский,государственный,60.0,0.38333333333333336,11.938199736300925,0,0,0,0
97,38.03.05 | Бизнес-информатика,Бизнес-информатика,Факультет экономики и управления ВолгГТУ,Бакалавриат,Волгоградский государственный технический университет,Волгоград,10.0,25.0,131480.0,245.0,,0.0,Очная,Русский,государственный,35.0,0.2857142857142857,11.786617633468733,0,0,2,1
98,38.03.05 | Бизнес-информатика,Бизнес-информатика,Школа экономики и менеджмента ДВФУ,Бакалавриат,Дальневосточный федеральный университет,Владивосто..,25.0,10.0,264000.0,241.0,,0.0,Очная,Русский,государственный,35.0,0.7142857142857143,12.483708170000067,0,0,0,0
99,38.03.05 | Бизнес-информатика,Бизнес-информатика,Инженерно-экономический факультет РГРТУ,Бакалавриат,Рязанский государственный радиотехнический университет,Рязань,,60.0,159000.0,,,0.0,Очная,Русский,государственный,,0.0,11.976665770490767,0,0,2,1
100,38.03.05 | Бизнес-информатика,Бизнес-информатика,Инженерно-экономический факультет РГРТУ,Бакалавриат,Рязанский государственный радиотехнический университет,Рязань,,30.0,80000.0,,116.0,0.0,Очно-заочная,Русский,государственный,,0.0,11.289794413577894,0,0,2,1
101,38.03.05 | Бизнес-информатика,Бизнес-информатика,Институт инженерных и цифровых технологий,Бакалавриат,Белгородский государственный национальный исследовательский университет,Белгород,14.0,23.0,139960.0,212.0,,0.0,Очная,Русский,государственный,37.0,0.3783783783783784,11.849119091354643,0,0,0,0
102,38.03.05 | Бизнес-информатика,Бизнес-информатика,"Факультет информатики, математики и компьютерных наук филиала НИУ ВШЭ в Нижнем Новгороде",Бакалавриат,Национальный исследовательский университет «Высшая школа экономики» в Нижнем Новгороде,Нижний Нов..,65.0,40.0,390000.0,251.0,,0.0,Очная,Русский,государственный,105.0,0.6190476190476191,12.873904582205107,0,0,1,2
103,38.03.05 | Бизнес-информатика,Бизнес-информатика,Школа экономики и менеджмента НИУ ВШЭ в Санкт-Петербурге,Бакалавриат,Национальный исследовательский университет «Высшая школа экономики» — Санкт-Петербург,Санкт-Пете..,25.0,45.0,490000.0,277.0,,0.0,Очная,Русский,государственный,70.0,0.35714285714285715,13.102162710901053,0,0,1,2
104,38.03.05 | Бизнес-информатика,Бизнес-информатика,Факультет экономики и финансов филиала РАНХиГС в Санкт-Петербурге,Бакалавриат,РАНХиГС Санкт-Петербург,Санкт-Пете..,20.0,125.0,305000.0,258.0,,0.0,Очная,Русский,государственный,145.0,0.13793103448275862,12.628070334272698,0,0,1,2
105,38.03.05 | Бизнес-информатика,Бизнес-информатика,"Институт математики, физики и информационных технологий ЧГУ им. А.А. Кадырова",Бакалавриат,Чеченский государственный университет имени Ахмата Абдулхамидовича Кадырова,Грозный,50.0,20.0,113525.0,169.0,,0.0,Очная,Русский,государственный,70.0,0.7142857142857143,11.639787164559817,0,0,0,0
106,38.03.05 | Бизнес-информатика,Бизнес-информатика,Экономический факультет ГИЭФПТ,Бакалавриат,"Государственный институт экономики, финансов, права и технологий",Гатчина,20.0,10.0,165430.0,181.0,,0.0,Очная,Русский,государственный,30.0,0.6666666666666666,12.0163094684356,0,0,0,0
107,38.03.05 | Бизнес-информатика,Бизнес-информатика,Экономический факультет ГИЭФПТ,Бакалавриат,"Государственный институт экономики, финансов, права и технологий",Гатчина,10.0,20.0,98600.0,,116.0,0.0,Очно-заочная,Русский,государственный,30.0,0.3333333333333333,11.498836682527127,0,0,2,1
108,38.03.05 | Бизнес-информатика,Бизнес-информатика,Факультет ЮУ (ИУБиП),Бакалавриат,"Южный Университет (Институт Управления, Бизнеса и Права)",Ростов-на-..,,10.0,50000.0,,,0.0,Очно-заочная,Русский,негосударственный,,0.0,10.819798284210286,0,0,2,1
109,38.03.05 | Бизнес-информатика,Бизнес-информатика,Экономический факультет МелГУ,Бакалавриат,Мелитопольский государственный университет,Мелитополь,15.0,55.0,107000.0,256.0,,0.0,Очная,Русский,государственный,70.0,0.21428571428571427,11.580593459194764,0,0,2,1
110,02.03.02 | Фундаментальные информатика и информационные технологии,Информатика и компьютерные науки,Компьютерные науки и прикладная математика МАИ,Бакалавриат,Московский авиационный институт,Москва,125.0,40.0,353740.0,269.0,,0.0,Очная,Русский,государственный,165.0,0.7575757575757576,12.776320285919827,0,0,1,2
111,02.03.02 | Фундаментальные информатика и информационные технологии,Информатика и компьютерные науки,Факультет компьютерных технологий и информационной безопасности РГЭУ (РИНХ),Бакалавриат,Ростовский государственный экономический университет (РИНХ),Ростов-на-..,7.0,30.0,135000.0,167.0,,0.0,Очная,Русский,государственный,37.0,0.1891891891891892,11.813037464800539,0,0,0,0
112,02.03.02 | Фундаментальные информатика и информационные технологии,Информатика и компьютерные науки,Факультет компьютерных технологий и информационной безопасности РГЭУ (РИНХ),Бакалавриат,Ростовский государственный экономический университет (РИНХ),Ростов-на-..,,20.0,65000.0,,119.0,0.0,Очно-заочная,Русский,государственный,,0.0,11.082157933374816,0,0,2,1
113,02.03.02 | Фундаментальные информатика и информационные технологии,Информатика и компьютерные науки,Факультет компьютерных технологий и информационной безопасности РГЭУ (РИНХ),Бакалавриат,Ростовский государственный экономический университет (РИНХ),Ростов-на-..,,30.0,65000.0,,119.0,0.0,Очно-заочная,Русский,государственный,,0.0,11.082157933374816,0,0,2,1
114,02.03.02 | Фундаментальные информатика и информационные технологии,Информатика и компьютерные науки,Факультет компьютерных технологий и информационной безопасности РГЭУ (РИНХ),Бакалавриат,Ростовский государственный экономический университет (РИНХ),Ростов-на-..,,10.0,65000.0,,119.0,0.0,Очно-заочная,Русский,государственный,,0.0,11.082157933374816,0,0,2,1
115,02.03.02 | Фундаментальные информатика и информационные технологии,Информатика и компьютерные науки,Факультет компьютерных наук и информационных технологий СГУ им. Чернышевского,Бакалавриат,Саратовский национальный исследовательский государственный университет имени Н.Г. Чернышевского,Саратов,20.0,20.0,119052.0,248.0,,0.0,Очная,Русский,государственный,40.0,0.5,11.687324051093517,0,0,0,0
116,02.03.02 | Фундаментальные информатика и информационные технологии,Информатика и компьютерные науки,Институт цифры КемГУ,Бакалавриат,Кемеровский государственный университет,Кемерово,25.0,5.0,161000.0,187.0,119.0,0.0,Очная,Русский,государственный,30.0,0.8333333333333334,11.989165855127435,0,0,0,0
117,03.03.01 | Прикладные математика и физика,Математическое моделирование физических процессов,"Институт математики, информационных технологий и физики УдГУ",Бакалавриат,Удмуртский государственный университет,Ижевск,11.0,5.0,159400.0,,119.0,0.0,Очная,Русский,государственный,16.0,0.6875,11.979178318844294,0,0,0,0
118,03.03.01 | Прикладные математика и физика,Компьютерное моделирование и управление нелинейными системами,Физико-математический институт ПГНИУ,Бакалавриат,Пермский государственный национальный исследовательский университет,Пермь,20.0,5.0,173000.0,142.0,119.0,0.0,Очная,Русский,государственный,25.0,0.8,12.06105265381003,0,0,0,0
119,01.03.03 | Механика и математическое моделирование,Механика и математическое моделирование,Механико-математический факультет НГУ,Бакалавриат,Новосибирский национальный исследовательский государственный университет,Новосибирс..,10.0,4.0,210000.0,222.0,,0.0,Очная,Русский,государственный,14.0,0.7142857142857143,12.25486757159303,0,0,0,0
120,01.03.03 | Механика и математическое моделирование,Механика и математическое моделирование,Институт математики и механики им.Н.И.Лобачевского КФУ,Бакалавриат,Казанский (Приволжский) федеральный университет,Казань,50.0,5.0,165000.0,199.0,119.0,0.0,Очная,Русский,государственный,55.0,0.9090909090909091,12.013706813470414,0,0,0,0
121,01.03.03 | Механика и математическое моделирование,Механика и математическое моделирование,Институт естественных наук и математики,Бакалавриат,Уральский федеральный университет имени первого Президента России Б. Н. Ельцина,Екатеринбург,25.0,2.0,196000.0,205.0,119.0,0.0,Очная,Русский,государственный,27.0,0.9259259259259259,12.185875040240456,0,0,0,0
122,09.03.01 | Информатика и вычислительная техника,"Вычислительные машины, комплексы, системы и сети","Факультет Информатика, искусственный интеллект и системы управления (ИУ)",Бакалавриат,Московский государственный технический университет им. Н.Э. Баумана,Москва,28.0,19.0,449000.0,277.0,,0.0,Очная,Русский,государственный,47.0,0.5957446808510638,13.014780393893403,0,0,1,2
123,09.03.01 | Информатика и вычислительная техника,"Вычислительные машины, комплексы, системы и сети","Информатика, кибернетика и электроэнергетика МАИ",Бакалавриат,Московский авиационный институт,Москва,25.0,5.0,406210.0,253.0,,0.0,Очная,Русский,государственный,30.0,0.8333333333333334,12.91462800801779,0,0,0,0
124,09.03.01 | Информатика и вычислительная техника,"Вычислительные машины, комплексы, системы и сети",Институт информационных и вычислительных технологий НИУ МЭИ,Бакалавриат,Национальный исследовательский университет «МЭИ»,Москва,47.0,18.0,390000.0,248.0,,0.0,Очная,Русский,государственный,65.0,0.7230769230769231,12.873904582205107,0,0,1,2
125,09.03.01 | Информатика и вычислительная техника,"Вычислительные машины, комплексы, системы и сети",Институт управления и цифровых технологий ИУЦТ МИИТ,Бакалавриат,Российский университет транспорта,Москва,35.0,4.0,350000.0,223.0,,0.0,Очная,Русский,государственный,39.0,0.8974358974358975,12.765691290604371,0,0,0,0
126,09.03.01 | Информатика и вычислительная техника,"Вычислительные машины, комплексы, системы и сети",Физтех-школа радиотехники и компьютерных технологий,Бакалавриат,Московский физико-технический институт (Государственный университет),Москва,16.0,8.0,767000.0,,,0.0,Очная,Русский,государственный,24.0,0.6666666666666666,13.550243384129509,0,0,1,2
127,09.03.01 | Информатика и вычислительная техника,"Вычислительные машины, комплексы, системы и сети","Факультет Архитектуры, строительства и дизайна МГТУ-МАСИ",Бакалавриат,Московский гуманитарно-технологический университет – Московский архитектурно-строительный институт,Москва,,35.0,348000.0,,,0.0,Очная,Русский,негосударственный,,0.0,12.759960632315702,0,0,0,0
128,09.03.01 | Информатика и вычислительная техника,"Вычислительные машины, комплексы, системы и сети","Факультет Архитектуры, строительства и дизайна МГТУ-МАСИ",Бакалавриат,Московский гуманитарно-технологический университет – Московский архитектурно-строительный институт,Москва,,30.0,90000.0,,99.0,0.0,Заочная,Русский,негосударственный,,0.0,11.407576060361786,0,0,2,1
129,09.03.01 | Информатика и вычислительная техника,"Вычислительные машины, комплексы, системы и сети","Факультет Архитектуры, строительства и дизайна МГТУ-МАСИ",Бакалавриат,Московский гуманитарно-технологический университет – Московский архитектурно-строительный институт,Москва,,4.0,348000.0,,99.0,0.0,Очная,Русский,негосударственный,,0.0,12.759960632315702,0,0,0,0
130,09.03.01 | Информатика и вычислительная техника,"Вычислительные машины, комплексы, системы и сети","Факультет Архитектуры, строительства и дизайна МГТУ-МАСИ",Бакалавриат,Московский гуманитарно-технологический университет – Московский архитектурно-строительный институт,Москва,,5.0,90000.0,,99.0,0.0,Заочная,Русский,негосударственный,,0.0,11.407576060361786,0,0,2,1
131,09.03.01 | Информатика и вычислительная техника,"Вычислительные машины, комплексы, системы и сети","Факультет Архитектуры, строительства и дизайна МГТУ-МАСИ",Бакалавриат,Московский гуманитарно-технологический университет – Московский архитектурно-строительный институт,Москва,,10.0,348000.0,,99.0,0.0,Очная,Русский,негосударственный,,0.0,12.759960632315702,0,0,0,0
132,09.03.01 | Информатика и вычислительная техника,"Вычислительные машины, комплексы, системы и сети","Факультет Архитектуры, строительства и дизайна МГТУ-МАСИ",Бакалавриат,Московский гуманитарно-технологический университет – Московский архитектурно-строительный институт,Москва,,15.0,90000.0,,99.0,0.0,Заочная,Русский,негосударственный,,0.0,11.407576060361786,0,0,2,1
133,09.03.01 | Информатика и вычислительная техника,"Вычислительные машины, комплексы, системы и сети",Факультет МФЮА,Бакалавриат,Московский финансово-юридический университет,Москва,,150.0,348000.0,,85.0,0.0,Очная,Русский,негосударственный,,0.0,12.759960632315702,0,0,0,0
134,09.03.01 | Информатика и вычислительная техника,"Вычислительные машины, комплексы, системы и сети",Факультет МФЮА,Бакалавриат,Московский финансово-юридический университет,Москва,,50.0,136000.0,,85.0,0.0,Очно-заочная,Русский,негосударственный,,0.0,11.820417517632333,0,0,2,1
135,09.03.01 | Информатика и вычислительная техника,"Вычислительные машины, комплексы, системы и сети",Факультет МФЮА,Бакалавриат,Московский финансово-юридический университет,Москва,,50.0,90000.0,,85.0,0.0,Заочная,Русский,негосударственный,,0.0,11.407576060361786,0,0,2,1
136,09.03.01 | Информатика и вычислительная техника,"Вычислительные машины, комплексы, системы и сети",Институт компьютерных наук и кибербезопасности СПбПУ,Бакалавриат,Санкт-Петербургский политехнический университет Петра Великого,Санкт-Пете..,55.0,60.0,360000.0,261.0,,0.0,Очная,Русский,государственный,115.0,0.4782608695652174,12.793862088206213,0,0,1,2
137,09.03.01 | Информатика и вычислительная техника,"Вычислительные машины, комплексы, системы и сети",Высшая школа электроники и компьютерных наук ЮУрГУ,Бакалавриат,Южно-Уральский государственный университет (национальный исследовательский университет),Челябинск,25.0,10.0,191000.0,203.0,119.0,0.0,Очная,Русский,государственный,35.0,0.7142857142857143,12.160033942617156,0,0,0,0
138,09.03.01 | Информатика и вычислительная техника,"Вычислительные машины, комплексы, системы и сети",Высшая школа электроники и компьютерных наук ЮУрГУ,Бакалавриат,Южно-Уральский государственный университет (национальный исследовательский университет),Челябинск,,35.0,72500.0,,119.0,0.0,Заочная,Русский,государственный,,0.0,11.19135563385109,0,0,2,1
139,09.03.01 | Информатика и вычислительная техника,"Вычислительные машины, комплексы, системы и сети",Факультет информационных технологий и компьютерных систем ОмГТУ,Бакалавриат,Омский государственный технический университет,Омск,26.0,4.0,161400.0,200.0,,0.0,Очная,Русский,государственный,30.0,0.8666666666666667,11.991647230585656,0,0,0,0
140,09.03.01 | Информатика и вычислительная техника,"Вычислительные машины, комплексы, системы и сети","Институт математики, информационных технологий и физики УдГУ",Бакалавриат,Удмуртский государственный университет,Ижевск,20.0,15.0,159400.0,110.0,119.0,0.0,Очная,Русский,государственный,35.0,0.5714285714285714,11.979178318844294,0,0,0,0
141,09.03.01 | Информатика и вычислительная техника,"Вычислительные машины, комплексы, системы и сети",Факультет «Информационные технологии» ИжГТУ имени М. Т. Калашникова,Бакалавриат,Ижевский государственный технический университет им. М.Т. Калашникова,Ижевск,51.0,5.0,160500.0,132.0,124.0,0.0,Очная,Русский,государственный,56.0,0.9107142857142857,11.986055452062393,0,0,0,0
142,09.03.01 | Информатика и вычислительная техника,"Вычислительные машины, комплексы, системы и сети",Факультет «Информационные технологии» ИжГТУ имени М. Т. Калашникова,Бакалавриат,Ижевский государственный технический университет им. М.Т. Калашникова,Ижевск,,40.0,52900.0,,,0.0,Заочная,Русский,государственный,,0.0,10.876177521259402,0,0,2,1
143,09.03.01 | Информатика и вычислительная техника,"Вычислительные машины, комплексы, системы и сети",Факультет информационных технологий и компьютерной безопасности ВГТУ,Бакалавриат,Воронежский государственный технический университет,Воронеж,45.0,25.0,151400.0,181.0,118.0,0.0,Очная,Русский,государственный,70.0,0.6428571428571429,11.927687224983487,0,0,0,0
144,09.03.01 | Информатика и вычислительная техника,"Вычислительные машины, комплексы, системы и сети",Факультет информационных технологий и компьютерной безопасности ВГТУ,Бакалавриат,Воронежский государственный технический университет,Воронеж,26.0,25.0,45400.0,227.0,118.0,0.0,Заочная,Русский,государственный,51.0,0.5098039215686274,10.723289410218579,0,0,2,1
145,09.03.01 | Информатика и вычислительная техника,"Вычислительные машины, комплексы, системы и сети",Факультет электроники и вычислительной техники ВолгГТУ,Бакалавриат,Волгоградский государственный технический университет,Волгоград,31.0,16.0,149530.0,219.0,,0.0,Очная,Русский,государственный,47.0,0.6595744680851063,11.91525900817674,0,0,0,0
146,09.03.01 | Информатика и вычислительная техника,"Вычислительные машины, комплексы, системы и сети",Факультет электроники и вычислительной техники ВолгГТУ,Бакалавриат,Волгоградский государственный технический университет,Волгоград,10.0,30.0,60000.0,138.0,119.0,0.0,Очно-заочная,Русский,государственный,40.0,0.25,11.002116507732017,0,0,2,1
147,09.03.01 | Информатика и вычислительная техника,"Вычислительные машины, комплексы, системы и сети",Факультет электроники и вычислительной техники ВолгГТУ,Бакалавриат,Волгоградский государственный технический университет,Волгоград,,20.0,58000.0,,,0.0,Заочная,Русский,государственный,,0.0,10.968215530759236,0,0,2,1
148,09.03.01 | Информатика и вычислительная техника,"Вычислительные машины, комплексы, системы и сети",Факультет электроники и вычислительной техники ВолгГТУ,Бакалавриат,Волгоградский государственный технический университет,Волгоград,,90.0,58000.0,,,0.0,Заочная,Русский,государственный,,0.0,10.968215530759236,0,0,2,1
149,09.03.01 | Информатика и вычислительная техника,"Вычислительные машины, комплексы, системы и сети",Факультет компьютерных наук и информационных технологий СГУ им. Чернышевского,Бакалавриат,Саратовский национальный исследовательский государственный университет имени Н.Г. Чернышевского,Саратов,35.0,10.0,135888.0,208.0,,0.0,Очная,Русский,государственный,45.0,0.7777777777777778,11.819593654994243,0,0,0,0
150,09.03.01 | Информатика и вычислительная техника,"Вычислительные машины, комплексы, системы и сети",Институт прикладных информационных технологий и коммуникаций СГТУ,Бакалавриат,Саратовский государственный технический университет им. Гагарина Ю.А.,Саратов,31.0,29.0,137030.0,169.0,,0.0,Очная,Русский,государственный,60.0,0.5166666666666667,11.827962456585661,0,0,0,0
151,09.03.01 | Информатика и вычислительная техника,"Вычислительные машины, комплексы, системы и сети",Институт прикладных информационных технологий и коммуникаций СГТУ,Бакалавриат,Саратовский государственный технический университет им. Гагарина Ю.А.,Саратов,30.0,20.0,58380.0,187.0,,0.0,Заочная,Русский,государственный,50.0,0.6,10.974745773415224,0,0,2,1
152,09.03.01 | Информатика и вычислительная техника,"Вычислительные машины, комплексы, системы и сети",Институт информационных технологий и анализа данных,Бакалавриат,Иркутский национальный исследовательский технический университет,Иркутск,33.0,66.0,215800.0,209.0,,0.0,Очная,Русский,государственный,99.0,0.3333333333333333,12.282111965715732,0,0,0,0
153,09.03.01 | Информатика и вычислительная техника,"Вычислительные машины, комплексы, системы и сети",Институт информационных технологий и анализа данных,Бакалавриат,Иркутский национальный исследовательский технический университет,Иркутск,5.0,45.0,74000.0,243.0,,0.0,Заочная,Русский,государственный,50.0,0.1,11.211833885608513,0,0,2,1
154,09.03.01 | Информатика и вычислительная техника,"Вычислительные машины, комплексы, системы и сети",Институт математики и информационных технологий ОГУ,Бакалавриат,Оренбургский государственный университет,Оренбург,25.0,100.0,175000.0,175.0,119.0,0.0,Очная,Русский,государственный,125.0,0.2,12.07254696717504,0,0,0,0
155,09.03.01 | Информатика и вычислительная техника,"Вычислительные машины, комплексы, системы и сети",Политехнический институт ПГУ,Бакалавриат,Пензенский государственный университет,Пенза,22.0,6.0,144645.0,211.0,,0.0,Очная,Русский,государственный,28.0,0.7857142857142857,11.88204465706652,0,0,0,0
156,09.03.01 | Информатика и вычислительная техника,"Вычислительные машины, комплексы, системы и сети",Институт информационных технологий и управляющих систем БГТУ им. В.Г. Шухова,Бакалавриат,Белгородский государственный технологический университет им. В.Г. Шухова,Белгород,20.0,6.0,158800.0,167.0,,0.0,Очная,Русский,государственный,26.0,0.7692307692307693,11.975407125004564,0,0,0,0
157,09.03.01 | Информатика и вычислительная техника,"Вычислительные машины, комплексы, системы и сети","Факультет филиала ""Восход"" МАИ в Байконуре",Бакалавриат,Байконурский филиал «Восход» Московского авиационного института (национального исследовательского университета),Астана,15.0,10.0,256570.0,166.0,119.0,0.0,Очная,Русский,государственный,25.0,0.6,12.455160708408954,0,0,0,0
158,09.03.01 | Информатика и вычислительная техника,"Вычислительные машины, комплексы, системы и сети",Факультет филиала «Стрела» в Жуковском,Бакалавриат,Жуковский филиал «Стрела» Московского авиационного института (национального исследовательского университета),Москва,6.0,20.0,240110.0,243.0,,0.0,Очная,Русский,государственный,26.0,0.23076923076923078,12.388856595403968,0,0,0,0
159,09.03.01 | Информатика и вычислительная техника,"Вычислительные машины, комплексы, системы и сети",Факультет филиала «Стрела» в Жуковском,Бакалавриат,Жуковский филиал «Стрела» Московского авиационного института (национального исследовательского университета),Москва,,25.0,73000.0,,,0.0,Очно-заочная,Русский,государственный,,0.0,11.19822841866684,0,0,2,1
160,09.03.01 | Информатика и вычислительная техника,"Вычислительные машины, комплексы, системы и сети","Школа информатики, физики и технологий НИУ ВШЭ — Санкт-Петербург",Бакалавриат,Национальный исследовательский университет «Высшая школа экономики» — Санкт-Петербург,Санкт-Пете..,13.0,40.0,420000.0,278.0,190.0,0.0,Очная,Русский,государственный,53.0,0.24528301886792453,12.948012371209098,0,0,1,2
161,09.03.01 | Информатика и вычислительная техника,"Вычислительные машины, комплексы, системы и сети","Факультет филиала НИУ ""МЭИ"" в Смоленске",Бакалавриат,Смоленский филиал Национального исследовательского университета «МЭИ»,Смоленск,16.0,8.0,150000.0,180.0,,0.0,Очная,Русский,государственный,24.0,0.6666666666666666,11.918397239722838,0,0,0,0
162,09.03.01 | Информатика и вычислительная техника,"Вычислительные машины, комплексы, системы и сети","Факультет филиала НИУ ""МЭИ"" в Смоленске",Бакалавриат,Смоленский филиал Национального исследовательского университета «МЭИ»,Смоленск,,37.0,60000.0,,,0.0,Заочная,Русский,государственный,,0.0,11.002116507732017,0,0,2,1
163,09.03.01 | Информатика и вычислительная техника,"Вычислительные машины, комплексы, системы и сети",Факультет филиала СамГТУ в г. Сызрань,Бакалавриат,Сызранский филиал Самарского государственного технического университета,Самара,25.0,50.0,164220.0,165.0,,0.0,Очная,Русский,государственный,75.0,0.3333333333333333,12.008968360636517,0,0,0,0
164,09.03.01 | Информатика и вычислительная техника,"Вычислительные машины, комплексы, системы и сети",Факультет филиала СамГТУ в г. Сызрань,Бакалавриат,Сызранский филиал Самарского государственного технического университета,Самара,,100.0,66990.0,,,0.0,Заочная,Русский,государственный,,0.0,11.112313560992032,0,0,2,1
165,09.03.01 | Информатика и вычислительная техника,"Вычислительные машины, комплексы, системы и сети",Институт компьютерных технологий и защиты информации КНИТУ-КАИ,Бакалавриат,Казанский национальный исследовательский технический университет им. А.Н.Туполева-КАИ,Казань,43.0,10.0,173800.0,239.0,,0.0,Очная,Русский,государственный,53.0,0.8113207547169812,12.065666245536807,0,0,0,0
166,09.03.01 | Информатика и вычислительная техника,"Вычислительные машины, комплексы, системы и сети",Факультет фундаментальной и прикладной информатики ЮЗГУ,Бакалавриат,Юго-Западный государственный университет,Курск,12.0,20.0,150000.0,203.0,,0.0,Очная,Русский,государственный,32.0,0.375,11.918397239722838,0,0,0,0
167,09.03.01 | Информатика и вычислительная техника,"Вычислительные машины, комплексы, системы и сети",Факультет информатики и вычислительной техники ПГТУ,Бакалавриат,Поволжский государственный технологический университет,Йошкар-Ола,37.0,2.0,140940.0,193.0,,0.0,Очная,Русский,государственный,39.0,0.9487179487179487,11.856096642073666,0,0,0,0
168,09.03.01 | Информатика и вычислительная техника,"Вычислительные машины, комплексы, системы и сети",Факультет компьютерных наук и технологий ВСГУТУ,Бакалавриат,Восточно-Сибирский государственный университет технологий и управления,Улан-Удэ,29.0,5.0,179000.0,120.0,119.0,0.0,Очная,Русский,государственный,34.0,0.8529411764705882,12.095146671399466,0,0,0,0
169,09.03.01 | Информатика и вычислительная техника,"Вычислительные машины, комплексы, системы и сети",Факультет компьютерных наук и технологий ВСГУТУ,Бакалавриат,Восточно-Сибирский государственный университет технологий и управления,Улан-Удэ,10.0,10.0,56000.0,210.0,,0.0,Заочная,Русский,государственный,20.0,0.5,10.933124826700707,0,0,2,1
170,09.03.01 | Информатика и вычислительная техника,"Вычислительные машины, комплексы, системы и сети",Факультет информатики и вычислительной техники ЧувГУ,Бакалавриат,Чувашский государственный университет имени И.Н. Ульянова,Чебоксары,55.0,6.0,140830.0,188.0,,0.0,Очная,Русский,государственный,61.0,0.9016393442622951,11.855315868926667,0,0,0,0
171,09.03.01 | Информатика и вычислительная техника,"Вычислительные машины, комплексы, системы и сети",Факультет информатики и вычислительной техники ЧувГУ,Бакалавриат,Чувашский государственный университет имени И.Н. Ульянова,Чебоксары,,10.0,43000.0,,119.0,0.0,Очно-заочная,Русский,государственный,,0.0,10.668978650219241,0,0,2,1
172,09.03.01 | Информатика и вычислительная техника,"Вычислительные машины, комплексы, системы и сети",Факультет информационных технологий ТвГТУ,Бакалавриат,Тверской государственный технический университет,Тверь,50.0,15.0,151988.0,170.0,,0.0,Очная,Русский,государственный,65.0,0.7692307692307693,11.93156342878864,0,0,0,0
173,09.03.01 | Информатика и вычислительная техника,"Вычислительные машины, комплексы, системы и сети",Факультет информационных технологий ТвГТУ,Бакалавриат,Тверской государственный технический университет,Тверь,,25.0,67390.0,,,0.0,Заочная,Русский,государственный,,0.0,11.11826675682705,0,0,2,1
174,09.03.01 | Информатика и вычислительная техника,"Вычислительные машины, комплексы, системы и сети",Факультет компьютерных технологий и энергетики ДГТУ в г. Махачкала,Бакалавриат,Дагестанский государственный технический университет,Махачкала,6.0,1.0,122184.0,183.0,119.0,0.0,Очная,Русский,государственный,7.0,0.8571428571428571,11.71329156859445,0,0,0,0
175,09.03.01 | Информатика и вычислительная техника,"Вычислительные машины, комплексы, системы и сети",Институт интеллектуальных кибернетических систем ИАТЭ НИЯУ МИФИ,Бакалавриат,Обнинский институт атомной энергетики (филиал НИЯУ МИФИ),Обнинск,20.0,5.0,190000.0,190.0,,0.0,Очная,Русский,государственный,25.0,0.8,12.154784614286667,0,0,0,0
176,09.03.01 | Информатика и вычислительная техника,"Вычислительные машины, комплексы, системы и сети",Факультет информационных технологий и электроники СарФТИ НИЯУ МИФИ,Бакалавриат,Саровский физико-технический институт (филиал НИЯУ МИФИ),Саров,6.0,5.0,171612.0,219.0,,0.0,Очная,Русский,государственный,11.0,0.5454545454545454,12.052997220742297,0,0,0,0
177,09.03.01 | Информатика и вычислительная техника,"Вычислительные машины, комплексы, системы и сети",Факультет информационных технологий и электроники СарФТИ НИЯУ МИФИ,Бакалавриат,Саровский физико-технический институт (филиал НИЯУ МИФИ),Саров,,4.0,89768.0,,119.0,0.0,Очно-заочная,Русский,государственный,,0.0,11.404994983109765,0,0,2,1
178,09.03.01 | Информатика и вычислительная техника,"Вычислительные машины, комплексы, системы и сети",Факультет информационных технологий и электроники СарФТИ НИЯУ МИФИ,Бакалавриат,Саровский физико-технический институт (филиал НИЯУ МИФИ),Саров,,4.0,89768.0,,,0.0,Очно-заочная,Русский,государственный,,0.0,11.404994983109765,0,0,2,1
179,09.03.01 | Информатика и вычислительная техника,"Вычислительные машины, комплексы, системы и сети",Факультет информационных технологий и электроники СарФТИ НИЯУ МИФИ,Бакалавриат,Саровский физико-технический институт (филиал НИЯУ МИФИ),Саров,,4.0,89768.0,,,0.0,Очно-заочная,Русский,государственный,,0.0,11.404994983109765,0,0,2,1
180,09.03.01 | Информатика и вычислительная техника,"Вычислительные машины, комплексы, системы и сети",Факультет высшего образования ЧФ КНИТУ-КАИ,Бакалавриат,Чистопольский филиал «Восток» Казанского национального исследовательского технического университета им. А.Н. Туполева-КАИ,Чистополь,20.0,15.0,173374.0,130.0,119.0,0.0,Очная,Русский,государственный,35.0,0.5714285714285714,12.063212157617132,0,0,0,0
181,09.03.01 | Информатика и вычислительная техника,"Вычислительные машины, комплексы, системы и сети",Факультет высшего образования ЧФ КНИТУ-КАИ,Бакалавриат,Чистопольский филиал «Восток» Казанского национального исследовательского технического университета им. А.Н. Туполева-КАИ,Чистополь,,25.0,59613.0,,119.0,0.0,Заочная,Русский,государственный,,0.0,10.995645724797772,0,0,2,1
182,09.03.01 | Информатика и вычислительная техника,"Вычислительные машины, комплексы, системы и сети",Факультет основных образовательных программ РОСИ,Бакалавриат,Региональный открытый социальный институт,Курск,,10.0,90000.0,,99.0,0.0,Очная,Русский,негосударственный,,0.0,11.407576060361786,0,0,2,1
183,09.03.01 | Информатика и вычислительная техника,"Вычислительные машины, комплексы, системы и сети",Факультет основных образовательных программ РОСИ,Бакалавриат,Региональный открытый социальный институт,Курск,,10.0,40000.0,,,0.0,Заочная,Русский,негосударственный,,0.0,10.596659732783579,0,0,2,1
184,09.03.01 | Информатика и вычислительная техника,"Вычислительные машины, комплексы, системы и сети",Факультет АМТИ КубГТУ,Бакалавриат,Армавирский механико-технологический институт (филиал) Кубанского государственного технологического университета,Армавир,,30.0,187038.0,,,0.0,Очная,Русский,государственный,,0.0,12.139072430241646,0,0,0,0
185,09.03.01 | Информатика и вычислительная техника,"Вычислительные машины, комплексы, системы и сети",Факультет АМТИ КубГТУ,Бакалавриат,Армавирский механико-технологический институт (филиал) Кубанского государственного технологического университета,Армавир,,40.0,74816.0,,,0.0,Заочная,Русский,государственный,,0.0,11.222800410867308,0,0,2,1
186,09.03.01 | Информатика и вычислительная техника,"Вычислительные машины, комплексы, системы и сети",Факультет СКФ БГТУ им. В.Г. Шухова,Бакалавриат,Северо-Кавказский филиал Белгородского государственного технологического университета им. В.Г. Шухова,Минеральны..,8.0,20.0,139540.0,185.0,,0.0,Очная,Русский,государственный,28.0,0.2857142857142857,11.846113743871447,0,0,0,0
187,09.03.01 | Информатика и вычислительная техника,"Вычислительные машины, комплексы, системы и сети",Факультет СКФ БГТУ им. В.Г. Шухова,Бакалавриат,Северо-Кавказский филиал Белгородского государственного технологического университета им. В.Г. Шухова,Минеральны..,,20.0,46560.0,,,0.0,Заочная,Русский,государственный,,0.0,10.748518559837908,0,0,2,1
188,09.03.01 | Информатика и вычислительная техника,Автоматизированные системы обработки информации и управления,Факультет автоматики и вычислительной техники,Бакалавриат,Российский государственный университет нефти и газа им. И.М. Губкина,Москва,30.0,8.0,470000.0,254.0,,0.0,Очная,Русский,государственный,38.0,0.7894736842105263,13.060490101343552,0,0,1,2
189,09.03.01 | Информатика и вычислительная техника,Автоматизированные системы обработки информации и управления,Факультет управления МАДИ,Бакалавриат,Московский автомобильно-дорожный государственный технический университет (МАДИ),Москва,29.0,20.0,381600.0,217.0,,0.0,Очная,Русский,государственный,49.0,0.5918367346938775,12.852130839097908,0,0,0,0
190,09.03.01 | Информатика и вычислительная техника,Автоматизированные системы обработки информации и управления,Факультет управления МАДИ,Бакалавриат,Московский автомобильно-дорожный государственный технический университет (МАДИ),Москва,18.0,50.0,103800.0,217.0,,0.0,Заочная,Русский,государственный,68.0,0.2647058823529412,11.550230883578887,0,0,2,1
191,09.03.01 | Информатика и вычислительная техника,Автоматизированные системы обработки информации и управления,Факультет управления МАДИ,Бакалавриат,Московский автомобильно-дорожный государственный технический университет (МАДИ),Москва,25.0,25.0,142200.0,171.0,,0.0,Очно-заочная,Русский,государственный,50.0,0.5,11.864996828675356,0,0,0,0
192,09.03.01 | Информатика и вычислительная техника,Автоматизированные системы обработки информации и управления,"Факультет ""И"" Информационные и управляющие системы",Бакалавриат,Балтийский государственный технический университет «ВОЕНМЕХ» имени Д. Ф. Устинова,Санкт-Пете..,50.0,10.0,275800.0,221.0,,0.0,Очная,Русский,государственный,60.0,0.8333333333333334,12.527434870150573,0,0,0,0
193,09.03.01 | Информатика и вычислительная техника,Автоматизированные системы обработки информации и управления,Институт базового инженерного образования,Бакалавриат,Санкт-Петербургский Горный университет,Санкт-Пете..,46.0,25.0,800000.0,214.0,124.0,0.0,Очная,Русский,государственный,71.0,0.647887323943662,13.592368256649284,0,0,1,2
194,09.03.01 | Информатика и вычислительная техника,Автоматизированные системы обработки информации и управления,Факультет информационных технологий и управления СПбГТИ,Бакалавриат,Санкт-Петербургский государственный технологический институт (технический университет),Санкт-Пете..,42.0,1.0,268500.0,215.0,,0.0,Очная,Русский,государственный,43.0,0.9767441860465116,12.500609917318906,0,0,0,0
195,09.03.01 | Информатика и вычислительная техника,Автоматизированные системы обработки информации и управления,Факультет информационных технологий и управления СПбГТИ,Бакалавриат,Санкт-Петербургский государственный технологический институт (технический университет),Санкт-Пете..,3.0,90.0,75500.0,,,0.0,Заочная,Русский,государственный,93.0,0.03225806451612903,11.231901180182515,0,0,2,1
196,09.03.01 | Информатика и вычислительная техника,Автоматизированные системы обработки информации и управления,"Институт управления, автоматизации и информационных технологий КНИТУ",Бакалавриат,Казанский национальный исследовательский технологический университет,Казань,58.0,17.0,187800.0,214.0,,0.0,Очная,Русский,государственный,75.0,0.7733333333333333,12.143138170555755,0,0,0,0
197,09.03.01 | Информатика и вычислительная техника,Автоматизированные системы обработки информации и управления,"Институт управления, автоматизации и информационных технологий КНИТУ",Бакалавриат,Казанский национальный исследовательский технологический университет,Казань,,30.0,72000.0,,,0.0,Заочная,Русский,государственный,,0.0,11.184435286790631,0,0,2,1
198,09.03.01 | Информатика и вычислительная техника,Автоматизированные системы обработки информации и управления,Высшая школа электроники и компьютерных наук ЮУрГУ,Бакалавриат,Южно-Уральский государственный университет (национальный исследовательский университет),Челябинск,,35.0,72500.0,,119.0,0.0,Заочная,Русский,государственный,,0.0,11.19135563385109,0,0,2,1
199,09.03.01 | Информатика и вычислительная техника,Автоматизированные системы обработки информации и управления,Высшая школа электроники и компьютерных наук ЮУрГУ,Бакалавриат,Южно-Уральский государственный университет (национальный исследовательский университет),Челябинск,25.0,10.0,191000.0,203.0,119.0,0.0,Очная,Русский,государственный,35.0,0.7142857142857143,12.160033942617156,0,0,0,0
200,09.03.01 | Информатика и вычислительная техника,Автоматизированные системы обработки информации и управления,Факультет информационных технологий и компьютерных систем ОмГТУ,Бакалавриат,Омский государственный технический университет,Омск,26.0,4.0,161400.0,200.0,,0.0,Очная,Русский,государственный,30.0,0.8666666666666667,11.991647230585656,0,0,0,0
201,09.03.01 | Информатика и вычислительная техника,Автоматизированные системы обработки информации и управления,Факультет информационных технологий и компьютерных систем ОмГТУ,Бакалавриат,Омский государственный технический университет,Омск,,100.0,80000.0,,,0.0,Заочная,Русский,государственный,,0.0,11.289794413577894,0,0,2,1
202,09.03.01 | Информатика и вычислительная техника,Автоматизированные системы обработки информации и управления,"Институт ""Информационные системы, экономика и управление"" СибАДИ",Бакалавриат,Сибирский государственный автомобильно-дорожный университет,Омск,30.0,2.0,164478.0,164.0,,0.0,Очная,Русский,государственный,32.0,0.9375,12.010538181463918,0,0,0,0
203,09.03.01 | Информатика и вычислительная техника,Автоматизированные системы обработки информации и управления,Электротехнический факультет ПНИПУ,Бакалавриат,Пермский национальный исследовательский политехнический университет,Пермь,25.0,7.0,183000.0,214.0,,0.0,Очная,Русский,государственный,32.0,0.78125,12.117246896289503,0,0,0,0
204,09.03.01 | Информатика и вычислительная техника,Автоматизированные системы обработки информации и управления,Электротехнический факультет ПНИПУ,Бакалавриат,Пермский национальный исследовательский политехнический университет,Пермь,,50.0,75000.0,,,0.0,Заочная,Русский,государственный,,0.0,11.225256725762893,0,0,2,1
205,09.03.01 | Информатика и вычислительная техника,Автоматизированные системы обработки информации и управления,Факультет «Информационные технологии» ИжГТУ имени М. Т. Калашникова,Бакалавриат,Ижевский государственный технический университет им. М.Т. Калашникова,Ижевск,51.0,5.0,160500.0,139.0,124.0,0.0,Очная,Русский,государственный,56.0,0.9107142857142857,11.986055452062393,0,0,0,0
206,09.03.01 | Информатика и вычислительная техника,Автоматизированные системы обработки информации и управления,Факультет «Информационные технологии» ИжГТУ имени М. Т. Калашникова,Бакалавриат,Ижевский государственный технический университет им. М.Т. Калашникова,Ижевск,,40.0,52900.0,,,0.0,Заочная,Русский,государственный,,0.0,10.876177521259402,0,0,2,1
207,09.03.01 | Информатика и вычислительная техника,Автоматизированные системы обработки информации и управления,Факультет ВИВТ,Бакалавриат,Воронежский институт высоких технологий,Воронеж,25.0,10.0,151310.0,212.0,,0.0,Очная,Русский,негосударственный,35.0,0.7142857142857143,11.927092600372294,0,0,0,0
208,09.03.01 | Информатика и вычислительная техника,Автоматизированные системы обработки информации и управления,Факультет ВИВТ,Бакалавриат,Воронежский институт высоких технологий,Воронеж,12.0,60.0,47900.0,231.0,,0.0,Заочная,Русский,негосударственный,72.0,0.16666666666666666,10.776891660007811,0,0,2,1
209,09.03.01 | Информатика и вычислительная техника,Автоматизированные системы обработки информации и управления,Институт информационных технологий и анализа данных,Бакалавриат,Иркутский национальный исследовательский технический университет,Иркутск,33.0,66.0,215800.0,209.0,,0.0,Очная,Русский,государственный,99.0,0.3333333333333333,12.282111965715732,0,0,0,0
210,09.03.01 | Информатика и вычислительная техника,Автоматизированные системы обработки информации и управления,Институт информационных технологий и анализа данных,Бакалавриат,Иркутский национальный исследовательский технический университет,Иркутск,5.0,45.0,74000.0,243.0,,0.0,Заочная,Русский,государственный,50.0,0.1,11.211833885608513,0,0,2,1
211,09.03.01 | Информатика и вычислительная техника,Автоматизированные системы обработки информации и управления,Высшая школа цифровых технологий ТИУ,Бакалавриат,Тюменский индустриальный университет,Тюмень,24.0,3.0,262500.0,212.0,,0.0,Очная,Русский,государственный,27.0,0.8888888888888888,12.47801017053037,0,0,0,0
212,09.03.01 | Информатика и вычислительная техника,Автоматизированные системы обработки информации и управления,Высшая школа цифровых технологий ТИУ,Бакалавриат,Тюменский индустриальный университет,Тюмень,,70.0,94400.0,,,0.0,Заочная,Русский,государственный,,0.0,11.455306945297822,0,0,2,1
213,09.03.01 | Информатика и вычислительная техника,Автоматизированные системы обработки информации и управления,Институт управления рисками и комплексной безопасности ОГАУ,Бакалавриат,Оренбургский государственный аграрный университет,Оренбург,,35.0,60000.0,,,0.0,Очно-заочная,Русский,государственный,,0.0,11.002116507732017,0,0,2,1
214,09.03.01 | Информатика и вычислительная техника,Автоматизированные системы обработки информации и управления,"Факультет филиала ""Восход"" МАИ в Байконуре",Бакалавриат,Байконурский филиал «Восход» Московского авиационного института (национального исследовательского университета),Астана,,25.0,85660.0,,,0.0,Очно-заочная,Русский,государственный,,0.0,11.358152925161459,0,0,2,1
215,09.03.01 | Информатика и вычислительная техника,Автоматизированные системы обработки информации и управления,Факультет филиала «Стрела» в Жуковском,Бакалавриат,Жуковский филиал «Стрела» Московского авиационного института (национального исследовательского университета),Москва,6.0,20.0,240110.0,243.0,,0.0,Очная,Русский,государственный,26.0,0.23076923076923078,12.388856595403968,0,0,0,0
216,09.03.01 | Информатика и вычислительная техника,Автоматизированные системы обработки информации и управления,Факультет филиала «Стрела» в Жуковском,Бакалавриат,Жуковский филиал «Стрела» Московского авиационного института (национального исследовательского университета),Москва,,25.0,73000.0,,,0.0,Очно-заочная,Русский,государственный,,0.0,11.19822841866684,0,0,2,1
217,09.03.01 | Информатика и вычислительная техника,Автоматизированные системы обработки информации и управления,Факультет филиала МАИ в Ступино,Бакалавриат,Ступинский филиал Московского авиационного института (национального исследовательского университета),Москва,11.0,19.0,240110.0,219.0,,0.0,Очная,Русский,государственный,30.0,0.36666666666666664,12.388856595403968,0,0,0,0
218,09.03.01 | Информатика и вычислительная техника,Автоматизированные системы обработки информации и управления,Факультет филиала МАИ в Ступино,Бакалавриат,Ступинский филиал Московского авиационного института (национального исследовательского университета),Москва,,30.0,77000.0,,,0.0,Очно-заочная,Русский,государственный,,0.0,11.251573687764477,0,0,2,1
219,09.03.01 | Информатика и вычислительная техника,Автоматизированные системы обработки информации и управления,"Факультет филиала НИУ ""МЭИ"" в Смоленске",Бакалавриат,Смоленский филиал Национального исследовательского университета «МЭИ»,Смоленск,18.0,9.0,150000.0,180.0,119.0,0.0,Очная,Русский,государственный,27.0,0.6666666666666666,11.918397239722838,0,0,0,0
220,09.03.01 | Информатика и вычислительная техника,Автоматизированные системы обработки информации и управления,Факультет «Кибернетика» филиала РХТУ им Д.И. Менделеева в Новомосковске,Бакалавриат,Новомосковский институт (филиал) Российского химико-технологического университета имени Д.И. Менделеева,Новомосковск,20.0,15.0,169500.0,183.0,119.0,0.0,Очная,Русский,государственный,35.0,0.5714285714285714,12.040614105490253,0,0,0,0
221,09.03.01 | Информатика и вычислительная техника,Автоматизированные системы обработки информации и управления,Факультет «Кибернетика» филиала РХТУ им Д.И. Менделеева в Новомосковске,Бакалавриат,Новомосковский институт (филиал) Российского химико-технологического университета имени Д.И. Менделеева,Новомосковск,,40.0,49000.0,,,0.0,Заочная,Русский,государственный,,0.0,10.799595985047786,0,0,2,1
222,09.03.01 | Информатика и вычислительная техника,Автоматизированные системы обработки информации и управления,Факультет Волжского филиала МАДИ,Бакалавриат,Волжский филиал Московского автомобильно-дорожного государственного технического университета,Чебоксары,24.0,15.0,151800.0,157.0,119.0,0.0,Очная,Русский,государственный,39.0,0.6153846153846154,11.930325731537252,0,0,0,0
223,09.03.01 | Информатика и вычислительная техника,Автоматизированные системы обработки информации и управления,Факультет Волжского филиала МАДИ,Бакалавриат,Волжский филиал Московского автомобильно-дорожного государственного технического университета,Чебоксары,9.0,50.0,47400.0,224.0,,0.0,Заочная,Русский,государственный,59.0,0.15254237288135594,10.766398604507042,0,0,2,1
224,09.03.01 | Информатика и вычислительная техника,Автоматизированные системы обработки информации и управления,Факультет информационных технологий НХТИ КНИТУ,Бакалавриат,Нижнекамский химико-технологический институт (филиал КНИТУ),Нижнекамск,20.0,5.0,187800.0,205.0,,0.0,Очная,Русский,государственный,25.0,0.8,12.143138170555755,0,0,0,0
225,09.03.01 | Информатика и вычислительная техника,Автоматизированные системы обработки информации и управления,Факультет информационных технологий НХТИ КНИТУ,Бакалавриат,Нижнекамский химико-технологический институт (филиал КНИТУ),Нижнекамск,,25.0,72000.0,,,0.0,Заочная,Русский,государственный,,0.0,11.184435286790631,0,0,2,1
226,09.03.01 | Информатика и вычислительная техника,Автоматизированные системы обработки информации и управления,Факультет филиала ОГУ в г. Кумертау,Бакалавриат,Кумертауский филиал Оренбургского государственного университета,Уфа,,100.0,63100.0,,118.0,0.0,Заочная,Русский,государственный,,0.0,11.052491896264268,0,0,2,1
227,09.03.01 | Информатика и вычислительная техника,Автоматизированные системы обработки информации и управления,Факультет филиала ОГУ в г. Кумертау,Бакалавриат,Кумертауский филиал Оренбургского государственного университета,Уфа,10.0,100.0,172900.0,110.0,118.0,0.0,Очная,Русский,государственный,110.0,0.09090909090909091,12.06047445534465,0,0,0,0
228,09.03.01 | Информатика и вычислительная техника,Автоматизированные системы обработки информации и управления,Институт информатики и телекоммуникаций СибГУ им. М.Ф. Решетнева,Бакалавриат,Сибирский государственный университет науки и технологий имени академика М.Ф. Решетнева,Красноярск,49.0,6.0,247200.0,166.0,,0.0,Очная,Русский,государственный,55.0,0.8909090909090909,12.417957049864935,0,0,0,0
229,09.03.01 | Информатика и вычислительная техника,Автоматизированные системы обработки информации и управления,Факультет информационных систем и технологий УлГТУ,Бакалавриат,Ульяновский государственный технический университет,Ульяновск,,50.0,38000.0,,,0.0,Заочная,Русский,государственный,,0.0,10.545367754151743,0,0,2,1
230,09.03.01 | Информатика и вычислительная техника,Автоматизированные системы обработки информации и управления,Институт компьютерных наук ЛГТУ,Бакалавриат,Липецкий государственный технический университет,Липецк,42.0,6.0,153823.0,182.0,,0.0,Очная,Русский,государственный,48.0,0.875,11.943564370693688,0,0,0,0
231,09.03.01 | Информатика и вычислительная техника,Автоматизированные системы обработки информации и управления,Институт электроники и светотехники МГУ им. Н. П. Огарёва,Бакалавриат,Национальный исследовательский Мордовский государственный университет им. Н.П.Огарева,Саранск,50.0,5.0,135400.0,186.0,,0.0,Очная,Русский,государственный,55.0,0.9090909090909091,11.81599602495741,0,0,0,0
232,09.03.01 | Информатика и вычислительная техника,Автоматизированные системы обработки информации и управления,Факультет Рязанский филиал МосПолитеха,Бакалавриат,Рязанский институт (филиал) Московского Политехнического университета,Рязань,20.0,40.0,160000.0,198.0,,0.0,Очная,Русский,государственный,60.0,0.3333333333333333,11.982935344196433,0,0,0,0
233,09.03.01 | Информатика и вычислительная техника,Автоматизированные системы обработки информации и управления,Факультет Рязанский филиал МосПолитеха,Бакалавриат,Рязанский институт (филиал) Московского Политехнического университета,Рязань,5.0,60.0,40853.0,266.0,,0.0,Заочная,Русский,государственный,65.0,0.07692307692307693,10.617760014711022,0,0,2,1
234,09.03.01 | Информатика и вычислительная техника,Автоматизированные системы обработки информации и управления,Политехнический институт СурГУ,Бакалавриат,Сургутский государственный университет,Сургут,20.0,8.0,238500.0,173.0,123.0,0.0,Очная,Русский,государственный,28.0,0.7142857142857143,12.38212878217386,0,0,0,0
235,09.03.01 | Информатика и вычислительная техника,Автоматизированные системы обработки информации и управления,Политехнический институт СурГУ,Бакалавриат,Сургутский государственный университет,Сургут,,30.0,98600.0,,123.0,0.0,Заочная,Русский,государственный,,0.0,11.498836682527127,0,0,2,1
236,09.03.01 | Информатика и вычислительная техника,Автоматизированные системы обработки информации и управления,"Факультет экономики, управления и информационных технологий УГТУ",Бакалавриат,Ухтинский государственный технический университет,Ухта,35.0,2.0,245000.0,123.0,119.0,0.0,Очная,Русский,государственный,37.0,0.9459459459459459,12.409017571151187,0,0,0,0
237,09.03.01 | Информатика и вычислительная техника,Автоматизированные системы обработки информации и управления,Факультет НТИ НИЯУ МИФИ,Бакалавриат,Новоуральский технологический институт (филиал НИЯУ МИФИ),Новоуральс..,,20.0,50250.0,,,0.0,Очно-заочная,Русский,государственный,,0.0,10.824785726220822,0,0,2,1
238,09.03.01 | Информатика и вычислительная техника,Автоматизированные системы обработки информации и управления,Факультет высшего образования ГФ БГТУ им. В.Г. Шухова,Бакалавриат,Губкинский филиал Белгородского государственного технологического университета им. В.Г. Шухова,Губкин,5.0,5.0,158800.0,152.0,119.0,0.0,Очная,Русский,государственный,10.0,0.5,11.975407125004564,0,0,0,0
239,09.03.01 | Информатика и вычислительная техника,Автоматизированные системы обработки информации и управления,Факультет высшего образования ГФ БГТУ им. В.Г. Шухова,Бакалавриат,Губкинский филиал Белгородского государственного технологического университета им. В.Г. Шухова,Губкин,5.0,5.0,50100.0,175.0,119.0,0.0,Заочная,Русский,государственный,10.0,0.5,10.821796246953596,0,0,2,1
240,09.03.01 | Информатика и вычислительная техника,Автоматизированные системы обработки информации и управления,Технологический факультет ВФ ИжГТУ имени М.Т. Калашникова,Бакалавриат,Воткинский филиал Ижевского государственного технического университета имени М.Т. Калашникова,Воткинск,,12.0,160500.0,,124.0,0.0,Очная,Русский,государственный,,0.0,11.986055452062393,0,0,2,1
241,09.03.01 | Информатика и вычислительная техника,Автоматизированные системы обработки информации и управления,Технологический факультет ВФ ИжГТУ имени М.Т. Калашникова,Бакалавриат,Воткинский филиал Ижевского государственного технического университета имени М.Т. Калашникова,Воткинск,,25.0,53190.0,,,0.0,Заочная,Русский,государственный,,0.0,10.88164448808605,0,0,2,1
242,09.03.01 | Информатика и вычислительная техника,Автоматизированные системы обработки информации и управления,Факультет высшего образования ГИЭИ (филиал) ИжГТУ имени М.Т. Калашникова,Бакалавриат,Глазовский инженерно-экономический институт (филиал) Ижевского государственного технического университета имени М.Т. Калашникова,Глазов,12.0,3.0,160500.0,140.0,123.0,0.0,Очная,Русский,государственный,15.0,0.8,11.986055452062393,0,0,0,0
243,09.03.01 | Информатика и вычислительная техника,Автоматизированные системы обработки информации и управления,Факультет высшего образования КТИ (филиал) ВолгГТУ,Бакалавриат,Камышинский технологический институт (филиал) Волгоградского государственного технического университета,Камышин,30.0,10.0,149530.0,169.0,,0.0,Очная,Русский,государственный,40.0,0.75,11.91525900817674,0,0,0,0
244,09.03.01 | Информатика и вычислительная техника,Автоматизированные системы обработки информации и управления,Факультет высшего образования КТИ (филиал) ВолгГТУ,Бакалавриат,Камышинский технологический институт (филиал) Волгоградского государственного технического университета,Камышин,,40.0,58000.0,,,0.0,Заочная,Русский,государственный,,0.0,10.968215530759236,0,0,2,1
245,09.03.01 | Информатика и вычислительная техника,Автоматизированные системы обработки информации и управления,Факультет высшего образования ЧФ ПНИПУ,Бакалавриат,Чайковский филиал Пермского национального исследовательского политехнического университета,Чайковский,12.0,5.0,171000.0,184.0,119.0,0.0,Очная,Русский,государственный,17.0,0.7058823529411765,12.049424683420915,0,0,0,0
246,09.03.01 | Информатика и вычислительная техника,Автоматизированные системы обработки информации и управления,Факультет высшего образования ЧФ ПНИПУ,Бакалавриат,Чайковский филиал Пермского национального исследовательского политехнического университета,Чайковский,,18.0,66800.0,,,0.0,Заочная,Русский,государственный,,0.0,11.109473329472568,0,0,2,1
247,09.03.01 | Информатика и вычислительная техника,Автоматизированные системы обработки информации и управления,Факультет высшего образования АФ КНИТУ-КАИ,Бакалавриат,Альметьевский филиал Казанского национального исследовательского технического университета им. А.Н.Туполева-КАИ,Альметьевс..,17.0,10.0,173735.0,183.0,119.0,0.0,Очная,Русский,государственный,27.0,0.6296296296296297,12.065292184641088,0,0,0,0
248,09.03.01 | Информатика и вычислительная техника,Автоматизированные системы обработки информации и управления,Факультет высшего образования АФ КНИТУ-КАИ,Бакалавриат,Альметьевский филиал Казанского национального исследовательского технического университета им. А.Н.Туполева-КАИ,Альметьевс..,,15.0,61000.0,,,0.0,Заочная,Русский,государственный,,0.0,11.0186455364637,0,0,2,1
249,09.03.01 | Информатика и вычислительная техника,Автоматизированные системы обработки информации и управления,Факультет высшего образования НЧФ КНИТУ-КАИ,Бакалавриат,Набережночелнинский филиал Казанского национального исследовательского технического университета им. А.Н. Туполева-КАИ,Набережные..,26.0,4.0,165800.0,175.0,,0.0,Очная,Русский,государственный,30.0,0.8666666666666667,12.01854355302823,0,0,0,0
250,09.03.01 | Информатика и вычислительная техника,Автоматизированные системы обработки информации и управления,Факультет высшего образования НЧФ КНИТУ-КАИ,Бакалавриат,Набережночелнинский филиал Казанского национального исследовательского технического университета им. А.Н. Туполева-КАИ,Набережные..,,50.0,62000.0,,,0.0,Заочная,Русский,государственный,,0.0,11.034905792929415,0,0,2,1
251,09.03.01 | Информатика и вычислительная техника,Автоматизированные системы обработки информации и управления,"Факультет информатики, математики и экономики КГПИ КемГУ",Бакалавриат,Кузбасский гуманитарно-педагогический институт (филиал) Кемеровского государственного университета,Новокузнец..,,20.0,76600.0,,,0.0,Очно-заочная,Русский,государственный,,0.0,11.246365410473757,0,0,2,1
252,09.03.01 | Информатика и вычислительная техника,Автоматизированные системы обработки информации и управления,Факультет высшего образования НИЭУП,Бакалавриат,"Невинномысский институт экономики, управления и права",Невинномысск,,10.0,125000.0,,,0.0,Очная,Русский,негосударственный,,0.0,11.736077016252437,0,0,2,1
253,09.03.01 | Информатика и вычислительная техника,Автоматизированные системы обработки информации и управления,Факультет высшего образования НИЭУП,Бакалавриат,"Невинномысский институт экономики, управления и права",Невинномысск,,10.0,55000.0,,99.0,0.0,Очно-заочная,Русский,негосударственный,,0.0,10.915106645867503,0,0,2,1
254,09.03.01 | Информатика и вычислительная техника,Автоматизированные системы обработки информации и управления,Факультет высшего образования НИЭУП,Бакалавриат,"Невинномысский институт экономики, управления и права",Невинномысск,,10.0,55000.0,,,0.0,Заочная,Русский,негосударственный,,0.0,10.915106645867503,0,0,2,1
255,09.03.02 | Информационные системы и технологии,Информационные системы и технологии,"Факультет Информатика, искусственный интеллект и системы управления (ИУ)",Бакалавриат,Московский государственный технический университет им. Н.Э. Баумана,Москва,54.0,21.0,449000.0,284.0,135.0,0.0,Очная,Русский,государственный,75.0,0.72,13.014780393893403,0,0,1,2
256,09.03.02 | Информационные системы и технологии,Информационные системы и технологии,Факультет цифровых технологий и химического инжиниринга РХТУ,Бакалавриат,Российский химико-технологический университет им. Д.И. Менделеева,Москва,75.0,10.0,346900.0,217.0,,0.0,Очная,Русский,государственный,85.0,0.8823529411764706,12.756794715628809,0,0,1,2
257,09.03.02 | Информационные системы и технологии,Информационные системы и технологии,"Информатика, кибернетика и электроэнергетика МАИ",Бакалавриат,Московский авиационный институт,Москва,60.0,25.0,406210.0,256.0,,0.0,Очная,Русский,государственный,85.0,0.7058823529411765,12.91462800801779,0,0,1,2
258,09.03.02 | Информационные системы и технологии,Информационные системы и технологии,Факультет высшего образования МТИ,Бакалавриат,Московский технологический институт МосТех,Москва,,230.0,295000.0,,99.0,0.0,Очная,Русский,негосударственный,,0.0,12.59473402514672,0,0,2,1
259,09.03.02 | Информационные системы и технологии,Информационные системы и технологии,Факультет высшего образования МТИ,Бакалавриат,Московский технологический институт МосТех,Москва,,976.0,80000.0,,99.0,0.0,Дистанционная,Русский,негосударственный,,0.0,11.289794413577894,0,0,2,1
260,09.03.02 | Информационные системы и технологии,Информационные системы и технологии,"Передовая инженерная школа ""Интеллектуальные системы тераностики"" Первый МГМУ им. И.М. Сеченова",Бакалавриат,Первый Московский государственный медицинский университет имени И.М. Сеченова Министерства здравоохранения Российской Федерации (Сеченовский Университет),Москва,25.0,30.0,350000.0,226.0,,0.0,Очная,Русский,государственный,55.0,0.45454545454545453,12.765691290604371,0,0,0,0
261,09.03.02 | Информационные системы и технологии,Информационные системы и технологии,"Факультет ""И"" Информационные и управляющие системы",Бакалавриат,Балтийский государственный технический университет «ВОЕНМЕХ» имени Д. Ф. Устинова,Санкт-Пете..,25.0,5.0,275800.0,230.0,,0.0,Очная,Русский,государственный,30.0,0.8333333333333334,12.527434870150573,0,0,0,0
262,09.03.02 | Информационные системы и технологии,Информационные системы и технологии,Институт базового инженерного образования,Бакалавриат,Санкт-Петербургский Горный университет,Санкт-Пете..,46.0,25.0,800000.0,187.0,124.0,0.0,Очная,Русский,государственный,71.0,0.647887323943662,13.592368256649284,0,0,1,2
263,09.03.02 | Информационные системы и технологии,Информационные системы и технологии,Факультет инженерной экологии и городского хозяйства,Бакалавриат,Санкт-Петербургский государственный архитектурно-строительный университет,Санкт-Пете..,,60.0,268000.0,,,0.0,Очная,Русский,государственный,,0.0,12.498745990829315,0,0,0,0
264,09.03.02 | Информационные системы и технологии,Информационные системы и технологии,Факультет инженерной экологии и городского хозяйства,Бакалавриат,Санкт-Петербургский государственный архитектурно-строительный университет,Санкт-Пете..,,90.0,126000.0,,,0.0,Заочная,Русский,государственный,,0.0,11.744045122410057,0,0,2,1
265,09.03.02 | Информационные системы и технологии,Информационные системы и технологии,Институт информационных технологий и технологического образования РГПУ,Бакалавриат,Российский государственный педагогический университет имени А. И. Герцена,Санкт-Пете..,,10.0,86800.0,,,0.0,Заочная,Русский,государственный,,0.0,11.371373421319406,0,0,2,1
266,09.03.02 | Информационные системы и технологии,Информационные системы и технологии,Факультет компьютерных технологий и информатики СПбГЭТУ,Бакалавриат,Санкт-Петербургский государственный электротехнический университет «ЛЭТИ» им. В.И. Ульянова (Ленина),Санкт-Пете..,104.0,106.0,284000.0,245.0,,0.0,Очная,Русский,государственный,210.0,0.49523809523809526,12.556733038263905,0,0,1,2
267,09.03.02 | Информационные системы и технологии,Информационные системы и технологии,Институт компьютерных наук и кибербезопасности СПбПУ,Бакалавриат,Санкт-Петербургский политехнический университет Петра Великого,Санкт-Пете..,48.0,60.0,360000.0,267.0,,0.0,Очная,Русский,государственный,108.0,0.4444444444444444,12.793862088206213,0,0,1,2
268,09.03.02 | Информационные системы и технологии,Информационные системы и технологии,Институт компьютерных наук и кибербезопасности СПбПУ,Бакалавриат,Санкт-Петербургский политехнический университет Петра Великого,Санкт-Пете..,,110.0,124000.0,,,0.0,Заочная,Русский,государственный,,0.0,11.728044909070785,0,0,2,1
269,09.03.02 | Информационные системы и технологии,Информационные системы и технологии,Факультет информационных технологий и программной инженерии СПбГУТ,Бакалавриат,Санкт-Петербургский государственный университет телекоммуникаций им. проф. М.А.Бонч-Бруевича,Санкт-Пете..,39.0,27.0,290000.0,242.0,,0.0,Очная,Русский,государственный,66.0,0.5909090909090909,12.577639650232573,0,0,1,2
270,09.03.02 | Информационные системы и технологии,Информационные системы и технологии,Факультет информационных технологий и программной инженерии СПбГУТ,Бакалавриат,Санкт-Петербургский государственный университет телекоммуникаций им. проф. М.А.Бонч-Бруевича,Санкт-Пете..,25.0,5.0,92000.0,217.0,,0.0,Очно-заочная,Русский,государственный,30.0,0.8333333333333334,11.429554725537322,0,0,0,0
271,09.03.02 | Информационные системы и технологии,Информационные системы и технологии,Факультет Информационных технологий,Бакалавриат,"Московский Университет ""Синергия""",Москва,6.0,60.0,380000.0,109.0,85.0,0.0,Очная,Русский,негосударственный,66.0,0.09090909090909091,12.847929163278053,0,0,0,0
272,09.03.02 | Информационные системы и технологии,Информационные системы и технологии,Факультет Информационных технологий,Бакалавриат,"Московский Университет ""Синергия""",Москва,,120.0,170000.0,,85.0,0.0,Очно-заочная,Русский,негосударственный,,0.0,12.04355959836804,0,0,2,1
273,09.03.02 | Информационные системы и технологии,Информационные системы и технологии,Факультет Информационных технологий,Бакалавриат,"Московский Университет ""Синергия""",Москва,,150.0,240000.0,,85.0,0.0,Дистанционная,Русский,негосударственный,,0.0,12.388398368982115,0,0,2,1
274,09.03.02 | Информационные системы и технологии,Информационные системы и технологии,Факультет Информационных технологий,Бакалавриат,"Московский Университет ""Синергия""",Москва,,60.0,220000.0,,85.0,0.0,Очно-заочная,Русский,негосударственный,,0.0,12.301387370778713,0,0,2,1
275,09.03.02 | Информационные системы и технологии,Информационные системы и технологии,Факультет Информационных технологий,Бакалавриат,"Московский Университет ""Синергия""",Москва,,60.0,170000.0,,85.0,0.0,Очно-заочная,Русский,негосударственный,,0.0,12.04355959836804,0,0,2,1
276,09.03.02 | Информационные системы и технологии,Информационные системы и технологии,Факультет Информационных технологий,Бакалавриат,"Московский Университет ""Синергия""",Москва,,150.0,240000.0,,85.0,0.0,Дистанционная,Русский,негосударственный,,0.0,12.388398368982115,0,0,2,1
277,09.03.02 | Информационные системы и технологии,Информационные системы и технологии,Факультет информационных технологий и управления СПбГТИ,Бакалавриат,Санкт-Петербургский государственный технологический институт (технический университет),Санкт-Пете..,41.0,1.0,268500.0,215.0,118.0,0.0,Очная,Русский,государственный,42.0,0.9761904761904762,12.500609917318906,0,0,0,0
278,09.03.02 | Информационные системы и технологии,Информационные системы и технологии,Факультет высшего образования СПбИЭУ,Бакалавриат,Санкт-Петербургский институт экономики и управления,Санкт-Пете..,,18.0,186000.0,,,0.0,Очная,Русский,негосударственный,,0.0,12.133507329024972,0,0,0,0
279,09.03.02 | Информационные системы и технологии,Информационные системы и технологии,Факультет высшего образования СПбИЭУ,Бакалавриат,Санкт-Петербургский институт экономики и управления,Санкт-Пете..,,18.0,100000.0,,,0.0,Заочная,Русский,негосударственный,,0.0,11.51293546492023,0,0,2,1
280,09.03.02 | Информационные системы и технологии,Информационные системы и технологии,Электромеханический факультет СГУВТ,Бакалавриат,Сибирский государственный университет водного транспорта,Новосибирс..,30.0,15.0,175000.0,179.0,,0.0,Очная,Русский,государственный,45.0,0.6666666666666666,12.07254696717504,0,0,0,0
281,09.03.02 | Информационные системы и технологии,Информационные системы и технологии,Факультет бизнес-информатики СГУПС,Бакалавриат,Сибирский государственный университет путей сообщения,Новосибирс..,35.0,25.0,175000.0,190.0,,0.0,Очная,Русский,государственный,60.0,0.5833333333333334,12.07254696717504,0,0,0,0
282,09.03.02 | Информационные системы и технологии,Информационные системы и технологии,Институт геодезии и менеджмента СГУГиТ,Бакалавриат,Сибирский государственный университет геосистем и технологий,Новосибирс..,89.0,26.0,179844.0,170.0,,0.0,Очная,Русский,государственный,115.0,0.7739130434782608,12.099850647792085,0,0,1,2
283,09.03.02 | Информационные системы и технологии,Информационные системы и технологии,Институт геодезии и менеджмента СГУГиТ,Бакалавриат,Сибирский государственный университет геосистем и технологий,Новосибирс..,30.0,120.0,68460.0,239.0,,0.0,Заочная,Русский,государственный,150.0,0.2,11.134019519047316,0,0,2,1
284,09.03.02 | Информационные системы и технологии,Информационные системы и технологии,Институт цифровых и инженерных технологий НГАСУ,Бакалавриат,Новосибирский государственный архитектурно-строительный университет (Сибстрин),Новосибирс..,83.0,7.0,174612.0,172.0,,0.0,Очная,Русский,государственный,90.0,0.9222222222222223,12.070327375515134,0,0,0,0
285,09.03.02 | Информационные системы и технологии,Информационные системы и технологии,Институт цифровых и инженерных технологий НГАСУ,Бакалавриат,Новосибирский государственный архитектурно-строительный университет (Сибстрин),Новосибирс..,20.0,25.0,64800.0,218.0,,0.0,Заочная,Русский,государственный,45.0,0.4444444444444444,11.079076314320059,0,0,2,1
286,09.03.02 | Информационные системы и технологии,Информационные системы и технологии,Институт вычислительной математики и информационных технологий КФУ,Бакалавриат,Казанский (Приволжский) федеральный университет,Казань,21.0,20.0,247500.0,255.0,,0.0,Очная,Русский,государственный,41.0,0.5121951219512195,12.419169901386761,0,0,0,0
287,09.03.02 | Информационные системы и технологии,Информационные системы и технологии,"Институт управления, автоматизации и информационных технологий КНИТУ",Бакалавриат,Казанский национальный исследовательский технологический университет,Казань,29.0,8.0,187800.0,219.0,,0.0,Очная,Русский,государственный,37.0,0.7837837837837838,12.143138170555755,0,0,0,0
288,09.03.02 | Информационные системы и технологии,Информационные системы и технологии,"Институт управления, автоматизации и информационных технологий КНИТУ",Бакалавриат,Казанский национальный исследовательский технологический университет,Казань,25.0,40.0,72000.0,242.0,,0.0,Заочная,Русский,государственный,65.0,0.38461538461538464,11.184435286790631,0,0,2,1
289,09.03.02 | Информационные системы и технологии,Информационные системы и технологии,Международный институт гостиничного менеджмента и туризма Поволжской ГАФКСиТ,Бакалавриат,"Поволжский государственный университет физической культуры, спорта и туризма",Казань,10.0,30.0,164700.0,194.0,,0.0,Очная,Русский,государственный,40.0,0.25,12.011886987792716,0,0,0,0
290,09.03.02 | Информационные системы и технологии,Информационные системы и технологии,Институт новых материалов и технологий,Бакалавриат,Уральский федеральный университет имени первого Президента России Б. Н. Ельцина,Екатеринбург,50.0,10.0,263000.0,233.0,119.0,0.0,Очная,Русский,государственный,60.0,0.8333333333333334,12.479913113434042,0,0,0,0
291,09.03.02 | Информационные системы и технологии,Информационные системы и технологии,Общетехнический факультет ННГАСУ,Бакалавриат,Нижегородский государственный архитектурно-строительный университет,Нижний Нов..,50.0,20.0,165600.0,209.0,,0.0,Очная,Русский,государственный,70.0,0.7142857142857143,12.017336559562407,0,0,0,0
292,09.03.02 | Информационные системы и технологии,Информационные системы и технологии,Физический факультет ННГУ им. Лобачевского,Бакалавриат,Национальный исследовательский Нижегородский государственный университет им. Н.И. Лобачевского,Нижний Нов..,18.0,3.0,225000.0,203.0,119.0,0.0,Очная,Русский,государственный,21.0,0.8571428571428571,12.323860125621126,0,0,0,0
293,09.03.02 | Информационные системы и технологии,Информационные системы и технологии,Институт информационных технологий и систем связи Княгининский университет,Бакалавриат,Нижегородский государственный инженерно-экономический университет (Княгининский университет),Нижний Нов..,13.0,5.0,136000.0,164.0,,0.0,Очная,Русский,государственный,18.0,0.7222222222222222,11.820417517632333,0,0,0,0
294,09.03.02 | Информационные системы и технологии,Информационные системы и технологии,Институт информационных технологий и систем связи Княгининский университет,Бакалавриат,Нижегородский государственный инженерно-экономический университет (Княгининский университет),Нижний Нов..,13.0,50.0,50000.0,209.0,,0.0,Заочная,Русский,государственный,63.0,0.20634920634920634,10.819798284210286,0,0,2,1
295,09.03.02 | Информационные системы и технологии,Информационные системы и технологии,Факультет информационных технологий НГПУ,Бакалавриат,Нижегородский государственный педагогический университет им. Козьмы Минина (Мининский университет),Нижний Нов..,50.0,10.0,165540.0,205.0,,0.0,Очная,Русский,государственный,60.0,0.8333333333333334,12.016974177257193,0,0,0,0
296,09.03.02 | Информационные системы и технологии,Информационные системы и технологии,Факультет СибЮУ,Бакалавриат,Сибирский юридический университет,Омск,,25.0,110000.0,,118.0,0.0,Очная,Русский,негосударственный,,0.0,11.608244735642321,0,0,2,1
297,09.03.02 | Информационные системы и технологии,Информационные системы и технологии,Факультет СибЮУ,Бакалавриат,Сибирский юридический университет,Омск,,25.0,35000.0,,,0.0,Заочная,Русский,негосударственный,,0.0,10.463131911491967,0,0,2,1
298,09.03.02 | Информационные системы и технологии,Информационные системы и технологии,Факультет СибЮУ,Бакалавриат,Сибирский юридический университет,Омск,,25.0,110000.0,,118.0,0.0,Очная,Русский,негосударственный,,0.0,11.608244735642321,0,0,2,1
299,09.03.02 | Информационные системы и технологии,Информационные системы и технологии,Факультет СибЮУ,Бакалавриат,Сибирский юридический университет,Омск,,25.0,35000.0,,118.0,0.0,Заочная,Русский,негосударственный,,0.0,10.463131911491967,0,0,2,1
300,09.03.02 | Информационные системы и технологии,Информационные системы и технологии,Факультет СибЮУ,Бакалавриат,Сибирский юридический университет,Омск,,25.0,35000.0,,118.0,0.0,Заочная,Русский,негосударственный,,0.0,10.463131911491967,0,0,2,1
301,09.03.02 | Информационные системы и технологии,Информационные системы и технологии,Институт автоматики и информационных технологий,Бакалавриат,Самарский государственный технический университет,Самара,28.0,10.0,164220.0,216.0,,0.0,Очная,Русский,государственный,38.0,0.7368421052631579,12.008968360636517,0,0,0,0
302,09.03.02 | Информационные системы и технологии,Информационные системы и технологии,Факультет информационно-технического сервиса,Бакалавриат,Поволжский государственный университет сервиса,Тольятти,24.0,25.0,176100.0,168.0,118.0,0.0,Очная,Русский,государственный,49.0,0.4897959183673469,12.078812973059884,0,0,0,0
303,09.03.02 | Информационные системы и технологии,Информационные системы и технологии,Факультет информационных технологий и управления ЮРГПУ,Бакалавриат,Южно-Российский государственный политехнический университет им. М.И. Платова,Ростов-на-..,55.0,5.0,153255.0,186.0,,0.0,Очная,Русский,государственный,60.0,0.9166666666666666,11.939865004744936,0,0,0,0
304,09.03.02 | Информационные системы и технологии,Информационные системы и технологии,Факультет «Авиастроение» ДГТУ,Бакалавриат,Донской государственный технический университет,Ростов-на-..,43.0,16.0,153300.0,193.0,119.0,0.0,Очная,Русский,государственный,59.0,0.7288135593220338,11.940158587995837,0,0,0,0
305,09.03.02 | Информационные системы и технологии,Информационные системы и технологии,Факультет «Авиастроение» ДГТУ,Бакалавриат,Донской государственный технический университет,Ростов-на-..,15.0,100.0,55000.0,213.0,,0.0,Заочная,Русский,государственный,115.0,0.13043478260869565,10.915106645867503,0,0,2,1
306,09.03.02 | Информационные системы и технологии,Информационные системы и технологии,Институт космических и информационных технологий СФУ,Бакалавриат,Сибирский федеральный университет,Красноярск,128.0,52.0,246000.0,211.0,,0.0,Очная,Русский,государственный,180.0,0.7111111111111111,12.413090879946887,0,0,1,2
307,09.03.02 | Информационные системы и технологии,Информационные системы и технологии,"Институт морского транспортного менеджмента, экономики и права ГМУ",Бакалавриат,Государственный морской университет им. адм. Ф.Ф. Ушакова,Новороссийск,20.0,70.0,185000.0,221.0,,0.0,Очная,Русский,государственный,90.0,0.2222222222222222,12.128116509451258,0,0,0,0
308,09.03.02 | Информационные системы и технологии,Информационные системы и технологии,"Институт морского транспортного менеджмента, экономики и права ГМУ",Бакалавриат,Государственный морской университет им. адм. Ф.Ф. Ушакова,Новороссийск,,30.0,105000.0,,,0.0,Заочная,Русский,государственный,,0.0,11.561725152903833,0,0,2,1
309,09.03.02 | Информационные системы и технологии,Информационные системы и технологии,Институт компьютерных наук и технологий ПГНИУ,Бакалавриат,Пермский государственный национальный исследовательский университет,Пермь,49.0,5.0,180000.0,215.0,119.0,0.0,Очная,Русский,государственный,54.0,0.9074074074074074,12.100717685412471,0,0,0,0
310,09.03.02 | Информационные системы и технологии,Информационные системы и технологии,Факультет «Информационные технологии» ИжГТУ имени М. Т. Калашникова,Бакалавриат,Ижевский государственный технический университет им. М.Т. Калашникова,Ижевск,28.0,2.0,160500.0,199.0,,0.0,Очная,Русский,государственный,30.0,0.9333333333333333,11.986055452062393,0,0,0,0
311,09.03.02 | Информационные системы и технологии,Информационные системы и технологии,Факультет ВИВТ,Бакалавриат,Воронежский институт высоких технологий,Воронеж,25.0,10.0,151310.0,210.0,,0.0,Очная,Русский,негосударственный,35.0,0.7142857142857143,11.927092600372294,0,0,0,0
312,09.03.02 | Информационные системы и технологии,Информационные системы и технологии,Факультет ВИВТ,Бакалавриат,Воронежский институт высоких технологий,Воронеж,13.0,150.0,47900.0,227.0,,0.0,Заочная,Русский,негосударственный,163.0,0.07975460122699386,10.776891660007811,0,0,2,1
313,09.03.02 | Информационные системы и технологии,Информационные системы и технологии,Институт прикладных информационных технологий и коммуникаций СГТУ,Бакалавриат,Саратовский государственный технический университет им. Гагарина Ю.А.,Саратов,70.0,80.0,137030.0,241.0,,0.0,Очная,Русский,государственный,150.0,0.4666666666666667,11.827962456585661,0,0,1,2
314,09.03.02 | Информационные системы и технологии,Информационные системы и технологии,Институт прикладных информационных технологий и коммуникаций СГТУ,Бакалавриат,Саратовский государственный технический университет им. Гагарина Ю.А.,Саратов,,100.0,58380.0,,,0.0,Заочная,Русский,государственный,,0.0,10.974745773415224,0,0,2,1
315,09.03.02 | Информационные системы и технологии,Информационные системы и технологии,Факультет энергетики и автоматики БрГУ,Бакалавриат,Братский государственный университет,Братск,25.0,10.0,282160.0,154.0,119.0,0.0,Очная,Русский,государственный,35.0,0.7142857142857143,12.550233108992114,0,0,0,0
316,09.03.02 | Информационные системы и технологии,Информационные системы и технологии,Факультет энергетики и автоматики БрГУ,Бакалавриат,Братский государственный университет,Братск,,50.0,70840.0,,,0.0,Заочная,Русский,государственный,,0.0,11.1681932081156,0,0,2,1
317,09.03.02 | Информационные системы и технологии,Информационные системы и технологии,Институт информационных технологий и анализа данных ВВГУ,Бакалавриат,Владивостокский государственный университет,Владивосто..,50.0,10.0,230000.0,175.0,,0.0,Очная,Русский,государственный,60.0,0.8333333333333334,12.345838935721968,0,0,0,0
318,09.03.02 | Информационные системы и технологии,Информационные системы и технологии,Институт информационных технологий и анализа данных ВВГУ,Бакалавриат,Владивостокский государственный университет,Владивосто..,,50.0,170000.0,,,0.0,Заочная,Русский,государственный,,0.0,12.04355959836804,0,0,2,1
319,09.03.02 | Информационные системы и технологии,Информационные системы и технологии,Институт цифровых систем ЯГТУ,Бакалавриат,Ярославский государственный технический университет,Ярославль,43.0,34.0,163532.0,204.0,,0.0,Очная,Русский,государственный,77.0,0.5584415584415584,12.004770083815915,0,0,0,0
320,09.03.02 | Информационные системы и технологии,Информационные системы и технологии,Институт цифровых систем ЯГТУ,Бакалавриат,Ярославский государственный технический университет,Ярославль,,120.0,75270.0,,,0.0,Заочная,Русский,государственный,,0.0,11.22885021344584,0,0,2,1
321,09.03.02 | Информационные системы и технологии,Информационные системы и технологии,Факультет автоматики и информационных технологий в управлении РГРТУ,Бакалавриат,Рязанский государственный радиотехнический университет,Рязань,30.0,30.0,169000.0,210.0,,0.0,Очная,Русский,государственный,60.0,0.5,12.037659911047468,0,0,0,0
322,09.03.02 | Информационные системы и технологии,Информационные системы и технологии,Факультет автоматики и информационных технологий в управлении РГРТУ,Бакалавриат,Рязанский государственный радиотехнический университет,Рязань,9.0,55.0,79000.0,250.0,,0.0,Заочная,Русский,государственный,64.0,0.140625,11.277215789596893,0,0,2,1
323,09.03.02 | Информационные системы и технологии,Информационные системы и технологии,Институт исследований и решения технологических задач АГУ,Бакалавриат,Астраханский государственный университет им. В. Н. Татищева,Астрахань,22.0,5.0,156000.0,184.0,,0.0,Очная,Русский,государственный,27.0,0.8148148148148148,11.957617696467539,0,0,0,0
324,09.03.02 | Информационные системы и технологии,Информационные системы и технологии,Политехнический институт ПГУ,Бакалавриат,Пензенский государственный университет,Пенза,35.0,25.0,144645.0,230.0,,0.0,Очная,Русский,государственный,60.0,0.5833333333333334,11.88204465706652,0,0,0,0
325,09.03.02 | Информационные системы и технологии,Информационные системы и технологии,Инженерно-строительный институт ПГУАС,Бакалавриат,Пензенский государственный университет архитектуры и строительства,Пенза,60.0,30.0,144645.0,186.0,,0.0,Очная,Русский,государственный,90.0,0.6666666666666666,11.88204465706652,0,0,0,0
326,09.03.02 | Информационные системы и технологии,Информационные системы и технологии,Инженерно-строительный институт ПГУАС,Бакалавриат,Пензенский государственный университет архитектуры и строительства,Пенза,12.0,50.0,47565.0,228.0,,0.0,Заочная,Русский,государственный,62.0,0.1935483870967742,10.769873499281642,0,0,2,1
327,09.03.02 | Информационные системы и технологии,Информационные системы и технологии,Инженерно-строительный институт ПГУАС,Бакалавриат,Пензенский государственный университет архитектуры и строительства,Пенза,9.0,50.0,62450.0,165.0,119.0,0.0,Очно-заочная,Русский,государственный,59.0,0.15254237288135594,11.042137528235768,0,0,2,1
328,09.03.02 | Информационные системы и технологии,Информационные системы и технологии,Финансово-экономический факультет НГГТИ,Бакалавриат,Невинномысский государственный гуманитарно-технический институт,Ставрополь,20.0,20.0,168000.0,143.0,,0.0,Очная,Русский,государственный,40.0,0.5,12.031725210748633,0,0,0,0
329,09.03.02 | Информационные системы и технологии,Информационные системы и технологии,Финансово-экономический факультет НГГТИ,Бакалавриат,Невинномысский государственный гуманитарно-технический институт,Ставрополь,,40.0,63000.0,,,0.0,Заочная,Русский,государственный,,0.0,11.050905878263567,0,0,2,1
330,09.03.02 | Информационные системы и технологии,Информационные системы и технологии,Институт информационных технологий и управляющих систем БГТУ им. В.Г. Шухова,Бакалавриат,Белгородский государственный технологический университет им. В.Г. Шухова,Белгород,20.0,6.0,158800.0,163.0,,0.0,Очная,Русский,государственный,26.0,0.7692307692307693,11.975407125004564,0,0,0,0
331,09.03.02 | Информационные системы и технологии,Информационные системы и технологии,Институт информационных технологий и управляющих систем БГТУ им. В.Г. Шухова,Бакалавриат,Белгородский государственный технологический университет им. В.Г. Шухова,Белгород,40.0,20.0,54000.0,167.0,,0.0,Заочная,Русский,государственный,60.0,0.6666666666666666,10.896757843893464,0,0,2,1
332,09.03.02 | Информационные системы и технологии,Информационные системы и технологии,Факультет автоматизации и информационных технологий СТИ НИТУ «МИСИС»,Бакалавриат,Старооскольский технологический институт им. А.А. Угарова (филиал) Национального исследовательского технологического университета «МИСИС»,Белгород,32.0,16.0,158715.0,164.0,,0.0,Очная,Русский,государственный,48.0,0.6666666666666666,11.974871720588231,0,0,0,0
333,09.03.02 | Информационные системы и технологии,Информационные системы и технологии,Факультет Пятигорского филиала РЭУ им. Г.В. Плеханова,Бакалавриат,Пятигорский филиал Российского экономического университета имени Г.В. Плеханова,Пятигорск,29.0,3.0,140000.0,168.0,,0.0,Очная,Русский,государственный,32.0,0.90625,11.849404844423074,0,0,0,0
334,09.03.02 | Информационные системы и технологии,Информационные системы и технологии,Факультет Пятигорского филиала РЭУ им. Г.В. Плеханова,Бакалавриат,Пятигорский филиал Российского экономического университета имени Г.В. Плеханова,Пятигорск,,20.0,65000.0,,,0.0,Заочная,Русский,государственный,,0.0,11.082157933374816,0,0,2,1
335,09.03.02 | Информационные системы и технологии,Информационные системы и технологии,Факультет филиала УрФУ в г. Нижний Тагил,Бакалавриат,Нижнетагильский технологический институт (филиал) Уральского федерального университета имени первого Президента России Б.Н. Ельцина,Нижний Тагил,15.0,6.0,76600.0,251.0,118.0,0.0,Заочная,Русский,государственный,21.0,0.7142857142857143,11.246365410473757,0,0,2,1
336,09.03.02 | Информационные системы и технологии,Информационные системы и технологии,Факультет филиала НГТУ в г. Дзержинск,Бакалавриат,Дзержинский политехнический институт (филиал) Нижегородского Государственного Политехнического Университета им. Р.Е. Алексеева,Нижний Нов..,30.0,5.0,165540.0,,118.0,0.0,Очная,Русский,государственный,35.0,0.8571428571428571,12.016974177257193,0,0,0,0
337,09.03.02 | Информационные системы и технологии,Информационные системы и технологии,Факультет филиала НГТУ в г. Дзержинск,Бакалавриат,Дзержинский политехнический институт (филиал) Нижегородского Государственного Политехнического Университета им. Р.Е. Алексеева,Нижний Нов..,,20.0,75000.0,,,0.0,Заочная,Русский,государственный,,0.0,11.225256725762893,0,0,2,1
338,09.03.02 | Информационные системы и технологии,Информационные системы и технологии,Факультет филиала НГТУ в г. Дзержинск,Бакалавриат,Дзержинский политехнический институт (филиал) Нижегородского Государственного Политехнического Университета им. Р.Е. Алексеева,Нижний Нов..,,3.0,165540.0,,118.0,0.0,Очная,Русский,государственный,,0.0,12.016974177257193,0,0,2,1
339,09.03.02 | Информационные системы и технологии,Информационные системы и технологии,Факультет филиала НГТУ в г. Дзержинск,Бакалавриат,Дзержинский политехнический институт (филиал) Нижегородского Государственного Политехнического Университета им. Р.Е. Алексеева,Нижний Нов..,,2.0,165540.0,,118.0,0.0,Очная,Русский,государственный,,0.0,12.016974177257193,0,0,2,1
340,09.03.02 | Информационные системы и технологии,Информационные системы и технологии,Факультет филиала НГТУ в г. Дзержинск,Бакалавриат,Дзержинский политехнический институт (филиал) Нижегородского Государственного Политехнического Университета им. Р.Е. Алексеева,Нижний Нов..,,45.0,75000.0,,118.0,0.0,Заочная,Русский,государственный,,0.0,11.225256725762893,0,0,2,1
341,09.03.02 | Информационные системы и технологии,Информационные системы и технологии,Факультет филиала НГТУ в г. Дзержинск,Бакалавриат,Дзержинский политехнический институт (филиал) Нижегородского Государственного Политехнического Университета им. Р.Е. Алексеева,Нижний Нов..,,5.0,75000.0,,118.0,0.0,Заочная,Русский,государственный,,0.0,11.225256725762893,0,0,2,1
342,09.03.02 | Информационные системы и технологии,Информационные системы и технологии,Факультет высшего профессионального образования БФ КНИТУ,Бакалавриат,Бугульминский филиал КНИТУ,Уфа,,25.0,72000.0,,,0.0,Заочная,Русский,государственный,,0.0,11.184435286790631,0,0,2,1
343,09.03.02 | Информационные системы и технологии,Информационные системы и технологии,Факультет информационных технологий,Бакалавриат,Московский политехнический университет,Москва,55.0,50.0,386800.0,243.0,,0.0,Очная,Русский,государственный,105.0,0.5238095238095238,12.865665627873343,0,0,1,2
344,09.03.02 | Информационные системы и технологии,Информационные системы и технологии,Институт компьютерных технологий и защиты информации КНИТУ-КАИ,Бакалавриат,Казанский национальный исследовательский технический университет им. А.Н.Туполева-КАИ,Казань,55.0,30.0,173800.0,262.0,,0.0,Очная,Русский,государственный,85.0,0.6470588235294118,12.065666245536807,0,0,1,2
345,09.03.02 | Информационные системы и технологии,Информационные системы и технологии,Институт компьютерных технологий и защиты информации КНИТУ-КАИ,Бакалавриат,Казанский национальный исследовательский технический университет им. А.Н.Туполева-КАИ,Казань,,5.0,78300.0,,,0.0,Заочная,Русский,государственный,,0.0,11.268315653289422,0,0,2,1
346,09.03.02 | Информационные системы и технологии,Информационные системы и технологии,Институт компьютерных технологий и защиты информации КНИТУ-КАИ,Бакалавриат,Казанский национальный исследовательский технический университет им. А.Н.Туполева-КАИ,Казань,,1.0,78300.0,,,0.0,Заочная,Русский,государственный,,0.0,11.268315653289422,0,0,2,1
347,09.03.02 | Информационные системы и технологии,Информационные системы и технологии,Институт компьютерных технологий и защиты информации КНИТУ-КАИ,Бакалавриат,Казанский национальный исследовательский технический университет им. А.Н.Туполева-КАИ,Казань,,84.0,78300.0,,,0.0,Заочная,Русский,государственный,,0.0,11.268315653289422,0,0,2,1
348,09.03.02 | Информационные системы и технологии,Информационные системы и технологии,Факультет ЛФ КНИТУ-КАИ,Бакалавриат,Лениногорский филиал Казанского национального исследовательского технического университета им. А.Н. Туполева-КАИ,Лениногорс..,25.0,5.0,173735.0,158.0,,0.0,Очная,Русский,государственный,30.0,0.8333333333333334,12.065292184641088,0,0,0,0
349,09.03.02 | Информационные системы и технологии,Информационные системы и технологии,Факультет ЛФ КНИТУ-КАИ,Бакалавриат,Лениногорский филиал Казанского национального исследовательского технического университета им. А.Н. Туполева-КАИ,Лениногорс..,,25.0,65000.0,,,0.0,Заочная,Русский,государственный,,0.0,11.082157933374816,0,0,2,1
350,09.03.02 | Информационные системы и технологии,Информационные системы и технологии,Передовая инженерная школа гибридных технологий в станкостроении Союзного государства ПсковГУ,Бакалавриат,Псковский государственный университет,Псков,40.0,10.0,139800.0,173.0,,0.0,Очная,Русский,государственный,50.0,0.8,11.847975261832087,0,0,0,0
351,09.03.02 | Информационные системы и технологии,Информационные системы и технологии,Передовая инженерная школа гибридных технологий в станкостроении Союзного государства ПсковГУ,Бакалавриат,Псковский государственный университет,Псков,,30.0,42060.0,,,0.0,Заочная,Русский,государственный,,0.0,10.646876224532782,0,0,2,1
352,09.03.02 | Информационные системы и технологии,Информационные системы и технологии,Инженерно-экономический институт БГИТУ,Бакалавриат,Брянский государственный инженерно-технологический университет,Брянск,12.0,15.0,137020.0,181.0,,0.0,Очная,Русский,государственный,27.0,0.4444444444444444,11.8278894777349,0,0,0,0
353,09.03.02 | Информационные системы и технологии,Информационные системы и технологии,Институт информационных технологий и электроники ВлГУ,Бакалавриат,Владимирский государственный университет имени Александра Григорьевича и Николая Григорьевича Столетовых,Владимир,25.0,10.0,185610.0,188.0,,0.0,Очная,Русский,государственный,35.0,0.7142857142857143,12.131408364819382,0,0,0,0
354,09.03.02 | Информационные системы и технологии,Информационные системы и технологии,Институт информационных технологий и электроники ВлГУ,Бакалавриат,Владимирский государственный университет имени Александра Григорьевича и Николая Григорьевича Столетовых,Владимир,,150.0,92000.0,,,0.0,Дистанционная,Русский,государственный,,0.0,11.429554725537322,0,0,2,1
355,09.03.02 | Информационные системы и технологии,Информационные системы и технологии,Институт высокоточных систем им. В.П. Грязева ТулГУ,Бакалавриат,Тульский государственный университет,Тула,25.0,20.0,170000.0,207.0,,0.0,Очная,Русский,государственный,45.0,0.5555555555555556,12.04355959836804,0,0,0,0
356,09.03.02 | Информационные системы и технологии,Информационные системы и технологии,Инженерно-технологический институт КГУ им. К.Э. Циолковского,Бакалавриат,Калужский государственный университет им. К.Э. Циолковского,Калуга,30.0,40.0,184700.0,201.0,,0.0,Очная,Русский,государственный,70.0,0.42857142857142855,12.12649358035784,0,0,0,0
357,09.03.02 | Информационные системы и технологии,Информационные системы и технологии,Инженерно-технологический институт КГУ им. К.Э. Циолковского,Бакалавриат,Калужский государственный университет им. К.Э. Циолковского,Калуга,,80.0,60950.0,,,0.0,Заочная,Русский,государственный,,0.0,11.01782554166572,0,0,2,1
358,09.03.02 | Информационные системы и технологии,Информационные системы и технологии,"Институт математики, естественных и компьютерных наук ВоГУ",Бакалавриат,Вологодский государственный университет,Вологда,25.0,5.0,173940.0,201.0,119.0,0.0,Очная,Русский,государственный,30.0,0.8333333333333334,12.066471440236118,0,0,0,0
359,09.03.02 | Информационные системы и технологии,Информационные системы и технологии,Факультет информационных систем и технологий УлГТУ,Бакалавриат,Ульяновский государственный технический университет,Ульяновск,75.0,100.0,141430.0,151.0,119.0,0.0,Очная,Русский,государственный,175.0,0.42857142857142855,11.859567244625199,0,0,1,2
360,09.03.02 | Информационные системы и технологии,Информационные системы и технологии,"Факультет техники, управления и цифровой инфраструктуры ИГХТУ",Бакалавриат,Ивановский государственный химико-технологический университет,Иваново,40.0,25.0,146900.0,191.0,,0.0,Очная,Русский,государственный,65.0,0.6153846153846154,11.897514169490739,0,0,0,0
361,09.03.02 | Информационные системы и технологии,Информационные системы и технологии,Институт компьютерных и инженерных наук АмГУ,Бакалавриат,Амурский государственный университет,Благовещенск,25.0,10.0,207600.0,173.0,119.0,0.0,Очная,Русский,государственный,35.0,0.7142857142857143,12.243373247217953,0,0,0,0
362,09.03.02 | Информационные системы и технологии,Информационные системы и технологии,Физико-математический факультет БГПУ,Бакалавриат,Благовещенский государственный педагогический университет,Благовещенск,20.0,10.0,207600.0,132.0,120.0,0.0,Очная,Русский,государственный,30.0,0.6666666666666666,12.243373247217953,0,0,0,0
363,09.03.02 | Информационные системы и технологии,Информационные системы и технологии,Физико-математический факультет БГПУ,Бакалавриат,Благовещенский государственный педагогический университет,Благовещенск,,20.0,49830.0,,,0.0,Заочная,Русский,государственный,,0.0,10.816392559306074,0,0,2,1
364,09.03.02 | Информационные системы и технологии,Информационные системы и технологии,Факультет экономики и информационных технологий Пермского ГАТУ,Бакалавриат,Пермский государственный аграрно-технологический университет имени академика Д.Н. Прянишникова,Пермь,22.0,28.0,171000.0,167.0,,0.0,Очная,Русский,государственный,50.0,0.44,12.049424683420915,0,0,0,0
365,09.03.02 | Информационные системы и технологии,Информационные системы и технологии,Факультет экономики и информационных технологий Пермского ГАТУ,Бакалавриат,Пермский государственный аграрно-технологический университет имени академика Д.Н. Прянишникова,Пермь,17.0,60.0,50900.0,272.0,,0.0,Заочная,Русский,государственный,77.0,0.22077922077922077,10.837637848711049,0,0,2,1
366,09.03.02 | Информационные системы и технологии,Информационные системы и технологии,Факультет «Управление на транспорте и информационные технологии» ИрГУПС,Бакалавриат,Иркутский государственный университет путей сообщения,Иркутск,50.0,60.0,215770.0,159.0,,0.0,Очная,Русский,государственный,110.0,0.45454545454545453,12.281972939087273,0,0,0,0
367,09.03.02 | Информационные системы и технологии,Информационные системы и технологии,Факультет «Управление на транспорте и информационные технологии» ИрГУПС,Бакалавриат,Иркутский государственный университет путей сообщения,Иркутск,15.0,50.0,107885.0,201.0,,0.0,Заочная,Русский,государственный,65.0,0.23076923076923078,11.588830393059693,0,0,2,1
368,09.03.02 | Информационные системы и технологии,Информационные системы и технологии,Политехнический институт СурГУ,Бакалавриат,Сургутский государственный университет,Сургут,20.0,7.0,238500.0,184.0,123.0,0.0,Очная,Русский,государственный,27.0,0.7407407407407407,12.38212878217386,0,0,0,0
369,09.03.02 | Информационные системы и технологии,Информационные системы и технологии,Институт прикладных информационных технологий ГГНТУ им. акад. М. Д. Миллионщикова,Бакалавриат,Грозненский государственный нефтяной технический университет имени академика М.Д. Миллионщикова,Грозный,12.0,25.0,129926.0,193.0,,0.0,Очная,Русский,государственный,37.0,0.32432432432432434,11.774728033254412,0,0,0,0
370,09.03.02 | Информационные системы и технологии,Информационные системы и технологии,Институт прикладных информационных технологий ГГНТУ им. акад. М. Д. Миллионщикова,Бакалавриат,Грозненский государственный нефтяной технический университет имени академика М.Д. Миллионщикова,Грозный,2.0,37.0,36575.0,188.0,,0.0,Заочная,Русский,государственный,39.0,0.05128205128205128,10.507147566594536,0,0,2,1
371,09.03.02 | Информационные системы и технологии,Информационные системы и технологии,Институт интеллектуальных кибернетических систем ИАТЭ НИЯУ МИФИ,Бакалавриат,Обнинский институт атомной энергетики (филиал НИЯУ МИФИ),Обнинск,38.0,5.0,179600.0,185.0,,0.0,Очная,Русский,государственный,43.0,0.8837209302325582,12.098493002763465,0,0,0,0
372,09.03.02 | Информационные системы и технологии,Информационные системы и технологии,Физико-математический факультет ИнГУ,Бакалавриат,Ингушский государственный университет,Магас,25.0,5.0,122900.0,156.0,118.0,0.0,Очная,Русский,государственный,30.0,0.8333333333333334,11.719134432217524,0,0,0,0
373,09.03.02 | Информационные системы и технологии,Информационные системы и технологии,nan,nan,nan,Магас,,,,,,,nan,nan,nan,,0.0,,0,0,2,1
374,09.03.02 | Информационные системы и технологии,Информационные системы и технологии,Физико-математический факультет ИнГУ,Бакалавриат,Ингушский государственный университет,Магас,,10.0,55600.0,,118.0,0.0,Очно-заочная,Русский,государственный,,0.0,10.925956465688445,0,0,2,1
375,09.03.02 | Информационные системы и технологии,Информационные системы и технологии,Факультет атомной энергетики и технологий БИТИ НИЯУ МИФИ,Бакалавриат,Балаковский инженерно-технологический институт (филиал НИЯУ МИФИ),Балаково,25.0,5.0,142000.0,174.0,,0.0,Очная,Русский,государственный,30.0,0.8333333333333334,11.863589378812122,0,0,0,0
376,09.03.02 | Информационные системы и технологии,Информационные системы и технологии,Факультет атомной энергетики и технологий БИТИ НИЯУ МИФИ,Бакалавриат,Балаковский инженерно-технологический институт (филиал НИЯУ МИФИ),Балаково,,30.0,60000.0,,,0.0,Заочная,Русский,государственный,,0.0,11.002116507732017,0,0,2,1
377,09.03.02 | Информационные системы и технологии,Информационные системы и технологии,Факультет атомной энергетики и машиностроения ВИТИ НИЯУ МИФИ,Бакалавриат,Волгодонский инженерно-технический институт (филиал НИЯУ МИФИ),Волгодонск,25.0,10.0,190000.0,163.0,,0.0,Очная,Русский,государственный,35.0,0.7142857142857143,12.154784614286667,0,0,0,0
378,09.03.02 | Информационные системы и технологии,Информационные системы и технологии,Факультет атомной энергетики и машиностроения ВИТИ НИЯУ МИФИ,Бакалавриат,Волгодонский инженерно-технический институт (филиал НИЯУ МИФИ),Волгодонск,,50.0,54000.0,,,0.0,Заочная,Русский,государственный,,0.0,10.896757843893464,0,0,2,1
379,09.03.02 | Информационные системы и технологии,Информационные системы и технологии,"Факультет экономики, управления и информационных технологий УГТУ",Бакалавриат,Ухтинский государственный технический университет,Ухта,35.0,3.0,245000.0,123.0,119.0,0.0,Очная,Русский,государственный,38.0,0.9210526315789473,12.409017571151187,0,0,0,0
380,09.03.02 | Информационные системы и технологии,Информационные системы и технологии,Факультет электроэнергетики и технического сервиса Университет Вернадского,Бакалавриат,Российский государственный университет народного хозяйства имени В.И.Вернадского,Балашиха,,25.0,90000.0,,,0.0,Очно-заочная,Русский,государственный,,0.0,11.407576060361786,0,0,2,1
381,09.03.02 | Информационные системы и технологии,Информационные системы и технологии,Механико-технологический факультет ТИС (филиал ДГТУ в г. Ставрополе),Бакалавриат,Технологический институт сервиса (филиал ДГТУ в г. Ставрополе),Ставрополь,,5.0,139600.0,,,0.0,Очная,Русский,государственный,,0.0,11.846543632608535,0,0,2,1
382,09.03.02 | Информационные системы и технологии,Информационные системы и технологии,Механико-технологический факультет ТИС (филиал ДГТУ в г. Ставрополе),Бакалавриат,Технологический институт сервиса (филиал ДГТУ в г. Ставрополе),Ставрополь,2.0,5.0,43600.0,193.0,,0.0,Очно-заочная,Русский,государственный,7.0,0.2857142857142857,10.682835364853922,0,0,2,1
383,09.03.02 | Информационные системы и технологии,Информационные системы и технологии,Механико-технологический факультет ТИС (филиал ДГТУ в г. Ставрополе),Бакалавриат,Технологический институт сервиса (филиал ДГТУ в г. Ставрополе),Ставрополь,2.0,25.0,29900.0,212.0,,0.0,Заочная,Русский,государственный,27.0,0.07407407407407407,10.305647203635566,0,0,2,1
384,09.03.02 | Информационные системы и технологии,Информационные системы и технологии,Факультет техники и технологии ИСОиП (филиал) ДГТУ в г. Шахты,Бакалавриат,Институт сферы обслуживания и предпринимательства (филиал ДГТУ в г. Шахты),Шахты,25.0,10.0,153300.0,183.0,,0.0,Очная,Русский,государственный,35.0,0.7142857142857143,11.940158587995837,0,0,0,0
385,09.03.02 | Информационные системы и технологии,Информационные системы и технологии,Факультет техники и технологии ИСОиП (филиал) ДГТУ в г. Шахты,Бакалавриат,Институт сферы обслуживания и предпринимательства (филиал ДГТУ в г. Шахты),Шахты,,100.0,35000.0,,,0.0,Заочная,Русский,государственный,,0.0,10.463131911491967,0,0,2,1
386,09.03.02 | Информационные системы и технологии,Информационные системы и технологии,Факультет высшего образования ПИ (филиал) ДГТУ в г. Таганроге,Бакалавриат,Политехнический институт (филиал) ДГТУ в г. Таганроге,Таганрог,25.0,5.0,153300.0,156.0,,0.0,Очная,Русский,государственный,30.0,0.8333333333333334,11.940158587995837,0,0,0,0
387,09.03.02 | Информационные системы и технологии,Информационные системы и технологии,Факультет высшего образования ПИ (филиал) ДГТУ в г. Таганроге,Бакалавриат,Политехнический институт (филиал) ДГТУ в г. Таганроге,Таганрог,5.0,50.0,47100.0,,119.0,0.0,Заочная,Русский,государственный,55.0,0.09090909090909091,10.76004951120163,0,0,2,1
388,09.03.02 | Информационные системы и технологии,Информационные системы и технологии,Факультет высшего образования ТИ (филиал) ДГТУ в г.Азове,Бакалавриат,Технологический институт (филиал) ДГТУ в г.Азове,Азов,25.0,5.0,155000.0,180.0,,0.0,Очная,Русский,государственный,30.0,0.8333333333333334,11.951186847493476,0,0,0,0
389,09.03.02 | Информационные системы и технологии,Информационные системы и технологии,Факультет высшего образования ТИ (филиал) ДГТУ в г.Азове,Бакалавриат,Технологический институт (филиал) ДГТУ в г.Азове,Азов,,40.0,50000.0,,,0.0,Заочная,Русский,государственный,,0.0,10.819798284210286,0,0,2,1
390,09.03.02 | Информационные системы и технологии,Информационные системы и технологии,Факультет информатики и управления Калужского филиала МГТУ им. Н.Э. Баумана,Бакалавриат,Московский государственный технический университет имени Н.Э. Баумана (Калужский филиал),Калуга,21.0,10.0,219000.0,238.0,,0.0,Очная,Русский,государственный,31.0,0.6774193548387096,12.296831574998258,0,0,0,0
391,09.03.02 | Информационные системы и технологии,Информационные системы и технологии,"Институт информатики, математики и робототехники УУНиТ",Бакалавриат,Уфимский университет науки и технологий,Уфа,56.0,35.0,167700.0,209.0,,0.0,Очная,Русский,государственный,91.0,0.6153846153846154,12.02993791082274,0,0,0,0
392,09.03.02 | Информационные системы и технологии,Информационные системы и технологии,Факультет информационных технологий и радиоэлектроники МИВлГУ,Бакалавриат,Муромский институт (филиал) Владимирского государственного университета имени Александра Григорьевича и Николая Григорьевича Столетовых,Муром,25.0,5.0,153000.0,131.0,119.0,0.0,Очная,Русский,государственный,30.0,0.8333333333333334,11.938199736300925,0,0,0,0
393,09.03.02 | Информационные системы и технологии,Информационные системы и технологии,Факультет информационных технологий и радиоэлектроники МИВлГУ,Бакалавриат,Муромский институт (филиал) Владимирского государственного университета имени Александра Григорьевича и Николая Григорьевича Столетовых,Муром,,50.0,51300.0,,,0.0,Заочная,Русский,государственный,,0.0,10.84546552414626,0,0,2,1
394,09.03.02 | Информационные системы и технологии,Информационные системы и технологии,Факультет филиала СамГТУ в г. Белебее,Бакалавриат,Филиал Самарского государственного технического университета в г. Белебее Республики Башкортостан,Белебей,10.0,,,159.0,,0.0,Очная,Русский,государственный,,0.0,,0,0,2,1
395,09.03.02 | Информационные системы и технологии,Информационные системы и технологии,Факультет филиала СамГТУ в г. Белебее,Бакалавриат,Филиал Самарского государственного технического университета в г. Белебее Республики Башкортостан,Белебей,,25.0,70200.0,,,0.0,Заочная,Русский,государственный,,0.0,11.159117834926688,0,0,2,1
396,09.03.02 | Информационные системы и технологии,Информационные системы и технологии,Транспортно-технологический факультет СЛИ,Бакалавриат,Сыктывкарский лесной институт (филиал) СПбГЛТУ,Сыктывкар,39.0,6.0,244600.0,185.0,,0.0,Очная,Русский,государственный,45.0,0.8666666666666667,12.407383590534293,0,0,0,0
397,09.03.02 | Информационные системы и технологии,Информационные системы и технологии,Транспортно-технологический факультет СЛИ,Бакалавриат,Сыктывкарский лесной институт (филиал) СПбГЛТУ,Сыктывкар,,15.0,58900.0,,,0.0,Заочная,Русский,государственный,,0.0,10.983613347424248,0,0,2,1
398,09.03.02 | Информационные системы и технологии,Информационные системы и технологии,Факультет высшего образования ВУиТ,Бакалавриат,Волжский университет имени В.Н. Татищева (институт),Тольятти,,20.0,150000.0,,,0.0,Очная,Русский,негосударственный,,0.0,11.918397239722838,0,0,2,1
399,09.03.02 | Информационные системы и технологии,Информационные системы и технологии,Факультет высшего образования ВУиТ,Бакалавриат,Волжский университет имени В.Н. Татищева (институт),Тольятти,,10.0,77000.0,,99.0,0.0,Очно-заочная,Русский,негосударственный,,0.0,11.251573687764477,0,0,2,1
400,09.03.02 | Информационные системы и технологии,Информационные системы и технологии,Факультет высшего образования ВУиТ,Бакалавриат,Волжский университет имени В.Н. Татищева (институт),Тольятти,,10.0,75000.0,,,0.0,Заочная,Русский,негосударственный,,0.0,11.225256725762893,0,0,2,1
401,09.03.02 | Информационные системы и технологии,Информационные системы и технологии,Факультет Университет БРИКС,Бакалавриат,Университет БРИКС,Москва,,10.0,320000.0,,93.0,0.0,Очная,Русский,негосударственный,,0.0,12.676079399771027,0,0,0,0
402,09.03.02 | Информационные системы и технологии,Информационные системы и технологии,Факультет Университет БРИКС,Бакалавриат,Университет БРИКС,Москва,,10.0,145000.0,,93.0,0.0,Очно-заочная,Русский,негосударственный,,0.0,11.884495917930655,0,0,2,1
403,09.03.02 | Информационные системы и технологии,Системная инженерия и интеграция,Институт математики и информационных технологий ОГУ,Бакалавриат,Оренбургский государственный университет,Оренбург,25.0,50.0,175000.0,170.0,119.0,0.0,Очная,Русский,государственный,75.0,0.3333333333333333,12.07254696717504,0,0,0,0
404,09.03.03 | Прикладная информатика,Прикладная информатика в юриспруденции,Юридический факультет ДГУ,Бакалавриат,Дагестанский государственный университет,Махачкала,20.0,5.0,122184.0,157.0,,0.0,Очная,Русский,государственный,25.0,0.8,11.71329156859445,0,0,0,0
405,09.03.03 | Прикладная информатика,Прикладная информатика в юриспруденции,Юридический институт ТГТУ,Бакалавриат,Тамбовский государственный технический университет,Тамбов,24.0,10.0,138000.0,135.0,,0.0,Очная,Русский,государственный,34.0,0.7058823529411765,11.835016210489899,0,0,0,0
406,09.03.03 | Прикладная информатика,Прикладная информатика в юриспруденции,Инженерный институт СКГА,Бакалавриат,Северо-Кавказская государственная академия,Черкесск,32.0,15.0,130000.0,141.0,,0.0,Очная,Русский,государственный,47.0,0.6808510638297872,11.775297421715827,0,0,0,0
407,09.03.03 | Прикладная информатика,Прикладная информатика в юриспруденции,Инженерный институт СКГА,Бакалавриат,Северо-Кавказская государственная академия,Черкесск,10.0,15.0,60000.0,159.0,,0.0,Заочная,Русский,государственный,25.0,0.4,11.002116507732017,0,0,2,1
408,09.03.03 | Прикладная информатика,Прикладная информатика в юриспруденции,Факультет права и управления на транспорте ДГТУ в г. Махачкала,Бакалавриат,Дагестанский государственный технический университет,Махачкала,20.0,5.0,122184.0,156.0,,0.0,Очная,Русский,государственный,25.0,0.8,11.71329156859445,0,0,0,0
409,09.03.03 | Прикладная информатика,Прикладная информатика в юриспруденции,Факультет права и управления на транспорте ДГТУ в г. Махачкала,Бакалавриат,Дагестанский государственный технический университет,Махачкала,9.0,5.0,38100.0,192.0,,0.0,Заочная,Русский,государственный,14.0,0.6428571428571429,10.547995807489514,0,0,2,1
410,09.03.03 | Прикладная информатика,Прикладная информатика в юриспруденции,Факультет филиала ДГТУ в г. Дербенте,Бакалавриат,Дагестанский государственный технический университет Филиал в г. Дербенте,Дербент,12.0,3.0,122184.0,156.0,,0.0,Очная,Русский,государственный,15.0,0.8,11.71329156859445,0,0,0,0
411,09.03.03 | Прикладная информатика,Прикладная информатика в юриспруденции,Факультет филиала ДГТУ в г. Дербенте,Бакалавриат,Дагестанский государственный технический университет Филиал в г. Дербенте,Дербент,6.0,10.0,38100.0,174.0,,0.0,Заочная,Русский,государственный,16.0,0.375,10.547995807489514,0,0,2,1
412,09.03.03 | Прикладная информатика,Прикладная информатика в юриспруденции,Факультет филиала ДГТУ в г. Кизляре,Бакалавриат,Дагестанский государственный технический университет Филиал в г. Кизляр,Кизляр,7.0,2.0,115022.0,,119.0,0.0,Очная,Русский,государственный,9.0,0.7777777777777778,11.652887387348054,0,0,0,0
413,09.03.03 | Прикладная информатика,Прикладная информатика в юриспруденции,Факультет филиала ДГТУ в г. Кизляре,Бакалавриат,Дагестанский государственный технический университет Филиал в г. Кизляр,Кизляр,,7.0,33125.0,,,0.0,Заочная,Русский,государственный,,0.0,10.4080737515121,0,0,2,1
414,09.03.03 | Прикладная информатика,Прикладная информатика в дизайне,Институт информационных технологий и автоматизации СПбГУПТД,Бакалавриат,Санкт-Петербургский государственный университет промышленных технологий и дизайна,Санкт-Пете..,23.0,140.0,224000.0,219.0,,0.0,Очная,Русский,государственный,163.0,0.1411042944785276,12.319405795112926,0,0,1,2
415,09.03.03 | Прикладная информатика,Прикладная информатика в дизайне,Институт информационных технологий и автоматизации СПбГУПТД,Бакалавриат,Санкт-Петербургский государственный университет промышленных технологий и дизайна,Санкт-Пете..,19.0,40.0,170000.0,217.0,,0.0,Очно-заочная,Русский,государственный,59.0,0.3220338983050847,12.04355959836804,0,0,2,1
416,09.03.03 | Прикладная информатика,Прикладная информатика в дизайне,Институт информационных технологий и автоматизации СПбГУПТД,Бакалавриат,Санкт-Петербургский государственный университет промышленных технологий и дизайна,Санкт-Пете..,,50.0,150000.0,,,0.0,Заочная,Русский,государственный,,0.0,11.918397239722838,0,0,2,1
417,09.03.03 | Прикладная информатика,Прикладная информатика в дизайне,Институт системного анализа и управления,Бакалавриат,Государственный университет «Дубна»,Москва,13.0,5.0,240200.0,149.0,119.0,0.0,Очная,Русский,государственный,18.0,0.7222222222222222,12.38923135181669,0,0,0,0
418,09.03.03 | Прикладная информатика,Прикладная информатика в дизайне,Факультет математики и информатики НГПУ,Бакалавриат,Набережночелнинский государственный педагогический университет,Набережные..,20.0,10.0,173735.0,135.0,120.0,0.0,Очная,Русский,государственный,30.0,0.6666666666666666,12.065292184641088,0,0,0,0
419,09.03.03 | Прикладная информатика,Прикладная информатика в дизайне,Факультет математики и информатики НГПУ,Бакалавриат,Набережночелнинский государственный педагогический университет,Набережные..,,15.0,60000.0,,120.0,0.0,Заочная,Русский,государственный,,0.0,11.002116507732017,0,0,2,1
420,09.03.03 | Прикладная информатика,Прикладная информатика в дизайне,"Институт математики, физики и информационных технологий ТГУ",Бакалавриат,Тольяттинский государственный университет,Тольятти,8.0,2.0,164300.0,178.0,131.0,0.0,Очная,Русский,государственный,10.0,0.8,12.009455390434104,0,0,0,0
421,09.03.03 | Прикладная информатика,Прикладная информатика в дизайне,Гуманитарный факультет ПНИПУ,Бакалавриат,Пермский национальный исследовательский политехнический университет,Пермь,22.0,15.0,183000.0,219.0,,0.0,Очная,Русский,государственный,37.0,0.5945945945945946,12.117246896289503,0,0,0,0
422,09.03.03 | Прикладная информатика,Прикладная информатика в дизайне,Факультет бизнес-коммуникаций и информатики ИГУ,Бакалавриат,Иркутский государственный университет,Иркутск,23.0,25.0,215800.0,191.0,,0.0,Очная,Русский,государственный,48.0,0.4791666666666667,12.282111965715732,0,0,0,0
423,09.03.03 | Прикладная информатика,Прикладная информатика в дизайне,Институт гуманитарных наук АлтГУ,Бакалавриат,Алтайский государственный университет,Барнаул,65.0,2.0,156610.0,191.0,,0.0,Очная,Русский,государственный,67.0,0.9701492537313433,11.96152030272839,0,0,0,0
424,09.03.03 | Прикладная информатика,Прикладная информатика в дизайне,Институт гуманитарных наук АлтГУ,Бакалавриат,Алтайский государственный университет,Барнаул,12.0,6.0,68960.0,191.0,,0.0,Заочная,Русский,государственный,18.0,0.6666666666666666,11.141296406392527,0,0,2,1
425,09.03.03 | Прикладная информатика,Прикладная информатика в дизайне,Институт математики и компьютерных технологий ДВФУ,Бакалавриат,Дальневосточный федеральный университет,Владивосто..,50.0,2.0,292000.0,197.0,,0.0,Очная,Русский,государственный,52.0,0.9615384615384616,12.584512505902088,0,0,0,0
426,09.03.03 | Прикладная информатика,Прикладная информатика в дизайне,Институт цифровых технологий и естественных наук ТГАСУ,Бакалавриат,Томский государственный архитектурно-строительный университет,Томск,31.0,1.0,198061.0,156.0,,0.0,Очная,Русский,государственный,32.0,0.96875,12.196335391974426,0,0,0,0
427,09.03.03 | Прикладная информатика,Прикладная информатика в дизайне,Факультет информатики и вычислительной техники ЧувГУ,Бакалавриат,Чувашский государственный университет имени И.Н. Ульянова,Чебоксары,27.0,5.0,140830.0,188.0,,0.0,Очная,Русский,государственный,32.0,0.84375,11.855315868926667,0,0,0,0
428,09.03.03 | Прикладная информатика,Прикладная информатика в дизайне,Факультет информатики и вычислительной техники ЧувГУ,Бакалавриат,Чувашский государственный университет имени И.Н. Ульянова,Чебоксары,,20.0,43000.0,,120.0,0.0,Очно-заочная,Русский,государственный,,0.0,10.668978650219241,0,0,2,1
429,09.03.03 | Прикладная информатика,Прикладная информатика в дизайне,Факультет информатики и вычислительной техники ЧувГУ,Бакалавриат,Чувашский государственный университет имени И.Н. Ульянова,Чебоксары,,50.0,37200.0,,,0.0,Заочная,Русский,государственный,,0.0,10.524090921620362,0,0,2,1
430,09.03.03 | Прикладная информатика,Прикладная информатика в дизайне,Инженерно-технологический институт ХГУ,Бакалавриат,Хакасский государственный университет им. Н.Ф. Катанова,Абакан,30.0,7.0,190000.0,144.0,,0.0,Очная,Русский,государственный,37.0,0.8108108108108109,12.154784614286667,0,0,0,0
431,09.03.03 | Прикладная информатика,Прикладная информатика в дизайне,Технологический факультет ДГТУ в г. Махачкала,Бакалавриат,Дагестанский государственный технический университет,Махачкала,20.0,5.0,122184.0,183.0,,0.0,Очная,Русский,государственный,25.0,0.8,11.71329156859445,0,0,0,0
432,09.03.03 | Прикладная информатика,Прикладная информатика в дизайне,Технологический факультет ДГТУ в г. Махачкала,Бакалавриат,Дагестанский государственный технический университет,Махачкала,9.0,5.0,38100.0,192.0,,0.0,Заочная,Русский,государственный,14.0,0.6428571428571429,10.547995807489514,0,0,2,1
433,09.03.03 | Прикладная информатика,Прикладная информатика в дизайне,Факультет информационных технологий ВХУТЕИН,Бакалавриат,Художественно-технический институт,Санкт-Пете..,,65.0,185000.0,,,0.0,Очная,Русский,негосударственный,,0.0,12.128116509451258,0,0,2,1
434,09.03.03 | Прикладная информатика,Прикладная информатика в экономике,Инженерно-экономический институт НИУ МЭИ,Бакалавриат,Национальный исследовательский университет «МЭИ»,Москва,30.0,30.0,390000.0,261.0,,0.0,Очная,Русский,государственный,60.0,0.5,12.873904582205107,0,0,1,2
435,09.03.03 | Прикладная информатика,Прикладная информатика в экономике,Инженерно-экономический институт НИУ МЭИ,Бакалавриат,Национальный исследовательский университет «МЭИ»,Москва,,100.0,168000.0,,,0.0,Очно-заочная,Русский,государственный,,0.0,12.031725210748633,0,0,2,1
436,09.03.03 | Прикладная информатика,Прикладная информатика в экономике,Институт экономики и финансов МИИТ,Бакалавриат,Российский университет транспорта,Москва,60.0,7.0,347000.0,237.0,,0.0,Очная,Русский,государственный,67.0,0.8955223880597015,12.757082940769225,0,0,1,2
437,09.03.03 | Прикладная информатика,Прикладная информатика в экономике,"Высшая школа кибертехнологий, математики и статистики РЭУ им. Г. В. Плеханова",Бакалавриат,Российский экономический университет имени Г.В. Плеханова,Москва,20.0,34.0,380000.0,258.0,,0.0,Очная,Русский,государственный,54.0,0.37037037037037035,12.847929163278053,0,0,1,2
438,09.03.03 | Прикладная информатика,Прикладная информатика в экономике,"Высшая школа кибертехнологий, математики и статистики РЭУ им. Г. В. Плеханова",Бакалавриат,Российский экономический университет имени Г.В. Плеханова,Москва,,10.0,280000.0,,,0.0,Очно-заочная,Русский,государственный,,0.0,12.54254845357358,0,0,0,0
439,09.03.03 | Прикладная информатика,Прикладная информатика в экономике,Факультет информационных технологий и анализа больших данных Финансовый университет,Бакалавриат,Финансовый университет при Правительстве Российской Федерации,Москва,43.0,80.0,365000.0,246.0,119.0,0.0,Очная,Русский,государственный,123.0,0.34959349593495936,12.807655372286902,0,0,1,2
440,09.03.03 | Прикладная информатика,Прикладная информатика в экономике,Факультет информационных технологий и анализа больших данных Финансовый университет,Бакалавриат,Финансовый университет при Правительстве Российской Федерации,Москва,30.0,70.0,225000.0,229.0,119.0,0.0,Очно-заочная,Русский,государственный,100.0,0.3,12.323860125621126,0,0,1,2
441,09.03.03 | Прикладная информатика,Прикладная информатика в экономике,Факультет информационных технологий и анализа больших данных Финансовый университет,Бакалавриат,Финансовый университет при Правительстве Российской Федерации,Москва,38.0,60.0,190000.0,253.0,119.0,0.0,Дистанционная,Русский,государственный,98.0,0.3877551020408163,12.154784614286667,0,0,1,2
442,09.03.03 | Прикладная информатика,Прикладная информатика в экономике,"Факультет экономики, управления и международных отношений МосГУ",Бакалавриат,Московский гуманитарный университет,Москва,,75.0,260000.0,,,0.0,Очная,Русский,негосударственный,,0.0,12.468440756144114,0,0,0,0
443,09.03.03 | Прикладная информатика,Прикладная информатика в экономике,"Факультет экономики, управления и международных отношений МосГУ",Бакалавриат,Московский гуманитарный университет,Москва,,75.0,100000.0,,,0.0,Заочная,Русский,негосударственный,,0.0,11.51293546492023,0,0,2,1
444,09.03.03 | Прикладная информатика,Прикладная информатика в экономике,Институт информационных систем и инженерно-компьютерных технологий,Бакалавриат,Российский новый университет,Москва,,30.0,220000.0,,,0.0,Очная,Русский,негосударственный,,0.0,12.301387370778713,0,0,0,0
445,09.03.03 | Прикладная информатика,Прикладная информатика в экономике,Институт информационных систем и инженерно-компьютерных технологий,Бакалавриат,Российский новый университет,Москва,,25.0,93000.0,,,0.0,Заочная,Русский,негосударственный,,0.0,11.440365524765756,0,0,2,1
446,09.03.03 | Прикладная информатика,Прикладная информатика в экономике,Институт информационных систем и инженерно-компьютерных технологий,Бакалавриат,Российский новый университет,Москва,,130.0,50000.0,,,0.0,Дистанционная,Русский,негосударственный,,0.0,10.819798284210286,0,0,2,1
447,09.03.03 | Прикладная информатика,Прикладная информатика в экономике,Факультет высшего образования МТИ,Бакалавриат,Московский технологический институт МосТех,Москва,,444.0,80000.0,,99.0,0.0,Дистанционная,Русский,негосударственный,,0.0,11.289794413577894,0,0,2,1
448,09.03.03 | Прикладная информатика,Прикладная информатика в экономике,Факультет МФЮА,Бакалавриат,Московский финансово-юридический университет,Москва,5.0,167.0,348000.0,245.0,85.0,0.0,Очная,Русский,негосударственный,172.0,0.029069767441860465,12.759960632315702,0,0,1,2
449,09.03.03 | Прикладная информатика,Прикладная информатика в экономике,Факультет МФЮА,Бакалавриат,Московский финансово-юридический университет,Москва,,415.0,90000.0,,85.0,0.0,Заочная,Русский,негосударственный,,0.0,11.407576060361786,0,0,2,1
450,09.03.03 | Прикладная информатика,Прикладная информатика в экономике,Факультет МФЮА,Бакалавриат,Московский финансово-юридический университет,Москва,,100.0,80000.0,,85.0,0.0,Дистанционная,Русский,негосударственный,,0.0,11.289794413577894,0,0,2,1
451,09.03.03 | Прикладная информатика,Прикладная информатика в экономике,Факультет экономики и управления МГЭИ,Бакалавриат,Московский гуманитарно-экономический университет,Москва,,10.0,140000.0,,99.0,0.0,Очная,Русский,негосударственный,,0.0,11.849404844423074,0,0,2,1
452,09.03.03 | Прикладная информатика,Прикладная информатика в экономике,Факультет экономики и управления МГЭИ,Бакалавриат,Московский гуманитарно-экономический университет,Москва,,10.0,72000.0,,99.0,0.0,Заочная,Русский,негосударственный,,0.0,11.184435286790631,0,0,2,1
453,09.03.03 | Прикладная информатика,Прикладная информатика в экономике,Институт управления и информационных технологий,Бакалавриат,Санкт-Петербургский университет технологий управления и экономики,Санкт-Пете..,,150.0,220000.0,,,0.0,Очная,Русский,негосударственный,,0.0,12.301387370778713,0,0,2,1
454,09.03.03 | Прикладная информатика,Прикладная информатика в экономике,Институт управления и информационных технологий,Бакалавриат,Санкт-Петербургский университет технологий управления и экономики,Санкт-Пете..,,150.0,104000.0,,,0.0,Заочная,Русский,негосударственный,,0.0,11.552155793461898,0,0,2,1
455,09.03.03 | Прикладная информатика,Прикладная информатика в экономике,Факультет математики и информатики ЛГУ им. Пушкина,Бакалавриат,Ленинградский государственный университет имени А. С. Пушкина,Санкт-Пете..,15.0,30.0,223400.0,188.0,,0.0,Очная,Русский,государственный,45.0,0.3333333333333333,12.316723641882957,0,0,0,0
456,09.03.03 | Прикладная информатика,Прикладная информатика в экономике,Факультет математики и информатики ЛГУ им. Пушкина,Бакалавриат,Ленинградский государственный университет имени А. С. Пушкина,Санкт-Пете..,,50.0,74500.0,,,0.0,Заочная,Русский,государственный,,0.0,11.218567827096358,0,0,2,1
457,09.03.03 | Прикладная информатика,Прикладная информатика в экономике,Факультет информатики и прикладной математики СПбГЭУ,Бакалавриат,Санкт-Петербургский государственный экономический университет,Санкт-Пете..,,100.0,304000.0,,,0.0,Очная,Русский,государственный,,0.0,12.624786269856633,0,0,0,0
458,09.03.03 | Прикладная информатика,Прикладная информатика в экономике,Институт информационных технологий и автоматизации СПбГУПТД,Бакалавриат,Санкт-Петербургский государственный университет промышленных технологий и дизайна,Санкт-Пете..,5.0,50.0,224000.0,219.0,,0.0,Очная,Русский,государственный,55.0,0.09090909090909091,12.319405795112926,0,0,0,0
459,09.03.03 | Прикладная информатика,Прикладная информатика в экономике,Институт информационных технологий и автоматизации СПбГУПТД,Бакалавриат,Санкт-Петербургский государственный университет промышленных технологий и дизайна,Санкт-Пете..,,25.0,110000.0,,,0.0,Заочная,Русский,государственный,,0.0,11.608244735642321,0,0,2,1
460,09.03.03 | Прикладная информатика,Прикладная информатика в экономике,Факультет Информационных технологий,Бакалавриат,"Московский Университет ""Синергия""",Москва,,150.0,100000.0,,85.0,0.0,Дистанционная,Русский,негосударственный,,0.0,11.51293546492023,0,0,2,1
461,09.03.03 | Прикладная информатика,Прикладная информатика в экономике,Факультет Информационных технологий,Бакалавриат,"Московский Университет ""Синергия""",Москва,,60.0,330000.0,,85.0,0.0,Очная,Русский,негосударственный,,0.0,12.706850963741102,0,0,0,0
462,09.03.03 | Прикладная информатика,Прикладная информатика в экономике,Факультет Информационных технологий,Бакалавриат,"Московский Университет ""Синергия""",Москва,,60.0,310000.0,,85.0,0.0,Очная,Русский,негосударственный,,0.0,12.644330802262578,0,0,0,0
463,09.03.03 | Прикладная информатика,Прикладная информатика в экономике,Факультет Информационных технологий,Бакалавриат,"Московский Университет ""Синергия""",Москва,,150.0,100000.0,,85.0,0.0,Дистанционная,Русский,негосударственный,,0.0,11.51293546492023,0,0,2,1
464,09.03.03 | Прикладная информатика,Прикладная информатика в экономике,Социально-экономический факультет НОИР,Бакалавриат,Национальный открытый институт,Санкт-Пете..,,60.0,88000.0,,103.0,0.0,Заочная,Русский,негосударственный,,0.0,11.385103457032141,0,0,2,1
465,09.03.03 | Прикладная информатика,Прикладная информатика в экономике,Институт информатики и вычислительной техники СибГУТИ,Бакалавриат,Сибирский государственный университет телекоммуникаций и информатики,Новосибирс..,43.0,25.0,160000.0,214.0,,0.0,Очная,Русский,государственный,68.0,0.6323529411764706,11.982935344196433,0,0,0,0
466,09.03.03 | Прикладная информатика,Прикладная информатика в экономике,Институт информатики и вычислительной техники СибГУТИ,Бакалавриат,Сибирский государственный университет телекоммуникаций и информатики,Новосибирс..,,25.0,69000.0,,,0.0,Дистанционная,Русский,государственный,,0.0,11.141876276228,0,0,2,1
467,09.03.03 | Прикладная информатика,Прикладная информатика в экономике,Факультет информатики,Бакалавриат,Государственный гуманитарно-технологический университет,Москва,,30.0,70000.0,,,0.0,Очно-заочная,Русский,государственный,,0.0,11.156264806643742,0,0,2,1
468,09.03.03 | Прикладная информатика,Прикладная информатика в экономике,Факультет цифровых технологий НГУЭУ,Бакалавриат,Новосибирский государственный университет экономики и управления - НИНХ,Новосибирс..,44.0,18.0,189000.0,193.0,,0.0,Очная,Русский,государственный,62.0,0.7096774193548387,12.149507585033072,0,0,0,0
469,09.03.03 | Прикладная информатика,Прикладная информатика в экономике,Факультет цифровых технологий НГУЭУ,Бакалавриат,Новосибирский государственный университет экономики и управления - НИНХ,Новосибирс..,20.0,42.0,95000.0,189.0,,0.0,Заочная,Русский,государственный,62.0,0.3225806451612903,11.461642696843066,0,0,2,1
470,09.03.03 | Прикладная информатика,Прикладная информатика в экономике,"Факультет Информационных технологий ""ТИСБИ""",Бакалавриат,"Университет управления ""ТИСБИ""",Казань,24.0,30.0,150000.0,156.0,,0.0,Очная,Русский,негосударственный,54.0,0.4444444444444444,11.918397239722838,0,0,0,0
471,09.03.03 | Прикладная информатика,Прикладная информатика в экономике,"Факультет Информационных технологий ""ТИСБИ""",Бакалавриат,"Университет управления ""ТИСБИ""",Казань,,80.0,60000.0,,99.0,0.0,Заочная,Русский,негосударственный,,0.0,11.002116507732017,0,0,2,1
472,09.03.03 | Прикладная информатика,Прикладная информатика в экономике,Факультет менеджмента и инженерного бизнеса ИЭУП,Бакалавриат,Казанский инновационный университет имени В.Г. Тимирясова (ИЭУП),Казань,5.0,80.0,172000.0,178.0,,0.0,Очная,Русский,негосударственный,85.0,0.058823529411764705,12.055255569732177,0,0,2,1
473,09.03.03 | Прикладная информатика,Прикладная информатика в экономике,Факультет менеджмента и инженерного бизнеса ИЭУП,Бакалавриат,Казанский инновационный университет имени В.Г. Тимирясова (ИЭУП),Казань,,20.0,172000.0,,99.0,0.0,Очная,Русский,негосударственный,,0.0,12.055255569732177,0,0,2,1
474,09.03.03 | Прикладная информатика,Прикладная информатика в экономике,Факультет менеджмента и инженерного бизнеса ИЭУП,Бакалавриат,Казанский инновационный университет имени В.Г. Тимирясова (ИЭУП),Казань,,5.0,172000.0,,99.0,0.0,Очная,Русский,негосударственный,,0.0,12.055255569732177,0,0,2,1
475,09.03.03 | Прикладная информатика,Прикладная информатика в экономике,Факультет экономики и управления КИФЭИ,Бакалавриат,"Казанский институт финансов, экономики и информатики",Казань,,100.0,80000.0,,110.0,0.0,Очная,Русский,негосударственный,,0.0,11.289794413577894,0,0,2,1
476,09.03.03 | Прикладная информатика,Прикладная информатика в экономике,Факультет экономики и управления КИФЭИ,Бакалавриат,"Казанский институт финансов, экономики и информатики",Казань,,100.0,60000.0,,110.0,0.0,Очно-заочная,Русский,негосударственный,,0.0,11.002116507732017,0,0,2,1
477,09.03.03 | Прикладная информатика,Прикладная информатика в экономике,Факультет экономики и управления КИФЭИ,Бакалавриат,"Казанский институт финансов, экономики и информатики",Казань,,100.0,60000.0,,110.0,0.0,Заочная,Русский,негосударственный,,0.0,11.002116507732017,0,0,2,1
478,09.03.03 | Прикладная информатика,Прикладная информатика в экономике,Институт информационных технологий ННГАСУ,Бакалавриат,Нижегородский государственный архитектурно-строительный университет,Нижний Нов..,25.0,23.0,165600.0,198.0,,0.0,Очная,Русский,государственный,48.0,0.5208333333333334,12.017336559562407,0,0,0,0
479,09.03.03 | Прикладная информатика,Прикладная информатика в экономике,Институт информационных технологий ННГАСУ,Бакалавриат,Нижегородский государственный архитектурно-строительный университет,Нижний Нов..,,50.0,75200.0,,,0.0,Заочная,Русский,государственный,,0.0,11.227919807721856,0,0,2,1
480,09.03.03 | Прикладная информатика,Прикладная информатика в экономике,Институт экономики ННГУ им. Лобачевского,Бакалавриат,Национальный исследовательский Нижегородский государственный университет им. Н.И. Лобачевского,Нижний Нов..,20.0,100.0,250000.0,234.0,,0.0,Очная,Русский,государственный,120.0,0.16666666666666666,12.429220196836383,0,0,1,2
481,09.03.03 | Прикладная информатика,Прикладная информатика в экономике,Институт экономики ННГУ им. Лобачевского,Бакалавриат,Национальный исследовательский Нижегородский государственный университет им. Н.И. Лобачевского,Нижний Нов..,,90.0,125000.0,,,0.0,Заочная,Русский,государственный,,0.0,11.736077016252437,0,0,2,1
482,09.03.03 | Прикладная информатика,Прикладная информатика в экономике,Инженерный факультет НГАТУ,Бакалавриат,Нижегородский государственный агротехнологический университет,Нижний Нов..,25.0,25.0,136000.0,137.0,,0.0,Очная,Русский,государственный,50.0,0.5,11.820417517632333,0,0,0,0
483,09.03.03 | Прикладная информатика,Прикладная информатика в экономике,Инженерный факультет НГАТУ,Бакалавриат,Нижегородский государственный агротехнологический университет,Нижний Нов..,,25.0,52000.0,,,0.0,Заочная,Русский,государственный,,0.0,10.859018228147887,0,0,2,1
484,09.03.03 | Прикладная информатика,Прикладная информатика в экономике,Факультет экономики и управления СИБИТ,Бакалавриат,Сибирский институт бизнеса и информационных технологий,Омск,,60.0,121300.0,,,0.0,Очная,Русский,негосударственный,,0.0,11.706030338921243,0,0,2,1
485,09.03.03 | Прикладная информатика,Прикладная информатика в экономике,Факультет экономики и управления СИБИТ,Бакалавриат,Сибирский институт бизнеса и информационных технологий,Омск,,60.0,48000.0,,,0.0,Заочная,Русский,негосударственный,,0.0,10.778977123006351,0,0,2,1
486,09.03.03 | Прикладная информатика,Прикладная информатика в экономике,Факультет экономики и управления СИБИТ,Бакалавриат,Сибирский институт бизнеса и информационных технологий,Омск,,120.0,50000.0,,,0.0,Очно-заочная,Русский,негосударственный,,0.0,10.819798284210286,0,0,2,1
487,09.03.03 | Прикладная информатика,Прикладная информатика в экономике,Факультет «Авиастроение» ДГТУ,Бакалавриат,Донской государственный технический университет,Ростов-на-..,43.0,16.0,153300.0,200.0,119.0,0.0,Очная,Русский,государственный,59.0,0.7288135593220338,11.940158587995837,0,0,0,0
488,09.03.03 | Прикладная информатика,Прикладная информатика в экономике,Институт нефтегазового бизнеса УГНТУ,Бакалавриат,Уфимский государственный нефтяной технический университет,Уфа,18.0,30.0,168000.0,196.0,,0.0,Очная,Русский,государственный,48.0,0.375,12.031725210748633,0,0,0,0
489,09.03.03 | Прикладная информатика,Прикладная информатика в экономике,Институт нефтегазового бизнеса УГНТУ,Бакалавриат,Уфимский государственный нефтяной технический университет,Уфа,12.0,30.0,90000.0,223.0,,0.0,Заочная,Русский,государственный,42.0,0.2857142857142857,11.407576060361786,0,0,2,1
490,09.03.03 | Прикладная информатика,Прикладная информатика в экономике,Факультет информационных технологий и управления БашГАУ,Бакалавриат,Башкирский государственный аграрный университет,Уфа,,15.0,167700.0,,,0.0,Очная,Русский,государственный,,0.0,12.02993791082274,0,0,2,1
491,09.03.03 | Прикладная информатика,Прикладная информатика в экономике,Факультет информационных технологий и управления БашГАУ,Бакалавриат,Башкирский государственный аграрный университет,Уфа,,15.0,53000.0,,,0.0,Заочная,Русский,государственный,,0.0,10.87806606028079,0,0,2,1
492,09.03.03 | Прикладная информатика,Прикладная информатика в экономике,Факультет прикладной информатики КубГАУ,Бакалавриат,Кубанский государственный аграрный университет имени И.Т. Трубилина,Краснодар,70.0,33.0,195000.0,231.0,,0.0,Очная,Русский,государственный,103.0,0.6796116504854369,12.180759965737863,0,0,1,2
493,09.03.03 | Прикладная информатика,Прикладная информатика в экономике,Факультет прикладной информатики КубГАУ,Бакалавриат,Кубанский государственный аграрный университет имени И.Т. Трубилина,Краснодар,15.0,45.0,75000.0,198.0,,0.0,Заочная,Русский,государственный,60.0,0.25,11.225256725762893,0,0,2,1
494,09.03.03 | Прикладная информатика,Прикладная информатика в экономике,Факультет компьютерных технологий и прикладной математики КубГУ,Бакалавриат,Кубанский государственный университет,Краснодар,15.0,26.0,189000.0,255.0,,0.0,Очная,Русский,государственный,41.0,0.36585365853658536,12.149507585033072,0,0,0,0
495,09.03.03 | Прикладная информатика,Прикладная информатика в экономике,"Факультет инновационных, инженерных и цифровых технологий СГУ",Бакалавриат,Сочинский государственный университет,Сочи,19.0,31.0,170000.0,195.0,,0.0,Очная,Русский,государственный,50.0,0.38,12.04355959836804,0,0,0,0
496,09.03.03 | Прикладная информатика,Прикладная информатика в экономике,"Институт математики, информационных технологий и физики УдГУ",Бакалавриат,Удмуртский государственный университет,Ижевск,16.0,5.0,159400.0,,119.0,0.0,Очная,Русский,государственный,21.0,0.7619047619047619,11.979178318844294,0,0,0,0
497,09.03.03 | Прикладная информатика,Прикладная информатика в экономике,"Институт математики, информационных технологий и физики УдГУ",Бакалавриат,Удмуртский государственный университет,Ижевск,,16.0,41500.0,,119.0,0.0,Заочная,Русский,государственный,,0.0,10.633472802314019,0,0,2,1
498,09.03.03 | Прикладная информатика,Прикладная информатика в экономике,Гуманитарный факультет ПНИПУ,Бакалавриат,Пермский национальный исследовательский политехнический университет,Пермь,20.0,5.0,183000.0,201.0,,0.0,Очная,Русский,государственный,25.0,0.8,12.117246896289503,0,0,0,0
499,09.03.03 | Прикладная информатика,Прикладная информатика в экономике,Гуманитарный факультет ПНИПУ,Бакалавриат,Пермский национальный исследовательский политехнический университет,Пермь,10.0,10.0,75000.0,221.0,,0.0,Заочная,Русский,государственный,20.0,0.5,11.225256725762893,0,0,2,1
500,09.03.03 | Прикладная информатика,Прикладная информатика в экономике,Факультет «Информационные технологии» ИжГТУ имени М. Т. Калашникова,Бакалавриат,Ижевский государственный технический университет им. М.Т. Калашникова,Ижевск,28.0,2.0,160500.0,124.0,124.0,0.0,Очная,Русский,государственный,30.0,0.9333333333333333,11.986055452062393,0,0,0,0
501,09.03.03 | Прикладная информатика,Прикладная информатика в экономике,Факультет компьютерных наук ВГУ,Бакалавриат,Воронежский государственный университет,Воронеж,38.0,10.0,174000.0,208.0,,0.0,Очная,Русский,государственный,48.0,0.7916666666666666,12.066816325306588,0,0,0,0
502,09.03.03 | Прикладная информатика,Прикладная информатика в экономике,Экономический факультет ВЭПИ,Бакалавриат,Воронежский экономико-правовой институт,Воронеж,,108.0,70000.0,,99.0,0.0,Очная,Русский,негосударственный,,0.0,11.156264806643742,0,0,2,1
503,09.03.03 | Прикладная информатика,Прикладная информатика в экономике,Экономический факультет ВЭПИ,Бакалавриат,Воронежский экономико-правовой институт,Воронеж,,278.0,40000.0,,99.0,0.0,Заочная,Русский,негосударственный,,0.0,10.596659732783579,0,0,2,1
504,09.03.03 | Прикладная информатика,Прикладная информатика в экономике,Факультет экономики и управления ВолгГТУ,Бакалавриат,Волгоградский государственный технический университет,Волгоград,30.0,20.0,149530.0,211.0,,0.0,Очная,Русский,государственный,50.0,0.6,11.91525900817674,0,0,0,0
505,09.03.03 | Прикладная информатика,Прикладная информатика в экономике,Механико-математический факультет СГУ им. Чернышевского,Бакалавриат,Саратовский национальный исследовательский государственный университет имени Н.Г. Чернышевского,Саратов,20.0,20.0,135888.0,189.0,119.0,0.0,Очная,Русский,государственный,40.0,0.5,11.819593654994243,0,0,0,0
506,09.03.03 | Прикладная информатика,Прикладная информатика в экономике,Механико-математический факультет СГУ им. Чернышевского,Бакалавриат,Саратовский национальный исследовательский государственный университет имени Н.Г. Чернышевского,Саратов,12.0,5.0,51900.0,137.0,,0.0,Заочная,Русский,государственный,17.0,0.7058823529411765,10.857093336791094,0,0,2,1
507,09.03.03 | Прикладная информатика,Прикладная информатика в экономике,Факультет бизнес-коммуникаций и информатики ИГУ,Бакалавриат,Иркутский государственный университет,Иркутск,25.0,15.0,215800.0,190.0,119.0,0.0,Очная,Русский,государственный,40.0,0.625,12.282111965715732,0,0,0,0
508,09.03.03 | Прикладная информатика,Прикладная информатика в экономике,Факультет информационных технологий АлтГТУ,Бакалавриат,Алтайский государственный технический университет им. И.И. Ползунова,Барнаул,55.0,15.0,170000.0,184.0,,0.0,Очная,Русский,государственный,70.0,0.7857142857142857,12.04355959836804,0,0,0,0
509,09.03.03 | Прикладная информатика,Прикладная информатика в экономике,Факультет информационных технологий АлтГТУ,Бакалавриат,Алтайский государственный технический университет им. И.И. Ползунова,Барнаул,15.0,30.0,90000.0,199.0,,0.0,Заочная,Русский,государственный,45.0,0.3333333333333333,11.407576060361786,0,0,2,1
510,09.03.03 | Прикладная информатика,Прикладная информатика в экономике,Факультет информатики и информационных технологий ДГУ,Бакалавриат,Дагестанский государственный университет,Махачкала,15.0,5.0,122184.0,173.0,124.0,0.0,Очная,Русский,государственный,20.0,0.75,11.71329156859445,0,0,0,0
511,09.03.03 | Прикладная информатика,Прикладная информатика в экономике,Экономический факультет ДГСХА,Бакалавриат,Дагестанский государственный аграрный университет имени М.М. Джамбулатова,Махачкала,17.0,25.0,122200.0,129.0,,0.0,Очная,Русский,государственный,42.0,0.40476190476190477,11.713422508992204,0,0,0,0
512,09.03.03 | Прикладная информатика,Прикладная информатика в экономике,Экономический факультет ДГСХА,Бакалавриат,Дагестанский государственный аграрный университет имени М.М. Джамбулатова,Махачкала,,25.0,28000.0,,,0.0,Заочная,Русский,государственный,,0.0,10.239995502805316,0,0,2,1
513,09.03.03 | Прикладная информатика,Прикладная информатика в экономике,Экономический факультет ДГСХА,Бакалавриат,Дагестанский государственный аграрный университет имени М.М. Джамбулатова,Махачкала,,25.0,30000.0,,99.0,0.0,Очно-заочная,Русский,государственный,,0.0,10.308985993422082,0,0,2,1
514,09.03.03 | Прикладная информатика,Прикладная информатика в экономике,Факультет систем управления ТУСУР,Бакалавриат,Томский государственный университет систем управления и радиоэлектроники,Томск,35.0,20.0,198500.0,189.0,124.0,0.0,Очная,Русский,государственный,55.0,0.6363636363636364,12.198549416880068,0,0,0,0
515,09.03.03 | Прикладная информатика,Прикладная информатика в экономике,Факультет систем управления ТУСУР,Бакалавриат,Томский государственный университет систем управления и радиоэлектроники,Томск,15.0,20.0,74000.0,235.0,,0.0,Дистанционная,Русский,государственный,35.0,0.42857142857142855,11.211833885608513,0,0,2,1
516,09.03.03 | Прикладная информатика,Прикладная информатика в экономике,Факультет систем управления ТУСУР,Бакалавриат,Томский государственный университет систем управления и радиоэлектроники,Томск,,60.0,74000.0,,124.0,0.0,Дистанционная,Русский,государственный,,0.0,11.211833885608513,0,0,2,1
517,09.03.03 | Прикладная информатика,Прикладная информатика в экономике,Факультет систем управления ТУСУР,Бакалавриат,Томский государственный университет систем управления и радиоэлектроники,Томск,,20.0,74000.0,,124.0,0.0,Дистанционная,Русский,государственный,,0.0,11.211833885608513,0,0,2,1
518,09.03.03 | Прикладная информатика,Прикладная информатика в экономике,Институт математики и информационных технологий ОГУ,Бакалавриат,Оренбургский государственный университет,Оренбург,25.0,100.0,175000.0,167.0,,0.0,Очная,Русский,государственный,125.0,0.2,12.07254696717504,0,0,0,0
519,09.03.03 | Прикладная информатика,Прикладная информатика в экономике,Институт фундаментальных наук КемГУ,Бакалавриат,Кемеровский государственный университет,Кемерово,25.0,5.0,181500.0,159.0,,0.0,Очная,Русский,государственный,30.0,0.8333333333333334,12.109016442313738,0,0,0,0
520,09.03.03 | Прикладная информатика,Прикладная информатика в экономике,Институт фундаментальных наук КемГУ,Бакалавриат,Кемеровский государственный университет,Кемерово,,25.0,68800.0,,,0.0,Заочная,Русский,государственный,,0.0,11.138973558699526,0,0,2,1
521,09.03.03 | Прикладная информатика,Прикладная информатика в экономике,Факультет вычислительной техники РГРТУ,Бакалавриат,Рязанский государственный радиотехнический университет,Рязань,26.0,25.0,169000.0,237.0,,0.0,Очная,Русский,государственный,51.0,0.5098039215686274,12.037659911047468,0,0,0,0
522,09.03.03 | Прикладная информатика,Прикладная информатика в экономике,Факультет вычислительной техники РГРТУ,Бакалавриат,Рязанский государственный радиотехнический университет,Рязань,9.0,35.0,79000.0,218.0,,0.0,Заочная,Русский,государственный,44.0,0.20454545454545456,11.277215789596893,0,0,2,1
523,09.03.03 | Прикладная информатика,Прикладная информатика в экономике,"Институт информационных технологий, машиностроения и автотранспорта КузГТУ им. Горбачева",Бакалавриат,Кузбасский государственный технический университет,Кемерово,65.0,15.0,170449.0,180.0,,0.0,Очная,Русский,государственный,80.0,0.8125,12.04619727756605,0,0,0,0
524,09.03.03 | Прикладная информатика,Прикладная информатика в экономике,Институт информационных технологий и коммуникаций АГТУ,Бакалавриат,Астраханский государственный технический университет,Астрахань,33.0,15.0,186000.0,186.0,,0.0,Очная,Русский,государственный,48.0,0.6875,12.133507329024972,0,0,0,0
525,09.03.03 | Прикладная информатика,Прикладная информатика в экономике,Институт информационных технологий и коммуникаций АГТУ,Бакалавриат,Астраханский государственный технический университет,Астрахань,,15.0,76000.0,,,0.0,Заочная,Русский,государственный,,0.0,11.23850177707664,0,0,2,1
526,09.03.03 | Прикладная информатика,Прикладная информатика в экономике,Политехнический институт ПГУ,Бакалавриат,Пензенский государственный университет,Пенза,18.0,12.0,144645.0,199.0,,0.0,Очная,Русский,государственный,30.0,0.6,11.88204465706652,0,0,0,0
527,09.03.03 | Прикладная информатика,Прикладная информатика в экономике,Политехнический институт ПГУ,Бакалавриат,Пензенский государственный университет,Пенза,15.0,25.0,40860.0,182.0,,0.0,Заочная,Русский,государственный,40.0,0.375,10.617931341885154,0,0,2,1
528,09.03.03 | Прикладная информатика,Прикладная информатика в экономике,Экономический факультет ПГАУ,Бакалавриат,Пензенский государственный аграрный университет,Пенза,2.0,28.0,144646.0,165.0,,0.0,Очная,Русский,государственный,30.0,0.06666666666666667,11.882051570472653,0,0,2,1
529,09.03.03 | Прикладная информатика,Прикладная информатика в экономике,"Факультет автоматизации, производства и управления КГТУ",Бакалавриат,Калининградский государственный технический университет,Калинингра..,30.0,20.0,165500.0,206.0,,0.0,Очная,Русский,государственный,50.0,0.6,12.016732516077072,0,0,0,0
530,09.03.03 | Прикладная информатика,Прикладная информатика в экономике,"Факультет автоматизации, производства и управления КГТУ",Бакалавриат,Калининградский государственный технический университет,Калинингра..,,50.0,60000.0,,,0.0,Заочная,Русский,государственный,,0.0,11.002116507732017,0,0,2,1
531,09.03.03 | Прикладная информатика,Прикладная информатика в экономике,Институт информационных технологий и телекоммуникаций СКФУ,Бакалавриат,Северо-Кавказский федеральный университет,Ставрополь,25.0,10.0,180000.0,184.0,,0.0,Очная,Русский,государственный,35.0,0.7142857142857143,12.100717685412471,0,0,0,0
532,09.03.03 | Прикладная информатика,Прикладная информатика в экономике,Факультет ЕИУБП,Бакалавриат,"Ессентукский институт управления, бизнеса и права",Ессентуки,,25.0,121300.0,,,0.0,Очная,Русский,негосударственный,,0.0,11.706030338921243,0,0,2,1
533,09.03.03 | Прикладная информатика,Прикладная информатика в экономике,Факультет ЕИУБП,Бакалавриат,"Ессентукский институт управления, бизнеса и права",Ессентуки,,50.0,44000.0,,99.0,0.0,Очно-заочная,Русский,негосударственный,,0.0,10.691967639914864,0,0,2,1
534,09.03.03 | Прикладная информатика,Прикладная информатика в экономике,Факультет ЕИУБП,Бакалавриат,"Ессентукский институт управления, бизнеса и права",Ессентуки,,100.0,42000.0,,99.0,0.0,Заочная,Русский,негосударственный,,0.0,10.645448706505872,0,0,2,1
535,09.03.03 | Прикладная информатика,Прикладная информатика в экономике,Институт инженерных и цифровых технологий,Бакалавриат,Белгородский государственный национальный исследовательский университет,Белгород,31.0,5.0,158720.0,150.0,,0.0,Очная,Русский,государственный,36.0,0.8611111111111112,11.974903222902078,0,0,0,0
536,09.03.03 | Прикладная информатика,Прикладная информатика в экономике,Факультет таможенного дела и информационных технологий БУКЭП,Бакалавриат,"Белгородский университет кооперации, экономики и права",Белгород,,30.0,158712.0,,,0.0,Очная,Русский,негосударственный,,0.0,11.97485281872356,0,0,2,1
537,09.03.03 | Прикладная информатика,Прикладная информатика в экономике,Факультет таможенного дела и информационных технологий БУКЭП,Бакалавриат,"Белгородский университет кооперации, экономики и права",Белгород,25.0,10.0,49500.0,211.0,,0.0,Заочная,Русский,негосударственный,35.0,0.7142857142857143,10.809748150372926,0,0,2,1
538,09.03.03 | Прикладная информатика,Прикладная информатика в экономике,Экономический факультет Воронежский филиал РЭУ им. Г.В. Плеханова,Бакалавриат,Воронежский филиал Российского экономического университета имени Г.В. Плеханова,Воронеж,26.0,5.0,151400.0,155.0,119.0,0.0,Очная,Русский,государственный,31.0,0.8387096774193549,11.927687224983487,0,0,0,0
539,09.03.03 | Прикладная информатика,Прикладная информатика в экономике,Экономический факультет Воронежский филиал РЭУ им. Г.В. Плеханова,Бакалавриат,Воронежский филиал Российского экономического университета имени Г.В. Плеханова,Воронеж,21.0,10.0,40000.0,166.0,,0.0,Заочная,Русский,государственный,31.0,0.6774193548387096,10.596659732783579,0,0,2,1
540,09.03.03 | Прикладная информатика,Прикладная информатика в экономике,Факультет Ивановского филиала РЭУ им. Г.В. Плеханова,Бакалавриат,Ивановский филиал Российского экономического университета имени Г.В. Плеханова,Иваново,34.0,10.0,130780.0,171.0,,0.0,Очная,Русский,государственный,44.0,0.7727272727272727,11.78127944751515,0,0,0,0
541,09.03.03 | Прикладная информатика,Прикладная информатика в экономике,"Факультет филиала НИУ ""МЭИ"" в Смоленске",Бакалавриат,Смоленский филиал Национального исследовательского университета «МЭИ»,Смоленск,16.0,8.0,150000.0,180.0,,0.0,Очная,Русский,государственный,24.0,0.6666666666666666,11.918397239722838,0,0,0,0
542,09.03.03 | Прикладная информатика,Прикладная информатика в экономике,Учётно-финансовый факультет Филиал РЭУ им. Г.В. Плеханова в Перми,Бакалавриат,Пермский институт (филиал) Российского экономического университета имени Г.В. Плеханова,Пермь,41.0,8.0,171000.0,160.0,,0.0,Очная,Русский,государственный,49.0,0.8367346938775511,12.049424683420915,0,0,0,0
543,09.03.03 | Прикладная информатика,Прикладная информатика в экономике,Учётно-финансовый факультет Филиал РЭУ им. Г.В. Плеханова в Перми,Бакалавриат,Пермский институт (филиал) Российского экономического университета имени Г.В. Плеханова,Пермь,,8.0,60000.0,,,0.0,Заочная,Русский,государственный,,0.0,11.002116507732017,0,0,2,1
544,09.03.03 | Прикладная информатика,Прикладная информатика в экономике,Факультет Барнаульского филиала ФУ при Правительстве РФ,Бакалавриат,Алтайский филиал Финансового университета при Правительстве Российской Федерации,Барнаул,19.0,14.0,161000.0,166.0,,0.0,Очная,Русский,государственный,33.0,0.5757575757575758,11.989165855127435,0,0,0,0
545,09.03.03 | Прикладная информатика,Прикладная информатика в экономике,Факультет Уфимского филиала ФУ при Правительстве РФ,Бакалавриат,Уфимский филиал Финансового университета при Правительстве Российской Федерации,Уфа,13.0,13.0,67300.0,197.0,99.0,0.0,Заочная,Русский,государственный,26.0,0.5,11.116930374363438,0,0,2,1
546,09.03.03 | Прикладная информатика,Прикладная информатика в экономике,Факультет Уфимского филиала ФУ при Правительстве РФ,Бакалавриат,Уфимский филиал Финансового университета при Правительстве Российской Федерации,Уфа,,2.0,67300.0,,99.0,0.0,Заочная,Русский,государственный,,0.0,11.116930374363438,0,0,2,1
547,09.03.03 | Прикладная информатика,Прикладная информатика в экономике,Факультет Уфимского филиала ФУ при Правительстве РФ,Бакалавриат,Уфимский филиал Финансового университета при Правительстве Российской Федерации,Уфа,,50.0,67300.0,,99.0,0.0,Заочная,Русский,государственный,,0.0,11.116930374363438,0,0,2,1
548,09.03.03 | Прикладная информатика,Прикладная информатика в экономике,Факультет Елецкого филиала РосНОУ,Бакалавриат,Елецкий филиал Российского нового университета,Елец,,20.0,39000.0,,,0.0,Заочная,Русский,негосударственный,,0.0,10.571342565808699,0,0,2,1
549,09.03.03 | Прикладная информатика,Прикладная информатика в экономике,Факультет экономики и прикладной информатики Тамбовский филиал РосНОУ,Бакалавриат,Тамбовский филиал Российского нового университета,Тамбов,,20.0,98000.0,,,0.0,Очная,Русский,негосударственный,,0.0,11.49273296168228,0,0,2,1
550,09.03.03 | Прикладная информатика,Прикладная информатика в экономике,Факультет экономики и прикладной информатики Тамбовский филиал РосНОУ,Бакалавриат,Тамбовский филиал Российского нового университета,Тамбов,,15.0,52000.0,,,0.0,Заочная,Русский,негосударственный,,0.0,10.859018228147887,0,0,2,1
551,09.03.03 | Прикладная информатика,Прикладная информатика в экономике,Факультет экономики и прикладной информатики Тамбовский филиал РосНОУ,Бакалавриат,Тамбовский филиал Российского нового университета,Тамбов,,15.0,52000.0,,99.0,0.0,Заочная,Русский,негосударственный,,0.0,10.859018228147887,0,0,2,1
552,09.03.03 | Прикладная информатика,Прикладная информатика в экономике,Экономический факультет филиала РУДН в Сочи,Бакалавриат,Сочинский филиал Российского университета дружбы народов,Сочи,12.0,24.0,78000.0,224.0,,0.0,Очно-заочная,Русский,государственный,36.0,0.3333333333333333,11.264476926102367,0,0,2,1
553,09.03.03 | Прикладная информатика,Прикладная информатика в экономике,"Факультет технологий, товароведения и сервиса Среднерусский институт управления - филиал РАНХиГС",Бакалавриат,Среднерусский институт управления - филиал Российской академии народного хозяйства и государственной службы при Президенте Российской Федерации,Орел,13.0,10.0,165800.0,188.0,,0.0,Очная,Русский,государственный,23.0,0.5652173913043478,12.01854355302823,0,0,0,0
554,09.03.03 | Прикладная информатика,Прикладная информатика в экономике,Факультет филиала МФЮА в Волгограде,Бакалавриат,Волгоградский филиал Московского финансово-юридического университета МФЮА,Волгоград,,65.0,52000.0,,85.0,0.0,Очно-заочная,Русский,негосударственный,,0.0,10.859018228147887,0,0,2,1
555,09.03.03 | Прикладная информатика,Прикладная информатика в экономике,Факультет филиала МФЮА в Волгограде,Бакалавриат,Волгоградский филиал Московского финансово-юридического университета МФЮА,Волгоград,,30.0,52000.0,,85.0,0.0,Заочная,Русский,негосударственный,,0.0,10.859018228147887,0,0,2,1
556,09.03.03 | Прикладная информатика,Прикладная информатика в экономике,Факультет информационных систем в экономике филиала МФЮА в Кирове,Бакалавриат,Кировский филиал Московского финансово-юридического университета МФЮА,Киров,,25.0,142100.0,,99.0,0.0,Очная,Русский,негосударственный,,0.0,11.864293351358109,0,0,2,1
557,09.03.03 | Прикладная информатика,Прикладная информатика в экономике,Факультет информационных систем в экономике филиала МФЮА в Кирове,Бакалавриат,Кировский филиал Московского финансово-юридического университета МФЮА,Киров,,100.0,55000.0,,99.0,0.0,Заочная,Русский,негосударственный,,0.0,10.915106645867503,0,0,2,1
558,09.03.03 | Прикладная информатика,Прикладная информатика в экономике,Факультет филиала МФЮА в Орске,Бакалавриат,Орский филиал Московского финансово-юридического университета МФЮА,Оренбург,,40.0,155000.0,,,0.0,Очная,Русский,негосударственный,,0.0,11.951186847493476,0,0,2,1
559,09.03.03 | Прикладная информатика,Прикладная информатика в экономике,Факультет филиала МФЮА в Орске,Бакалавриат,Орский филиал Московского финансово-юридического университета МФЮА,Оренбург,,40.0,45000.0,,99.0,0.0,Заочная,Русский,негосударственный,,0.0,10.714439990727769,0,0,2,1
560,09.03.03 | Прикладная информатика,Прикладная информатика в экономике,Факультет филиала МФЮА в Орске,Бакалавриат,Орский филиал Московского финансово-юридического университета МФЮА,Оренбург,,40.0,45000.0,,99.0,0.0,Очно-заочная,Русский,негосударственный,,0.0,10.714439990727769,0,0,2,1
561,09.03.03 | Прикладная информатика,Прикладная информатика в экономике,Факультет филиала МФЮА в Ярославле,Бакалавриат,Ярославский филиал Московского финансово-юридического университета МФЮА,Ярославль,,40.0,164000.0,,99.0,0.0,Очная,Русский,негосударственный,,0.0,12.00762780434872,0,0,2,1
562,09.03.03 | Прикладная информатика,Прикладная информатика в экономике,Факультет филиала МФЮА в Ярославле,Бакалавриат,Ярославский филиал Московского финансово-юридического университета МФЮА,Ярославль,,30.0,59000.0,,99.0,0.0,Заочная,Русский,негосударственный,,0.0,10.985309671896763,0,0,2,1
563,09.03.03 | Прикладная информатика,Прикладная информатика в экономике,Факультет филиала МФЮА в Ярославле,Бакалавриат,Ярославский филиал Московского финансово-юридического университета МФЮА,Ярославль,,30.0,63000.0,,99.0,0.0,Очно-заочная,Русский,негосударственный,,0.0,11.050905878263567,0,0,2,1
564,09.03.03 | Прикладная информатика,Прикладная информатика в экономике,Факультет филиала ИЭУП в Набережных Челнах,Бакалавриат,Набережночелнинский филиал Казанского инновационного университета имени В.Г. Тимирясова (ИЭУП),Набережные..,,30.0,120000.0,,99.0,0.0,Очная,Русский,негосударственный,,0.0,11.695255355062795,0,0,2,1
565,09.03.03 | Прикладная информатика,Прикладная информатика в экономике,Факультет филиала ИЭУП в Набережных Челнах,Бакалавриат,Набережночелнинский филиал Казанского инновационного университета имени В.Г. Тимирясова (ИЭУП),Набережные..,,15.0,120000.0,,99.0,0.0,Очная,Русский,негосударственный,,0.0,11.695255355062795,0,0,2,1
566,09.03.03 | Прикладная информатика,Прикладная информатика в экономике,Факультет филиала ИЭУП в Набережных Челнах,Бакалавриат,Набережночелнинский филиал Казанского инновационного университета имени В.Г. Тимирясова (ИЭУП),Набережные..,,5.0,120000.0,,99.0,0.0,Очная,Русский,негосударственный,,0.0,11.695255355062795,0,0,2,1
567,09.03.03 | Прикладная информатика,Прикладная информатика в экономике,Факультет «СПбГУП» ИИиИТ,Бакалавриат,Московский областной филиал «Институт искусств и информационных технологий» Санкт-Петербургского Гуманитарного университета профсоюзов,Москва,,10.0,74000.0,,119.0,0.0,Заочная,Русский,негосударственный,,0.0,11.211833885608513,0,0,2,1
568,09.03.03 | Прикладная информатика,Прикладная информатика в экономике,Факультет «СПбГУП» ИИиИТ,Бакалавриат,Московский областной филиал «Институт искусств и информационных технологий» Санкт-Петербургского Гуманитарного университета профсоюзов,Москва,,10.0,150000.0,,119.0,0.0,Очная,Русский,негосударственный,,0.0,11.918397239722838,0,0,2,1
569,09.03.03 | Прикладная информатика,Прикладная информатика в экономике,Факультет филиала ННГУ в г. Арзамас,Бакалавриат,Арзамасский филиал Нижегородского государственного университета им. Н.И. Лобачевского,Нижний Нов..,20.0,20.0,180000.0,153.0,119.0,0.0,Очная,Русский,государственный,40.0,0.5,12.100717685412471,0,0,0,0
570,09.03.03 | Прикладная информатика,Прикладная информатика в экономике,Факультет филиала ННГУ в г. Арзамас,Бакалавриат,Арзамасский филиал Нижегородского государственного университета им. Н.И. Лобачевского,Нижний Нов..,26.0,25.0,70000.0,,,0.0,Очно-заочная,Русский,государственный,51.0,0.5098039215686274,11.156264806643742,0,0,2,1
571,09.03.03 | Прикладная информатика,Прикладная информатика в экономике,Факультет филиала ННГУ в г. Павлово,Бакалавриат,Павловский филиал Нижегородского государственного университета им. Н.И. Лобачевского,Нижний Нов..,,20.0,160000.0,,118.0,0.0,Очная,Русский,государственный,,0.0,11.982935344196433,0,0,2,1
572,09.03.03 | Прикладная информатика,Прикладная информатика в экономике,Факультет филиала ННГУ в г. Павлово,Бакалавриат,Павловский филиал Нижегородского государственного университета им. Н.И. Лобачевского,Нижний Нов..,,30.0,61000.0,,118.0,0.0,Очно-заочная,Русский,государственный,,0.0,11.0186455364637,0,0,2,1
573,09.03.03 | Прикладная информатика,Прикладная информатика в экономике,Высшая школа экономики и права НЧФ КФУ,Бакалавриат,Набережночелнинский институт КФУ (филиал),Набережные..,25.0,1.0,209952.0,124.0,119.0,0.0,Очная,Русский,государственный,26.0,0.9615384615384616,12.254638975126706,0,0,0,0
574,09.03.03 | Прикладная информатика,Прикладная информатика в экономике,Факультет ЕИ КФУ,Бакалавриат,Елабужский институт КФУ (филиал),Елабуга,15.0,4.0,192456.0,145.0,,0.0,Очная,Русский,государственный,19.0,0.7894736842105263,12.167628031134326,0,0,0,0
575,09.03.03 | Прикладная информатика,Прикладная информатика в экономике,Факультет ЕИ КФУ,Бакалавриат,Елабужский институт КФУ (филиал),Елабуга,22.0,3.0,73860.0,188.0,,0.0,Заочная,Русский,государственный,25.0,0.88,11.209940227442981,0,0,0,0
576,09.03.03 | Прикладная информатика,Прикладная информатика в экономике,Институт инженерной экономики СибГУ им. М.Ф. Решетнева,Бакалавриат,Сибирский государственный университет науки и технологий имени академика М.Ф. Решетнева,Красноярск,25.0,5.0,246000.0,166.0,119.0,0.0,Очная,Русский,государственный,30.0,0.8333333333333334,12.413090879946887,0,0,0,0
577,09.03.03 | Прикладная информатика,Прикладная информатика в экономике,Институт инженерной экономики СибГУ им. М.Ф. Решетнева,Бакалавриат,Сибирский государственный университет науки и технологий имени академика М.Ф. Решетнева,Красноярск,20.0,10.0,77600.0,202.0,,0.0,Заочная,Русский,государственный,30.0,0.6666666666666666,11.259335592686217,0,0,2,1
578,09.03.03 | Прикладная информатика,Прикладная информатика в экономике,Институт компьютерных технологий и защиты информации КНИТУ-КАИ,Бакалавриат,Казанский национальный исследовательский технический университет им. А.Н.Туполева-КАИ,Казань,20.0,7.0,173800.0,234.0,,0.0,Очная,Русский,государственный,27.0,0.7407407407407407,12.065666245536807,0,0,0,0
579,09.03.03 | Прикладная информатика,Прикладная информатика в экономике,Факультет информационных систем и технологий СКСИ,Бакалавриат,Северо-Кавказский социальный институт,Ставрополь,,30.0,90000.0,,,0.0,Очная,Русский,негосударственный,,0.0,11.407576060361786,0,0,2,1
580,09.03.03 | Прикладная информатика,Прикладная информатика в экономике,Факультет информационных систем и технологий СКСИ,Бакалавриат,Северо-Кавказский социальный институт,Ставрополь,,30.0,60000.0,,,0.0,Заочная,Русский,негосударственный,,0.0,11.002116507732017,0,0,2,1
581,09.03.03 | Прикладная информатика,Прикладная информатика в экономике,Факультет Еврейского университета,Бакалавриат,Еврейский университет,Москва,,10.0,100000.0,,115.0,0.0,Заочная,Русский,негосударственный,,0.0,11.51293546492023,0,0,2,1
582,09.03.03 | Прикладная информатика,Прикладная информатика в экономике,Финансово-экономический факультет Ставропольский филиал БУКЭП,Бакалавриат,"Ставропольский институт кооперации (филиал) Белгородского университета кооперации, экономики и права",Ставрополь,9.0,20.0,44000.0,119.0,99.0,0.0,Заочная,Русский,негосударственный,29.0,0.3103448275862069,10.691967639914864,0,0,2,1
583,09.03.03 | Прикладная информатика,Прикладная информатика в экономике,Финансово-экономический факультет Ставропольский филиал БУКЭП,Бакалавриат,"Ставропольский институт кооперации (филиал) Белгородского университета кооперации, экономики и права",Ставрополь,10.0,10.0,131370.0,119.0,,0.0,Очная,Русский,негосударственный,20.0,0.5,11.785780660522578,0,0,0,0
584,09.03.03 | Прикладная информатика,Прикладная информатика в экономике,Институт передовых информационных технологий ТГПУ,Бакалавриат,Тульский государственный педагогический университет им. Л.Н. Толстого,Тула,12.0,2.0,166545.0,160.0,120.0,0.0,Очная,Русский,государственный,14.0,0.8571428571428571,12.02302682652165,0,0,0,0
585,09.03.03 | Прикладная информатика,Прикладная информатика в экономике,Факультет Калининградского филиала МФЮА,Бакалавриат,Калининградский филиал Московского финансово-юридического университета МФЮА,Калинингра..,,120.0,170000.0,,,0.0,Очная,Русский,негосударственный,,0.0,12.04355959836804,0,0,2,1
586,09.03.03 | Прикладная информатика,Прикладная информатика в экономике,Факультет Калининградского филиала МФЮА,Бакалавриат,Калининградский филиал Московского финансово-юридического университета МФЮА,Калинингра..,,45.0,80000.0,,99.0,0.0,Очно-заочная,Русский,негосударственный,,0.0,11.289794413577894,0,0,2,1
587,09.03.03 | Прикладная информатика,Прикладная информатика в экономике,Факультет Калининградского филиала МФЮА,Бакалавриат,Калининградский филиал Московского финансово-юридического университета МФЮА,Калинингра..,,70.0,70000.0,,99.0,0.0,Заочная,Русский,негосударственный,,0.0,11.156264806643742,0,0,2,1
588,09.03.03 | Прикладная информатика,Прикладная информатика в экономике,Факультет Калининградского филиала МФЮА,Бакалавриат,Калининградский филиал Московского финансово-юридического университета МФЮА,Калинингра..,,60.0,170000.0,,99.0,0.0,Очная,Русский,негосударственный,,0.0,12.04355959836804,0,0,2,1
589,09.03.03 | Прикладная информатика,Прикладная информатика в экономике,Факультет Калининградского филиала МФЮА,Бакалавриат,Калининградский филиал Московского финансово-юридического университета МФЮА,Калинингра..,,45.0,80000.0,,99.0,0.0,Очно-заочная,Русский,негосударственный,,0.0,11.289794413577894,0,0,2,1
590,09.03.03 | Прикладная информатика,Прикладная информатика в экономике,Факультет Калининградского филиала МФЮА,Бакалавриат,Калининградский филиал Московского финансово-юридического университета МФЮА,Калинингра..,,110.0,70000.0,,99.0,0.0,Заочная,Русский,негосударственный,,0.0,11.156264806643742,0,0,2,1
591,09.03.03 | Прикладная информатика,Прикладная информатика в экономике,Факультет Калининградского филиала МФЮА,Бакалавриат,Калининградский филиал Московского финансово-юридического университета МФЮА,Калинингра..,,20.0,170000.0,,99.0,0.0,Очная,Русский,негосударственный,,0.0,12.04355959836804,0,0,2,1
592,09.03.03 | Прикладная информатика,Прикладная информатика в экономике,Факультет Калининградского филиала МФЮА,Бакалавриат,Калининградский филиал Московского финансово-юридического университета МФЮА,Калинингра..,,10.0,80000.0,,99.0,0.0,Очно-заочная,Русский,негосударственный,,0.0,11.289794413577894,0,0,2,1
593,09.03.03 | Прикладная информатика,Прикладная информатика в экономике,Факультет Калининградского филиала МФЮА,Бакалавриат,Калининградский филиал Московского финансово-юридического университета МФЮА,Калинингра..,,20.0,70000.0,,99.0,0.0,Заочная,Русский,негосударственный,,0.0,11.156264806643742,0,0,2,1
594,09.03.03 | Прикладная информатика,Прикладная информатика в экономике,Факультет ИДК,Бакалавриат,Институт деловой карьеры,Москва,,70.0,140000.0,,,0.0,Очная,Русский,негосударственный,,0.0,11.849404844423074,0,0,2,1
595,09.03.03 | Прикладная информатика,Прикладная информатика в экономике,Факультет ИДК,Бакалавриат,Институт деловой карьеры,Москва,,450.0,60000.0,,,0.0,Заочная,Русский,негосударственный,,0.0,11.002116507732017,0,0,2,1
596,09.03.03 | Прикладная информатика,Прикладная информатика в экономике,Факультет прикладной математики и кибернетики ТвГУ,Бакалавриат,Тверской государственный университет,Тверь,28.0,5.0,158900.0,133.0,119.0,0.0,Очная,Русский,государственный,33.0,0.8484848484848485,11.97603664577121,0,0,0,0
597,09.03.03 | Прикладная информатика,Прикладная информатика в экономике,Экономический факультет ПГТУ,Бакалавриат,Поволжский государственный технологический университет,Йошкар-Ола,37.0,2.0,140940.0,127.0,119.0,0.0,Очная,Русский,государственный,39.0,0.9487179487179487,11.856096642073666,0,0,0,0
598,09.03.03 | Прикладная информатика,Прикладная информатика в экономике,Институт экономики и управления ТОГУ,Бакалавриат,Тихоокеанский государственный университет,Хабаровск,40.0,60.0,229000.0,140.0,119.0,0.0,Очная,Русский,государственный,100.0,0.4,12.34148164933907,0,0,0,0
599,09.03.03 | Прикладная информатика,Прикладная информатика в экономике,Институт экономики и управления ТОГУ,Бакалавриат,Тихоокеанский государственный университет,Хабаровск,25.0,80.0,63500.0,205.0,,0.0,Заочная,Русский,государственный,105.0,0.23809523809523808,11.05881093278828,0,0,2,1
600,09.03.03 | Прикладная информатика,Прикладная информатика в экономике,Факультет компьютерных наук и технологий ВСГУТУ,Бакалавриат,Восточно-Сибирский государственный университет технологий и управления,Улан-Удэ,12.0,5.0,179000.0,135.0,119.0,0.0,Очная,Русский,государственный,17.0,0.7058823529411765,12.095146671399466,0,0,0,0
601,09.03.03 | Прикладная информатика,Прикладная информатика в экономике,Факультет экономики и управления КЧГУ имени У.Д. Алиева,Бакалавриат,Карачаево-Черкесский государственный университет имени У.Д. Алиева,Карачаевск,,20.0,134000.0,,119.0,0.0,Очная,Русский,государственный,,0.0,11.80560254159177,0,0,2,1
602,09.03.03 | Прикладная информатика,Прикладная информатика в экономике,Факультет экономики и управления КЧГУ имени У.Д. Алиева,Бакалавриат,Карачаево-Черкесский государственный университет имени У.Д. Алиева,Карачаевск,,20.0,40700.0,,,0.0,Заочная,Русский,государственный,,0.0,10.614007941153417,0,0,2,1
603,09.03.03 | Прикладная информатика,Прикладная информатика в экономике,Факультет экономики и управления КЧГУ имени У.Д. Алиева,Бакалавриат,Карачаево-Черкесский государственный университет имени У.Д. Алиева,Карачаевск,,15.0,103000.0,,119.0,0.0,Очно-заочная,Русский,государственный,,0.0,11.542493975902508,0,0,2,1
604,09.03.03 | Прикладная информатика,Прикладная информатика в экономике,Факультет информационных технологий ТвГТУ,Бакалавриат,Тверской государственный технический университет,Тверь,25.0,15.0,151988.0,187.0,,0.0,Очная,Русский,государственный,40.0,0.625,11.93156342878864,0,0,0,0
605,09.03.03 | Прикладная информатика,Прикладная информатика в экономике,Факультет информационных технологий ТвГТУ,Бакалавриат,Тверской государственный технический университет,Тверь,22.0,70.0,64130.0,199.0,,0.0,Заочная,Русский,государственный,92.0,0.2391304347826087,11.068683145347391,0,0,2,1
606,09.03.03 | Прикладная информатика,Прикладная информатика в экономике,Факультет информационных систем в экономике и юриспруденции МГТУ,Бакалавриат,Майкопский государственный технологический университет,Майкоп,28.0,10.0,145000.0,162.0,119.0,0.0,Очная,Русский,государственный,38.0,0.7368421052631579,11.884495917930655,0,0,0,0
607,09.03.03 | Прикладная информатика,Прикладная информатика в экономике,Факультет информационных систем в экономике и юриспруденции МГТУ,Бакалавриат,Майкопский государственный технологический университет,Майкоп,19.0,5.0,60000.0,172.0,119.0,0.0,Заочная,Русский,государственный,24.0,0.7916666666666666,11.002116507732017,0,0,2,1
608,09.03.03 | Прикладная информатика,Прикладная информатика в экономике,Факультет информационных систем в экономике и юриспруденции МГТУ,Бакалавриат,Майкопский государственный технологический университет,Майкоп,,20.0,60000.0,,119.0,0.0,Заочная,Русский,государственный,,0.0,11.002116507732017,0,0,2,1
609,09.03.03 | Прикладная информатика,Прикладная информатика в экономике,Факультет информационных систем в экономике и юриспруденции МГТУ,Бакалавриат,Майкопский государственный технологический университет,Майкоп,,5.0,60000.0,,119.0,0.0,Заочная,Русский,государственный,,0.0,11.002116507732017,0,0,2,1
610,09.03.03 | Прикладная информатика,Прикладная информатика в экономике,"Институт информационных технологий, точных и естественных наук ШГПУ",Бакалавриат,Шадринский государственный педагогический университет,Шадринск,10.0,5.0,58150.0,212.0,,0.0,Заочная,Русский,государственный,15.0,0.6666666666666666,10.970798354703502,0,0,2,1
611,09.03.03 | Прикладная информатика,Прикладная информатика в экономике,"Факультет физики, математики и информационных технологий ЧГПУ",Бакалавриат,Чеченский государственный педагогический университет,Грозный,25.0,30.0,130155.0,,111.0,0.0,Очная,Русский,государственный,55.0,0.45454545454545453,11.7764890100132,0,0,0,0
612,09.03.03 | Прикладная информатика,Прикладная информатика в экономике,"Факультет физики, математики и информационных технологий ЧГПУ",Бакалавриат,Чеченский государственный педагогический университет,Грозный,,30.0,42000.0,,,0.0,Заочная,Русский,государственный,,0.0,10.645448706505872,0,0,2,1
613,09.03.03 | Прикладная информатика,Прикладная информатика в экономике,"Факультет физики, математики и информационных технологий ЧГПУ",Бакалавриат,Чеченский государственный педагогический университет,Грозный,,30.0,48000.0,,111.0,0.0,Очно-заочная,Русский,государственный,,0.0,10.778977123006351,0,0,2,1
614,09.03.03 | Прикладная информатика,Прикладная информатика в экономике,Институт математики и информатики СВФУ,Бакалавриат,Северо-Восточный федеральный университет имени М. К. Аммосова,Якутск,25.0,1.0,342000.0,184.0,,0.0,Очная,Русский,государственный,26.0,0.9615384615384616,12.742568940017076,0,0,0,0
615,09.03.03 | Прикладная информатика,Прикладная информатика в экономике,Факультет экономики и информационных технологий Пермского ГАТУ,Бакалавриат,Пермский государственный аграрно-технологический университет имени академика Д.Н. Прянишникова,Пермь,20.0,10.0,171000.0,155.0,,0.0,Очная,Русский,государственный,30.0,0.6666666666666666,12.049424683420915,0,0,0,0
616,09.03.03 | Прикладная информатика,Прикладная информатика в экономике,Факультет экономики и информационных технологий Пермского ГАТУ,Бакалавриат,Пермский государственный аграрно-технологический университет имени академика Д.Н. Прянишникова,Пермь,,25.0,50900.0,,,0.0,Заочная,Русский,государственный,,0.0,10.837637848711049,0,0,2,1
617,09.03.03 | Прикладная информатика,Прикладная информатика в экономике,Инженерно-технологический институт Брянского ГАУ,Бакалавриат,Брянский государственный аграрный университет,Брянск,,8.0,50000.0,,,0.0,Заочная,Русский,государственный,,0.0,10.819798284210286,0,0,2,1
618,09.03.03 | Прикладная информатика,Прикладная информатика в экономике,Инженерный институт СКГА,Бакалавриат,Северо-Кавказская государственная академия,Черкесск,44.0,15.0,130000.0,143.0,,0.0,Очная,Русский,государственный,59.0,0.7457627118644068,11.775297421715827,0,0,0,0
619,09.03.03 | Прикладная информатика,Прикладная информатика в экономике,Инженерный институт СКГА,Бакалавриат,Северо-Кавказская государственная академия,Черкесск,,15.0,60000.0,,,0.0,Заочная,Русский,государственный,,0.0,11.002116507732017,0,0,2,1
620,09.03.03 | Прикладная информатика,Прикладная информатика в экономике,Факультет информационных систем в экономике и управлении ДГТУ в г. Махачкала,Бакалавриат,Дагестанский государственный технический университет,Махачкала,20.0,2.0,122184.0,169.0,,0.0,Очная,Русский,государственный,22.0,0.9090909090909091,11.71329156859445,0,0,0,0
621,09.03.03 | Прикладная информатика,Прикладная информатика в экономике,Факультет информационных систем в экономике и управлении ДГТУ в г. Махачкала,Бакалавриат,Дагестанский государственный технический университет,Махачкала,9.0,5.0,38100.0,192.0,,0.0,Заочная,Русский,государственный,14.0,0.6428571428571429,10.547995807489514,0,0,2,1
622,09.03.03 | Прикладная информатика,Прикладная информатика в экономике,Институт цифровой экономики и технологического предпринимательства ГГНТУ им. акад. М. Д. Миллионщикова,Бакалавриат,Грозненский государственный нефтяной технический университет имени академика М.Д. Миллионщикова,Грозный,21.0,25.0,129926.0,185.0,,0.0,Очная,Русский,государственный,46.0,0.45652173913043476,11.774728033254412,0,0,0,0
623,09.03.03 | Прикладная информатика,Прикладная информатика в экономике,Институт цифровой экономики и технологического предпринимательства ГГНТУ им. акад. М. Д. Миллионщикова,Бакалавриат,Грозненский государственный нефтяной технический университет имени академика М.Д. Миллионщикова,Грозный,4.0,75.0,36575.0,160.0,,0.0,Заочная,Русский,государственный,79.0,0.05063291139240506,10.507147566594536,0,0,2,1
624,09.03.03 | Прикладная информатика,Прикладная информатика в экономике,Факультет информационных технологий и электронной техники СКГМИ (ГТУ),Бакалавриат,Северо-Кавказский горно-металлургический институт (государственный технологический университет),Владикавка..,25.0,5.0,140000.0,,,0.0,Очная,Русский,государственный,30.0,0.8333333333333334,11.849404844423074,0,0,0,0
625,09.03.03 | Прикладная информатика,Прикладная информатика в экономике,Факультет филиала ДГТУ в г. Дербенте,Бакалавриат,Дагестанский государственный технический университет Филиал в г. Дербенте,Дербент,13.0,2.0,122184.0,156.0,,0.0,Очная,Русский,государственный,15.0,0.8666666666666667,11.71329156859445,0,0,0,0
626,09.03.03 | Прикладная информатика,Прикладная информатика в экономике,Факультет филиала ДГТУ в г. Дербенте,Бакалавриат,Дагестанский государственный технический университет Филиал в г. Дербенте,Дербент,6.0,10.0,38100.0,174.0,,0.0,Заочная,Русский,государственный,16.0,0.375,10.547995807489514,0,0,2,1
627,09.03.03 | Прикладная информатика,Прикладная информатика в экономике,Факультет филиала ДГТУ в г. Кизляре,Бакалавриат,Дагестанский государственный технический университет Филиал в г. Кизляр,Кизляр,8.0,3.0,115022.0,145.0,119.0,0.0,Очная,Русский,государственный,11.0,0.7272727272727273,11.652887387348054,0,0,0,0
628,09.03.03 | Прикладная информатика,Прикладная информатика в экономике,Факультет филиала ДГТУ в г. Кизляре,Бакалавриат,Дагестанский государственный технический университет Филиал в г. Кизляр,Кизляр,,8.0,33125.0,,,0.0,Заочная,Русский,государственный,,0.0,10.4080737515121,0,0,2,1
629,09.03.03 | Прикладная информатика,Прикладная информатика в экономике,Экономический факультет Великолукской ГСХА,Бакалавриат,Великолукская государственная сельскохозяйственная академия,Великие Луки,27.0,15.0,74000.0,129.0,99.0,0.0,Очная,Русский,государственный,42.0,0.6428571428571429,11.211833885608513,0,0,0,0
630,09.03.03 | Прикладная информатика,Прикладная информатика в экономике,Экономический факультет Великолукской ГСХА,Бакалавриат,Великолукская государственная сельскохозяйственная академия,Великие Луки,,25.0,40400.0,,,0.0,Заочная,Русский,государственный,,0.0,10.606609816118151,0,0,2,1
631,09.03.03 | Прикладная информатика,Прикладная информатика в экономике,"Факультет электроэнергетики, экономики и управления ЗГУ им. Н.М. Федоровского",Бакалавриат,Заполярный государственный университет им. Н.М. Федоровского,Норильск,25.0,5.0,386000.0,151.0,119.0,0.0,Очная,Русский,государственный,30.0,0.8333333333333334,12.863595239117187,0,0,0,0
632,09.03.03 | Прикладная информатика,Прикладная информатика в экономике,Факультет Бокситогорского филиала ЛГУ им. Пушкина,Бакалавриат,Бокситогорский институт (филиал) Ленинградского государственного университета имени А.С. Пушкина,Бокситогорск,10.0,8.0,186100.0,134.0,112.0,0.0,Очная,Русский,государственный,18.0,0.5555555555555556,12.134044816071038,0,0,0,0
633,09.03.03 | Прикладная информатика,Прикладная информатика в экономике,Факультет Бокситогорского филиала ЛГУ им. Пушкина,Бакалавриат,Бокситогорский институт (филиал) Ленинградского государственного университета имени А.С. Пушкина,Бокситогорск,,11.0,78500.0,,112.0,0.0,Заочная,Русский,государственный,,0.0,11.270866642542865,0,0,2,1
634,09.03.03 | Прикладная информатика,Прикладная информатика в экономике,Факультет филиала КузГТУ в г. Белово,Бакалавриат,Кузбасский государственный технический университет имени Т.Ф. Горбачева филиал в г. Белово,Белово,,15.0,62700.0,,119.0,0.0,Очно-заочная,Русский,государственный,,0.0,11.046132675457146,0,0,2,1
635,09.03.03 | Прикладная информатика,Прикладная информатика в экономике,Факультет филиала КузГТУ в г. Новокузнецке,Бакалавриат,Кузбасский государственный технический университет имени Т.Ф. Горбачева филиал в г. Новокузнецке,Новокузнец..,11.0,14.0,181486.0,204.0,,0.0,Очная,Русский,государственный,25.0,0.44,12.108939304777472,0,0,0,0
636,09.03.03 | Прикладная информатика,Прикладная информатика в экономике,Факультет филиала КузГТУ в г. Новокузнецке,Бакалавриат,Кузбасский государственный технический университет имени Т.Ф. Горбачева филиал в г. Новокузнецке,Новокузнец..,,25.0,67200.0,,119.0,0.0,Очно-заочная,Русский,государственный,,0.0,11.1154434073529,0,0,2,1
637,09.03.03 | Прикладная информатика,Прикладная информатика в экономике,Факультет филиала КузГТУ в г. Новокузнецке,Бакалавриат,Кузбасский государственный технический университет имени Т.Ф. Горбачева филиал в г. Новокузнецке,Новокузнец..,,25.0,67200.0,,119.0,0.0,Заочная,Русский,государственный,,0.0,11.1154434073529,0,0,2,1
638,09.03.03 | Прикладная информатика,Прикладная информатика в экономике,Факультет филиала РГЭУ (РИНХ) в г. Кисловодск,Бакалавриат,Филиал Ростовского государственного экономического университета (РИНХ) в г. Кисловодске Ставропольского края,Кисловодск,,10.0,54000.0,,119.0,0.0,Заочная,Русский,государственный,,0.0,10.896757843893464,0,0,2,1
639,09.03.03 | Прикладная информатика,Прикладная информатика в экономике,Факультет филиала РГЭУ (РИНХ) в г. Кисловодск,Бакалавриат,Филиал Ростовского государственного экономического университета (РИНХ) в г. Кисловодске Ставропольского края,Кисловодск,,25.0,54000.0,,119.0,0.0,Заочная,Русский,государственный,,0.0,10.896757843893464,0,0,2,1
640,09.03.03 | Прикладная информатика,Прикладная информатика в экономике,Факультет филиала РГЭУ (РИНХ) в г. Кисловодск,Бакалавриат,Филиал Ростовского государственного экономического университета (РИНХ) в г. Кисловодске Ставропольского края,Кисловодск,,5.0,54000.0,,119.0,0.0,Заочная,Русский,государственный,,0.0,10.896757843893464,0,0,2,1
641,09.03.03 | Прикладная информатика,Прикладная информатика в экономике,Факультет Филиал РТУ МИРЭА в г. Ставрополе,Бакалавриат,Ставропольский филиал Российского технологического университета МИРЭА,Ставрополь,,30.0,140000.0,,124.0,0.0,Очная,Русский,государственный,,0.0,11.849404844423074,0,0,2,1
642,09.03.03 | Прикладная информатика,Прикладная информатика в экономике,Факультет Филиал РТУ МИРЭА в г. Ставрополе,Бакалавриат,Ставропольский филиал Российского технологического университета МИРЭА,Ставрополь,,30.0,45000.0,,124.0,0.0,Очно-заочная,Русский,государственный,,0.0,10.714439990727769,0,0,2,1
643,09.03.03 | Прикладная информатика,Прикладная информатика в экономике,Факультет Филиал РТУ МИРЭА в г. Ставрополе,Бакалавриат,Ставропольский филиал Российского технологического университета МИРЭА,Ставрополь,,15.0,140000.0,,124.0,0.0,Очная,Русский,государственный,,0.0,11.849404844423074,0,0,2,1
644,09.03.03 | Прикладная информатика,Прикладная информатика в экономике,Факультет Филиал РТУ МИРЭА в г. Ставрополе,Бакалавриат,Ставропольский филиал Российского технологического университета МИРЭА,Ставрополь,,15.0,45000.0,,124.0,0.0,Очно-заочная,Русский,государственный,,0.0,10.714439990727769,0,0,2,1
645,09.03.03 | Прикладная информатика,Прикладная информатика в экономике,Факультет высшего образования Тюменский филиал ИДК,Бакалавриат,Филиал Института деловой карьеры в Тюменской области,Тюмень,,70.0,140000.0,,85.0,0.0,Очная,Русский,негосударственный,,0.0,11.849404844423074,0,0,2,1
646,09.03.03 | Прикладная информатика,Прикладная информатика в экономике,Факультет высшего образования Тюменский филиал ИДК,Бакалавриат,Филиал Института деловой карьеры в Тюменской области,Тюмень,,450.0,88000.0,,85.0,0.0,Заочная,Русский,негосударственный,,0.0,11.385103457032141,0,0,2,1
647,09.03.03 | Прикладная информатика,Прикладная информатика в экономике,Факульет высшего образования Рязанский филиал ИДК,Бакалавриат,Филиал Института деловой карьеры в Рязанской области,Рязань,,60.0,60000.0,,99.0,0.0,Очная,Русский,негосударственный,,0.0,11.002116507732017,0,0,2,1
648,09.03.03 | Прикладная информатика,Прикладная информатика в экономике,Факульет высшего образования Рязанский филиал ИДК,Бакалавриат,Филиал Института деловой карьеры в Рязанской области,Рязань,,300.0,29000.0,,99.0,0.0,Заочная,Русский,негосударственный,,0.0,10.275085591132715,0,0,2,1
649,09.03.03 | Прикладная информатика,Прикладная информатика в экономике,Факультет Ставропольского филиала МПГУ,Бакалавриат,Ставропольский филиал Московского педагогического государственного университета,Ставрополь,,50.0,140000.0,,,0.0,Очная,Русский,государственный,,0.0,11.849404844423074,0,0,2,1
650,09.03.03 | Прикладная информатика,Прикладная информатика в экономике,Факультет ЮТИ ТПУ,Бакалавриат,Юргинский технологический институт (филиал) Национального исследовательского Томского политехнического университета,Юрга,40.0,3.0,196000.0,129.0,119.0,0.0,Очная,Русский,государственный,43.0,0.9302325581395349,12.185875040240456,0,0,0,0
651,09.03.03 | Прикладная информатика,Прикладная информатика в экономике,Факультет Курганского филиала АТиСО,Бакалавриат,Курганский филиал Академии труда и социальных отношений,Курган,,20.0,55000.0,,103.0,0.0,Заочная,Русский,негосударственный,,0.0,10.915106645867503,0,0,2,1
652,09.03.03 | Прикладная информатика,Прикладная информатика в экономике,Факультет Мэбик,Бакалавриат,"Курский институт менеджмента, экономики и бизнеса",Курск,10.0,,,194.0,,0.0,Очная,Русский,негосударственный,,0.0,,0,0,2,1
653,09.03.03 | Прикладная информатика,Прикладная информатика в экономике,Факультет Мэбик,Бакалавриат,"Курский институт менеджмента, экономики и бизнеса",Курск,,20.0,45500.0,,119.0,0.0,Очно-заочная,Русский,негосударственный,,0.0,10.725489582719506,0,0,2,1
654,09.03.03 | Прикладная информатика,Прикладная информатика в экономике,Факультет Мэбик,Бакалавриат,"Курский институт менеджмента, экономики и бизнеса",Курск,,30.0,43000.0,,119.0,0.0,Заочная,Русский,негосударственный,,0.0,10.668978650219241,0,0,2,1
655,09.03.01 | Информатика и вычислительная техника,Информатика и вычислительная техника,Московский институт электроники и математики им. А.Н.Тихонова,Бакалавриат,Национальный исследовательский университет «Высшая школа экономики»,Москва,125.0,90.0,540000.0,278.0,,0.0,Очная,Русский,государственный,215.0,0.5813953488372093,13.199326270390594,0,0,1,2
656,09.03.01 | Информатика и вычислительная техника,Информатика и вычислительная техника,"Высшая школа кибертехнологий, математики и статистики РЭУ им. Г. В. Плеханова",Бакалавриат,Российский экономический университет имени Г.В. Плеханова,Москва,25.0,17.0,410000.0,255.0,,0.0,Очная,Русский,государственный,42.0,0.5952380952380952,12.923914877701906,0,0,1,2
657,09.03.01 | Информатика и вычислительная техника,Информатика и вычислительная техника,Институт радиоэлектроники и информационных технологий–РтФ,Бакалавриат,Уральский федеральный университет имени первого Президента России Б. Н. Ельцина,Екатеринбург,200.0,65.0,263000.0,236.0,119.0,0.0,Очная,Русский,государственный,265.0,0.7547169811320755,12.479913113434042,0,0,1,2
658,09.03.01 | Информатика и вычислительная техника,Информатика и вычислительная техника,Институт радиоэлектроники и информационных технологий–РтФ,Бакалавриат,Уральский федеральный университет имени первого Президента России Б. Н. Ельцина,Екатеринбург,,50.0,145000.0,,119.0,0.0,Заочная,Русский,государственный,,0.0,11.884495917930655,0,0,2,1
659,09.03.01 | Информатика и вычислительная техника,Информатика и вычислительная техника,Факультет «Авиастроение» ДГТУ,Бакалавриат,Донской государственный технический университет,Ростов-на-..,47.0,16.0,153300.0,200.0,,0.0,Очная,Русский,государственный,63.0,0.746031746031746,11.940158587995837,0,0,0,0
660,09.03.01 | Информатика и вычислительная техника,Информатика и вычислительная техника,Институт космических и информационных технологий СФУ,Бакалавриат,Сибирский федеральный университет,Красноярск,75.0,10.0,246000.0,203.0,,0.0,Очная,Русский,государственный,85.0,0.8823529411764706,12.413090879946887,0,0,1,2
661,09.03.01 | Информатика и вычислительная техника,Информатика и вычислительная техника,nan,nan,nan,Пермь,,,,,,,nan,nan,nan,,0.0,,0,0,2,1
662,09.03.01 | Информатика и вычислительная техника,Информатика и вычислительная техника,Радиотехнический факультет ВИ МВД РФ,Бакалавриат,Воронежский институт МВД России,Воронеж,20.0,,,,,0.0,Заочная,Русский,государственный,,0.0,,0,0,2,1
663,09.03.01 | Информатика и вычислительная техника,Информатика и вычислительная техника,Факультет Филиал РТУ МИРЭА в г. Фрязино,Бакалавриат,Фрязинский филиал Российского технологического университета МИРЭА,Москва,5.0,25.0,246000.0,271.0,,0.0,Очная,Русский,государственный,30.0,0.16666666666666666,12.413090879946887,0,0,0,0
664,09.03.01 | Информатика и вычислительная техника,Информатика и вычислительная техника,Физико-технический институт КФУ им. В.И. Вернадского,Бакалавриат,Крымский федеральный университет имени В.И. Вернадского,Симферопол..,35.0,50.0,168000.0,194.0,,0.0,Очная,Русский,государственный,85.0,0.4117647058823529,12.031725210748633,0,0,0,0
665,09.03.01 | Информатика и вычислительная техника,Информатика и вычислительная техника,Физико-технический институт КФУ им. В.И. Вернадского,Бакалавриат,Крымский федеральный университет имени В.И. Вернадского,Симферопол..,25.0,20.0,65000.0,161.0,150.0,0.0,Заочная,Русский,государственный,45.0,0.5555555555555556,11.082157933374816,0,0,2,1
666,09.03.01 | Информатика и вычислительная техника,Информатика и вычислительная техника,Инженерная школа цифровых технологий ЮГУ,Бакалавриат,Югорский государственный университет,Ханты-Манс..,30.0,,,183.0,,0.0,Очная,Русский,государственный,,0.0,,0,0,2,1
667,09.03.01 | Информатика и вычислительная техника,Информатика и вычислительная техника,Передовая инженерная школа гибридных технологий в станкостроении Союзного государства ПсковГУ,Бакалавриат,Псковский государственный университет,Псков,20.0,10.0,139800.0,181.0,,0.0,Очная,Русский,государственный,30.0,0.6666666666666666,11.847975261832087,0,0,0,0
668,09.03.01 | Информатика и вычислительная техника,Информатика и вычислительная техника,"Факультет информатики, физики и математики ГГПИ им. Короленко",Бакалавриат,Глазовский государственный педагогический институт имени В.Г. Короленко,Глазов,25.0,12.0,158690.0,148.0,,0.0,Очная,Русский,государственный,37.0,0.6756756756756757,11.974714194131336,0,0,0,0
669,09.03.01 | Информатика и вычислительная техника,Информатика и вычислительная техника,Факультет математики и компьютерных наук СОГУ,Бакалавриат,Северо-Осетинский государственный университет имени Коста Левановича Хетагурова,Владикавка..,25.0,5.0,160000.0,186.0,,0.0,Очная,Русский,государственный,30.0,0.8333333333333334,11.982935344196433,0,0,0,0
670,09.03.01 | Информатика и вычислительная техника,Информатика и вычислительная техника,Институт прикладных информационных технологий ГГНТУ им. акад. М. Д. Миллионщикова,Бакалавриат,Грозненский государственный нефтяной технический университет имени академика М.Д. Миллионщикова,Грозный,20.0,25.0,129926.0,180.0,119.0,0.0,Очная,Русский,государственный,45.0,0.4444444444444444,11.774728033254412,0,0,0,0
671,09.03.01 | Информатика и вычислительная техника,Информатика и вычислительная техника,Институт прикладных информационных технологий ГГНТУ им. акад. М. Д. Миллионщикова,Бакалавриат,Грозненский государственный нефтяной технический университет имени академика М.Д. Миллионщикова,Грозный,3.0,25.0,36575.0,149.0,,0.0,Заочная,Русский,государственный,28.0,0.10714285714285714,10.507147566594536,0,0,2,1
672,09.03.01 | Информатика и вычислительная техника,Информатика и вычислительная техника,Механико-технологический факультет КГТА имени В.А. Дегтярева,Бакалавриат,Ковровская государственная технологическая академия имени В.А. Дегтярева,Ковров,30.0,30.0,173000.0,173.0,,0.0,Очная,Русский,государственный,60.0,0.5,12.06105265381003,0,0,0,0
673,09.03.01 | Информатика и вычислительная техника,Информатика и вычислительная техника,Механико-технологический факультет КГТА имени В.А. Дегтярева,Бакалавриат,Ковровская государственная технологическая академия имени В.А. Дегтярева,Ковров,,50.0,58000.0,,,0.0,Заочная,Русский,государственный,,0.0,10.968215530759236,0,0,2,1
674,09.03.01 | Информатика и вычислительная техника,Информатика и вычислительная техника,Факультет высшего образования ПИ (филиал) ДГТУ в г. Таганроге,Бакалавриат,Политехнический институт (филиал) ДГТУ в г. Таганроге,Таганрог,15.0,5.0,153300.0,169.0,,0.0,Очная,Русский,государственный,20.0,0.75,11.940158587995837,0,0,0,0
675,09.03.01 | Информатика и вычислительная техника,Информатика и вычислительная техника,Факультет высшего образования ВУиТ,Бакалавриат,Волжский университет имени В.Н. Татищева (институт),Тольятти,,10.0,150000.0,,,0.0,Очная,Русский,негосударственный,,0.0,11.918397239722838,0,0,2,1
676,09.03.01 | Информатика и вычислительная техника,Информатика и вычислительная техника,Факультет высшего образования ВУиТ,Бакалавриат,Волжский университет имени В.Н. Татищева (институт),Тольятти,,10.0,77000.0,,99.0,0.0,Очно-заочная,Русский,негосударственный,,0.0,11.251573687764477,0,0,2,1
677,09.03.01 | Информатика и вычислительная техника,Информатика и вычислительная техника,Факультет высшего образования ВУиТ,Бакалавриат,Волжский университет имени В.Н. Татищева (институт),Тольятти,,10.0,75000.0,,,0.0,Заочная,Русский,негосударственный,,0.0,11.225256725762893,0,0,2,1
678,09.03.01 | Информатика и вычислительная техника,Информатика и вычислительная техника,Факультет МИУ,Бакалавриат,Международный инновационный университет,Сочи,,50.0,300000.0,,99.0,0.0,Очная,Русский,негосударственный,,0.0,12.611541086966115,0,0,0,0
679,09.03.01 | Информатика и вычислительная техника,Информатика и вычислительная техника,Факультет МИУ,Бакалавриат,Международный инновационный университет,Сочи,,50.0,54000.0,,,0.0,Заочная,Русский,негосударственный,,0.0,10.896757843893464,0,0,2,1
680,09.03.03 | Прикладная информатика,Прикладная информатика,Институт информационных систем управления,Бакалавриат,Государственный университет управления,Москва,,20.0,100000.0,,,0.0,Дистанционная,Русский,государственный,,0.0,11.51293546492023,0,0,2,1
681,09.03.03 | Прикладная информатика,Прикладная информатика,Факультет геоинформатики и информационной безопасности МИИГАиК,Бакалавриат,Московский государственный университет геодезии и картографии,Москва,49.0,26.0,346820.0,222.0,,0.0,Очная,Русский,государственный,75.0,0.6533333333333333,12.756564075688445,0,0,1,2
682,09.03.03 | Прикладная информатика,Прикладная информатика,Институт цифровых технологий НГАУ,Бакалавриат,Новосибирский государственный аграрный университет,Новосибирс..,45.0,15.0,174604.0,168.0,,0.0,Очная,Русский,государственный,60.0,0.75,12.070281558861918,0,0,0,0
683,09.03.03 | Прикладная информатика,Прикладная информатика,Институт цифровых технологий НГАУ,Бакалавриат,Новосибирский государственный аграрный университет,Новосибирс..,18.0,32.0,68534.0,195.0,,0.0,Заочная,Русский,государственный,50.0,0.36,11.13509984266548,0,0,2,1
684,09.03.03 | Прикладная информатика,Прикладная информатика,Институт цифровых технологий НГАУ,Бакалавриат,Новосибирский государственный аграрный университет,Новосибирс..,,25.0,77102.0,,,0.0,Очно-заочная,Русский,государственный,,0.0,11.252897469300263,0,0,2,1
685,09.03.03 | Прикладная информатика,Прикладная информатика,Институт вычислительной математики и информационных технологий КФУ,Бакалавриат,Казанский (Приволжский) федеральный университет,Казань,40.0,40.0,220080.0,257.0,,0.0,Очная,Русский,государственный,80.0,0.5,12.301750939390386,0,0,1,2
686,09.03.03 | Прикладная информатика,Прикладная информатика,Юридический факультет АСО,Бакалавриат,Академия социального образования,Казань,,45.0,57000.0,,109.0,0.0,Очная,Русский,негосударственный,,0.0,10.950824090522445,0,0,2,1
687,09.03.03 | Прикладная информатика,Прикладная информатика,Юридический факультет АСО,Бакалавриат,Академия социального образования,Казань,,45.0,57000.0,,109.0,0.0,Заочная,Русский,негосударственный,,0.0,10.950824090522445,0,0,2,1
688,09.03.03 | Прикладная информатика,Прикладная информатика,Юридический факультет АСО,Бакалавриат,Академия социального образования,Казань,,45.0,58000.0,,109.0,0.0,Очно-заочная,Русский,негосударственный,,0.0,10.968215530759236,0,0,2,1
689,09.03.03 | Прикладная информатика,Прикладная информатика,Институт радиоэлектроники и информационных технологий–РтФ,Бакалавриат,Уральский федеральный университет имени первого Президента России Б. Н. Ельцина,Екатеринбург,164.0,100.0,263000.0,246.0,,0.0,Очная,Русский,государственный,264.0,0.6212121212121212,12.479913113434042,0,0,1,2
690,09.03.03 | Прикладная информатика,Прикладная информатика,Институт радиоэлектроники и информационных технологий–РтФ,Бакалавриат,Уральский федеральный университет имени первого Президента России Б. Н. Ельцина,Екатеринбург,,50.0,145000.0,,,0.0,Заочная,Русский,государственный,,0.0,11.884495917930655,0,0,2,1
691,09.03.03 | Прикладная информатика,Прикладная информатика,Институт радиоэлектроники и информационных технологий–РтФ,Бакалавриат,Уральский федеральный университет имени первого Президента России Б. Н. Ельцина,Екатеринбург,,50.0,148000.0,,,0.0,Очно-заочная,Русский,государственный,,0.0,11.904974309480183,0,0,2,1
692,09.03.03 | Прикладная информатика,Прикладная информатика,Институт радиоэлектроники и информационных технологий–РтФ,Бакалавриат,Уральский федеральный университет имени первого Президента России Б. Н. Ельцина,Екатеринбург,,25.0,148000.0,,119.0,0.0,Дистанционная,Русский,государственный,,0.0,11.904974309480183,0,0,2,1
693,09.03.03 | Прикладная информатика,Прикладная информатика,Институт радиоэлектроники и информационных технологий–РтФ,Бакалавриат,Уральский федеральный университет имени первого Президента России Б. Н. Ельцина,Екатеринбург,,50.0,145000.0,,119.0,0.0,Дистанционная,Русский,государственный,,0.0,11.884495917930655,0,0,2,1
694,09.03.03 | Прикладная информатика,Прикладная информатика,Строительство железных дорог и информационные технологии,Бакалавриат,Приволжский государственный университет путей сообщения,Самара,30.0,30.0,164210.0,158.0,,0.0,Очная,Русский,государственный,60.0,0.5,12.008907465230449,0,0,0,0
695,09.03.03 | Прикладная информатика,Прикладная информатика,Факультет информационных технологий и управления ЮРГПУ,Бакалавриат,Южно-Российский государственный политехнический университет им. М.И. Платова,Ростов-на-..,25.0,5.0,153255.0,195.0,,0.0,Очная,Русский,государственный,30.0,0.8333333333333334,11.939865004744936,0,0,0,0
696,09.03.03 | Прикладная информатика,Прикладная информатика,Институт компьютерных систем и информационной безопасности КубГТУ,Бакалавриат,Кубанский государственный технологический университет,Краснодар,20.0,28.0,187038.0,225.0,,0.0,Очная,Русский,государственный,48.0,0.4166666666666667,12.139072430241646,0,0,0,0
697,09.03.03 | Прикладная информатика,Прикладная информатика,Институт компьютерных систем и информационной безопасности КубГТУ,Бакалавриат,Кубанский государственный технологический университет,Краснодар,5.0,23.0,74816.0,217.0,,0.0,Заочная,Русский,государственный,28.0,0.17857142857142858,11.222800410867308,0,0,2,1
698,09.03.03 | Прикладная информатика,Прикладная информатика,Институт компьютерных наук и технологий ПГНИУ,Бакалавриат,Пермский государственный национальный исследовательский университет,Пермь,50.0,5.0,180000.0,194.0,119.0,0.0,Очная,Русский,государственный,55.0,0.9090909090909091,12.100717685412471,0,0,0,0
699,09.03.03 | Прикладная информатика,Прикладная информатика,"Факультет математики, информатики и физики ВГСПУ",Бакалавриат,Волгоградский государственный социально-педагогический университет,Волгоград,6.0,25.0,151573.0,168.0,,0.0,Очная,Русский,государственный,31.0,0.1935483870967742,11.928829233524139,0,0,0,0
700,09.03.03 | Прикладная информатика,Прикладная информатика,Механико-математический факультет СГУ им. Чернышевского,Бакалавриат,Саратовский национальный исследовательский государственный университет имени Н.Г. Чернышевского,Саратов,12.0,12.0,135888.0,210.0,119.0,0.0,Очная,Русский,государственный,24.0,0.5,11.819593654994243,0,0,0,0
701,09.03.03 | Прикладная информатика,Прикладная информатика,Факультет бизнес-коммуникаций и информатики ИГУ,Бакалавриат,Иркутский государственный университет,Иркутск,,25.0,71000.0,,,0.0,Заочная,Русский,государственный,,0.0,11.170449240431308,0,0,2,1
702,09.03.03 | Прикладная информатика,Прикладная информатика,"Институт экономики, управления и прикладной информатики Иркутский ГАУ",Бакалавриат,Иркутский государственный аграрный университет им. А.А. Ежевского,Иркутск,,30.0,167710.0,,,0.0,Очная,Русский,государственный,,0.0,12.02999753898156,0,0,2,1
703,09.03.03 | Прикладная информатика,Прикладная информатика,"Институт экономики, управления и прикладной информатики Иркутский ГАУ",Бакалавриат,Иркутский государственный аграрный университет им. А.А. Ежевского,Иркутск,,10.0,40000.0,,,0.0,Заочная,Русский,государственный,,0.0,10.596659732783579,0,0,2,1
704,09.03.03 | Прикладная информатика,Прикладная информатика,"Институт экономики, управления и прикладной информатики Иркутский ГАУ",Бакалавриат,Иркутский государственный аграрный университет им. А.А. Ежевского,Иркутск,,20.0,167710.0,,99.0,0.0,Очная,Русский,государственный,,0.0,12.02999753898156,0,0,2,1
705,09.03.03 | Прикладная информатика,Прикладная информатика,"Институт экономики, управления и прикладной информатики Иркутский ГАУ",Бакалавриат,Иркутский государственный аграрный университет им. А.А. Ежевского,Иркутск,,10.0,40000.0,,99.0,0.0,Заочная,Русский,государственный,,0.0,10.596659732783579,0,0,2,1
706,09.03.03 | Прикладная информатика,Прикладная информатика,Институт информационных технологий и анализа данных ВВГУ,Бакалавриат,Владивостокский государственный университет,Владивосто..,50.0,10.0,230000.0,182.0,,0.0,Очная,Русский,государственный,60.0,0.8333333333333334,12.345838935721968,0,0,0,0
707,09.03.03 | Прикладная информатика,Прикладная информатика,Факультет филиала УрФУ в г. Нижний Тагил,Бакалавриат,Нижнетагильский технологический институт (филиал) Уральского федерального университета имени первого Президента России Б.Н. Ельцина,Нижний Тагил,34.0,8.0,188300.0,170.0,118.0,0.0,Очная,Русский,государственный,42.0,0.8095238095238095,12.145797025305598,0,0,0,0
708,09.03.03 | Прикладная информатика,Прикладная информатика,Факультет филиала РГГМУ в Туапсе,Бакалавриат,Филиал Российского государственного гидрометеорологического университета в г. Туапсе,Краснодар,,10.0,162300.0,,119.0,0.0,Очная,Русский,государственный,,0.0,11.997207914913153,0,0,2,1
709,09.03.03 | Прикладная информатика,Прикладная информатика,Факультет филиала РГГМУ в Туапсе,Бакалавриат,Филиал Российского государственного гидрометеорологического университета в г. Туапсе,Краснодар,,40.0,72000.0,,,0.0,Заочная,Русский,государственный,,0.0,11.184435286790631,0,0,2,1
710,09.03.03 | Прикладная информатика,Прикладная информатика,Факультет Московского инновационного университета,Бакалавриат,Московский инновационный университет,Москва,,100.0,140000.0,,,0.0,Очная,Русский,негосударственный,,0.0,11.849404844423074,0,0,2,1
711,09.03.03 | Прикладная информатика,Прикладная информатика,Факультет Московского инновационного университета,Бакалавриат,Московский инновационный университет,Москва,,50.0,64000.0,,,0.0,Заочная,Русский,негосударственный,,0.0,11.06665398721974,0,0,2,1
712,09.03.03 | Прикладная информатика,Прикладная информатика,Физико-технический институт КФУ им. В.И. Вернадского,Бакалавриат,Крымский федеральный университет имени В.И. Вернадского,Симферопол..,15.0,25.0,168000.0,203.0,,0.0,Очная,Русский,государственный,40.0,0.375,12.031725210748633,0,0,0,0
713,09.03.03 | Прикладная информатика,Прикладная информатика,Институт компьютерных технологий и защиты информации КНИТУ-КАИ,Бакалавриат,Казанский национальный исследовательский технический университет им. А.Н.Туполева-КАИ,Казань,20.0,8.0,173800.0,234.0,,0.0,Очная,Русский,государственный,28.0,0.7142857142857143,12.065666245536807,0,0,0,0
714,09.03.03 | Прикладная информатика,Прикладная информатика,Факультет информационных систем и технологий ММА,Бакалавриат,Московская международная академия,Москва,,50.0,210000.0,,103.0,0.0,Очная,Русский,негосударственный,,0.0,12.25486757159303,0,0,2,1
715,09.03.03 | Прикладная информатика,Прикладная информатика,Факультет информационных систем и технологий ММА,Бакалавриат,Московская международная академия,Москва,,600.0,100000.0,,103.0,0.0,Очно-заочная,Русский,негосударственный,,0.0,11.51293546492023,0,0,2,1
716,09.03.03 | Прикладная информатика,Прикладная информатика,"Институт информатики, математики и робототехники УУНиТ",Бакалавриат,Уфимский университет науки и технологий,Уфа,77.0,25.0,167700.0,229.0,,0.0,Очная,Русский,государственный,102.0,0.7549019607843137,12.02993791082274,0,0,1,2
717,09.03.03 | Прикладная информатика,Прикладная информатика,"Институт информатики, математики и робототехники УУНиТ",Бакалавриат,Уфимский университет науки и технологий,Уфа,45.0,75.0,69300.0,253.0,119.0,0.0,Заочная,Русский,государственный,120.0,0.375,11.146214615088313,0,0,2,1
718,09.03.03 | Прикладная информатика,Прикладная информатика,Факультет Анапского филиала МПГУ,Бакалавриат,Анапский филиал Московского педагогического государственного университета,Анапа,,50.0,75000.0,,,0.0,Заочная,Русский,государственный,,0.0,11.225256725762893,0,0,2,1
719,09.03.03 | Прикладная информатика,Прикладная информатика,Факультет Институт управления,Бакалавриат,Институт управления,Архангельс..,,30.0,70000.0,,123.0,0.0,Заочная,Русский,негосударственный,,0.0,11.156264806643742,0,0,2,1
720,09.03.03 | Прикладная информатика,Прикладная информатика,Факультет ИУБТ,Бакалавриат,"Институт управления, бизнеса и технологий",Калуга,,5.0,150480.0,,119.0,0.0,Очная,Русский,негосударственный,,0.0,11.921592109354213,0,0,2,1
721,09.03.03 | Прикладная информатика,Прикладная информатика,Факультет ИУБТ,Бакалавриат,"Институт управления, бизнеса и технологий",Калуга,,15.0,57000.0,,119.0,0.0,Очно-заочная,Русский,негосударственный,,0.0,10.950824090522445,0,0,2,1
722,09.03.03 | Прикладная информатика,Прикладная информатика,Факультет ИУБТ,Бакалавриат,"Институт управления, бизнеса и технологий",Калуга,,50.0,57000.0,,,0.0,Заочная,Русский,негосударственный,,0.0,10.950824090522445,0,0,2,1
723,09.03.03 | Прикладная информатика,Прикладная информатика,Факультет МИУ,Бакалавриат,Международный инновационный университет,Сочи,,100.0,116000.0,,,0.0,Очная,Русский,негосударственный,,0.0,11.661354090741,0,0,2,1
724,09.03.03 | Прикладная информатика,Прикладная информатика,Факультет МИУ,Бакалавриат,Международный инновационный университет,Сочи,,50.0,54000.0,,,0.0,Заочная,Русский,негосударственный,,0.0,10.896757843893464,0,0,2,1
725,09.03.04 | Программная инженерия,Программная инженерия,Факультет компьютерных наук НИУ ВШЭ,Бакалавриат,Национальный исследовательский университет «Высшая школа экономики»,Москва,160.0,125.0,800000.0,299.0,,0.0,Очная,Русский,государственный,285.0,0.5614035087719298,13.592368256649284,0,0,1,2
726,09.03.04 | Программная инженерия,Программная инженерия,Факультет информационных технологий и анализа больших данных Финансовый университет,Бакалавриат,Финансовый университет при Правительстве Российской Федерации,Москва,25.0,123.0,420000.0,268.0,119.0,0.0,Очная,Русский,государственный,148.0,0.16891891891891891,12.948012371209098,0,0,1,2
727,09.03.04 | Программная инженерия,Программная инженерия,Высшая школа программной инженерии МФТИ - Яндекс,Бакалавриат,Московский физико-технический институт (Государственный университет),Москва,63.0,61.0,767000.0,282.0,,0.0,Очная,Русский,государственный,124.0,0.5080645161290323,13.550243384129509,0,0,1,2
728,09.03.04 | Программная инженерия,Программная инженерия,Факультет компьютерных технологий и информатики СПбГЭТУ,Бакалавриат,Санкт-Петербургский государственный электротехнический университет «ЛЭТИ» им. В.И. Ульянова (Ленина),Санкт-Пете..,68.0,82.0,308000.0,271.0,,0.0,Очная,Русский,государственный,150.0,0.4533333333333333,12.637858308703688,0,0,1,2
729,09.03.04 | Программная инженерия,Программная инженерия,Математико-механический факультет СПбГУ,Бакалавриат,Санкт-Петербургский государственный университет,Санкт-Пете..,45.0,12.0,396500.0,283.0,,0.0,Очная,Русский,государственный,57.0,0.7894736842105263,12.890433842121956,0,0,1,2
730,09.03.04 | Программная инженерия,Программная инженерия,Институт радиоэлектроники и информационных технологий–РтФ,Бакалавриат,Уральский федеральный университет имени первого Президента России Б. Н. Ельцина,Екатеринбург,100.0,125.0,263000.0,264.0,,0.0,Очная,Русский,государственный,225.0,0.4444444444444444,12.479913113434042,0,0,1,2
731,09.03.04 | Программная инженерия,Программная инженерия,Институт автоматики и информационных технологий,Бакалавриат,Самарский государственный технический университет,Самара,38.0,10.0,164220.0,198.0,,0.0,Очная,Русский,государственный,48.0,0.7916666666666666,12.008968360636517,0,0,0,0
732,09.03.04 | Программная инженерия,Программная инженерия,Институт автоматики и информационных технологий,Бакалавриат,Самарский государственный технический университет,Самара,,65.0,82100.0,,,0.0,Заочная,Русский,государственный,,0.0,11.315705475634307,0,0,2,1
733,09.03.04 | Программная инженерия,Программная инженерия,Факультет «Авиастроение» ДГТУ,Бакалавриат,Донской государственный технический университет,Ростов-на-..,43.0,16.0,153300.0,200.0,,0.0,Очная,Русский,государственный,59.0,0.7288135593220338,11.940158587995837,0,0,0,0
734,09.03.04 | Программная инженерия,Программная инженерия,Институт космических и информационных технологий СФУ,Бакалавриат,Сибирский федеральный университет,Красноярск,70.0,25.0,246000.0,236.0,,0.0,Очная,Русский,государственный,95.0,0.7368421052631579,12.413090879946887,0,0,1,2
735,09.03.04 | Программная инженерия,Программная инженерия,Институт космических и информационных технологий СФУ,Бакалавриат,Сибирский федеральный университет,Красноярск,25.0,65.0,65000.0,254.0,,0.0,Заочная,Русский,государственный,90.0,0.2777777777777778,11.082157933374816,0,0,2,1
736,09.03.04 | Программная инженерия,Программная инженерия,Институт компьютерных систем и информационной безопасности КубГТУ,Бакалавриат,Кубанский государственный технологический университет,Краснодар,20.0,35.0,197000.0,236.0,,0.0,Очная,Русский,государственный,55.0,0.36363636363636365,12.190964083849375,0,0,0,0
737,09.03.04 | Программная инженерия,Программная инженерия,Институт компьютерных систем и информационной безопасности КубГТУ,Бакалавриат,Кубанский государственный технологический университет,Краснодар,5.0,39.0,74816.0,236.0,,0.0,Заочная,Русский,государственный,44.0,0.11363636363636363,11.222800410867308,0,0,2,1
738,09.03.04 | Программная инженерия,Программная инженерия,Институт математики и компьютерных технологий ДВФУ,Бакалавриат,Дальневосточный федеральный университет,Владивосто..,100.0,2.0,292000.0,207.0,,0.0,Очная,Русский,государственный,102.0,0.9803921568627451,12.584512505902088,0,0,1,2
739,09.03.04 | Программная инженерия,Программная инженерия,Институт информационных технологий и анализа данных ВВГУ,Бакалавриат,Владивостокский государственный университет,Владивосто..,50.0,10.0,230000.0,172.0,,0.0,Очная,Русский,государственный,60.0,0.8333333333333334,12.345838935721968,0,0,0,0
740,09.03.04 | Программная инженерия,Программная инженерия,Институт цифровых систем ЯГТУ,Бакалавриат,Ярославский государственный технический университет,Ярославль,60.0,25.0,163532.0,222.0,,0.0,Очная,Русский,государственный,85.0,0.7058823529411765,12.004770083815915,0,0,0,0
741,09.03.04 | Программная инженерия,Программная инженерия,НОЦ «Высшая ИТ-школа (HITs)» ТГУ,Бакалавриат,Национальный исследовательский Томский государственный университет,Томск,75.0,15.0,199000.0,250.0,,0.0,Очная,Русский,государственный,90.0,0.8333333333333334,12.201065128819632,0,0,1,2
742,09.03.04 | Программная инженерия,Программная инженерия,НОЦ «Высшая ИТ-школа (HITs)» ТГУ,Бакалавриат,Национальный исследовательский Томский государственный университет,Томск,,30.0,398000.0,,155.0,0.0,Очная,Русский,государственный,,0.0,12.894209796826232,0,0,0,0
743,09.03.04 | Программная инженерия,Программная инженерия,Политехнический институт ПГУ,Бакалавриат,Пензенский государственный университет,Пенза,48.0,25.0,144645.0,240.0,,0.0,Очная,Русский,государственный,73.0,0.6575342465753424,11.88204465706652,0,0,0,0
744,09.03.04 | Программная инженерия,Программная инженерия,"Факультет информатики, математики и компьютерных наук филиала НИУ ВШЭ в Нижнем Новгороде",Бакалавриат,Национальный исследовательский университет «Высшая школа экономики» в Нижнем Новгороде,Нижний Нов..,,30.0,180000.0,,,0.0,Очно-заочная,Русский,государственный,,0.0,12.100717685412471,0,0,2,1
745,09.03.04 | Программная инженерия,Программная инженерия,Физико-технический институт КФУ им. В.И. Вернадского,Бакалавриат,Крымский федеральный университет имени В.И. Вернадского,Симферопол..,50.0,50.0,168000.0,220.0,,0.0,Очная,Русский,государственный,100.0,0.5,12.031725210748633,0,0,0,0
746,09.03.04 | Программная инженерия,Программная инженерия,Инженерная школа цифровых технологий ЮГУ,Бакалавриат,Югорский государственный университет,Ханты-Манс..,30.0,,,194.0,,0.0,Очная,Русский,государственный,,0.0,,0,0,2,1
747,09.03.04 | Программная инженерия,Программная инженерия,Инженерно-экономический институт БГИТУ,Бакалавриат,Брянский государственный инженерно-технологический университет,Брянск,19.0,15.0,137020.0,168.0,,0.0,Очная,Русский,государственный,34.0,0.5588235294117647,11.8278894777349,0,0,0,0
748,09.03.04 | Программная инженерия,Программная инженерия,Институт компьютерных и инженерных наук АмГУ,Бакалавриат,Амурский государственный университет,Благовещенск,25.0,10.0,207600.0,193.0,,0.0,Очная,Русский,государственный,35.0,0.7142857142857143,12.243373247217953,0,0,0,0
749,09.03.04 | Программная инженерия,Программная инженерия,"Институт математики, физики и информационных технологий ЧГУ им. А.А. Кадырова",Бакалавриат,Чеченский государственный университет имени Ахмата Абдулхамидовича Кадырова,Грозный,86.0,50.0,129926.0,119.0,,0.0,Очная,Русский,государственный,136.0,0.6323529411764706,11.774728033254412,0,0,0,0
750,09.03.04 | Программная инженерия,Программная инженерия,Инженерный институт СКГА,Бакалавриат,Северо-Кавказская государственная академия,Черкесск,23.0,10.0,130000.0,162.0,,0.0,Очная,Русский,государственный,33.0,0.696969696969697,11.775297421715827,0,0,0,0
751,09.03.04 | Программная инженерия,Программная инженерия,Институт прикладных информационных технологий ГГНТУ им. акад. М. Д. Миллионщикова,Бакалавриат,Грозненский государственный нефтяной технический университет имени академика М.Д. Миллионщикова,Грозный,20.0,60.0,129926.0,210.0,,0.0,Очная,Русский,государственный,80.0,0.25,11.774728033254412,0,0,2,1
752,09.03.04 | Программная инженерия,Программная инженерия,Институт прикладных информационных технологий ГГНТУ им. акад. М. Д. Миллионщикова,Бакалавриат,Грозненский государственный нефтяной технический университет имени академика М.Д. Миллионщикова,Грозный,,75.0,35000.0,,,0.0,Заочная,Русский,государственный,,0.0,10.463131911491967,0,0,2,1
753,09.03.04 | Программная инженерия,Программная инженерия,"Институт информатики, математики и робототехники УУНиТ",Бакалавриат,Уфимский университет науки и технологий,Уфа,75.0,50.0,167700.0,253.0,,0.0,Очная,Русский,государственный,125.0,0.6,12.02993791082274,0,0,1,2
754,27.03.04 | Управление в технических системах,Управление в технических системах,"Институт социально-технологического менеджмента МГТУ ""Станкин""",Бакалавриат,Московский государственный технологический университет «СТАНКИН»,Москва,50.0,20.0,364200.0,220.0,,0.0,Очная,Русский,государственный,70.0,0.7142857142857143,12.805461192015972,0,0,1,2
755,27.03.04 | Управление в технических системах,Управление в технических системах,Институт дистанционного и дополнительного образования НИУ МЭИ,Бакалавриат,Национальный исследовательский университет «МЭИ»,Москва,,80.0,116000.0,,,0.0,Заочная,Русский,государственный,,0.0,11.661354090741,0,0,2,1
756,27.03.04 | Управление в технических системах,Управление в технических системах,Факультет высшего образования МТИ,Бакалавриат,Московский технологический институт МосТех,Москва,,314.0,80000.0,,85.0,0.0,Дистанционная,Русский,негосударственный,,0.0,11.289794413577894,0,0,2,1
757,27.03.04 | Управление в технических системах,Управление в технических системах,Факультет высшего образования МТИ,Бакалавриат,Московский технологический институт МосТех,Москва,,6.0,295000.0,,85.0,0.0,Очная,Русский,негосударственный,,0.0,12.59473402514672,0,0,0,0
758,27.03.04 | Управление в технических системах,Управление в технических системах,Институт технологических машин и транспорта леса СПбГЛТУ,Бакалавриат,Санкт-Петербургский государственный лесотехнический университет им. С.М. Кирова,Санкт-Пете..,,45.0,268200.0,,119.0,0.0,Очная,Русский,государственный,,0.0,12.49949197838354,0,0,0,0
759,27.03.04 | Управление в технических системах,Управление в технических системах,Институт технологических машин и транспорта леса СПбГЛТУ,Бакалавриат,Санкт-Петербургский государственный лесотехнический университет им. С.М. Кирова,Санкт-Пете..,,45.0,62000.0,,,0.0,Заочная,Русский,государственный,,0.0,11.034905792929415,0,0,2,1
760,27.03.04 | Управление в технических системах,Управление в технических системах,Институт радиоэлектроники и информационных технологий–РтФ,Бакалавриат,Уральский федеральный университет имени первого Президента России Б. Н. Ельцина,Екатеринбург,50.0,3.0,216000.0,219.0,,0.0,Очная,Русский,государственный,53.0,0.9433962264150944,12.283038316285214,0,0,0,0
761,27.03.04 | Управление в технических системах,Управление в технических системах,Институт космических и информационных технологий СФУ,Бакалавриат,Сибирский федеральный университет,Красноярск,24.0,3.0,246000.0,180.0,,0.0,Очная,Русский,государственный,27.0,0.8888888888888888,12.413090879946887,0,0,0,0
762,27.03.04 | Управление в технических системах,Управление в технических системах,Институт экономики и менеджмента БГТУ им. В.Г. Шухова,Бакалавриат,Белгородский государственный технологический университет им. В.Г. Шухова,Белгород,20.0,5.0,158800.0,140.0,119.0,0.0,Очная,Русский,государственный,25.0,0.8,11.975407125004564,0,0,0,0
763,27.03.04 | Управление в технических системах,Управление в технических системах,Институт автоматизированных систем и технологий ФГБОУ ВО Костромского государственного университета (КГУ),Бакалавриат,Костромской государственный университет,Кострома,25.0,10.0,152000.0,167.0,,0.0,Очная,Русский,государственный,35.0,0.7142857142857143,11.931642378754141,0,0,0,0
764,09.03.02 | Информационные системы и технологии,Информационные системы в научно-технических и социально экономических технологиях,Физико-технологический институт УрФУ,Бакалавриат,Уральский федеральный университет имени первого Президента России Б. Н. Ельцина,Екатеринбург,50.0,5.0,263000.0,216.0,119.0,0.0,Очная,Русский,государственный,55.0,0.9090909090909091,12.479913113434042,0,0,0,0
765,09.03.02 | Информационные системы и технологии,Информационно-управляющие системы,Институт информационных технологий и анализа данных,Бакалавриат,Иркутский национальный исследовательский технический университет,Иркутск,50.0,60.0,215800.0,214.0,,0.0,Очная,Русский,государственный,110.0,0.45454545454545453,12.282111965715732,0,0,1,2
766,09.03.02 | Информационные системы и технологии,Информационно-управляющие системы,Институт инженерных и цифровых технологий,Бакалавриат,Белгородский государственный национальный исследовательский университет,Белгород,31.0,5.0,158720.0,150.0,,0.0,Очная,Русский,государственный,36.0,0.8611111111111112,11.974903222902078,0,0,0,0
767,09.03.02 | Информационные системы и технологии,Информационно-управляющие системы,Факультет Лесосибирского педагогического института СФУ,Бакалавриат,Лесосибирский педагогический институт Сибирского федерального университета,Красноярск,18.0,2.0,247090.0,179.0,119.0,0.0,Очная,Русский,государственный,20.0,0.9,12.417511968812374,0,0,0,0
768,09.03.02 | Информационные системы и технологии,Информационно-управляющие системы,Факультет филиала НГТУ в г. Арзамас,Бакалавриат,Арзамасский политехнический институт Нижегородского Государственного Политехнического Университета им. Р.Е. Алексеева,Арзамас,10.0,5.0,155610.0,172.0,119.0,0.0,Очная,Русский,государственный,15.0,0.6666666666666666,11.955114582315122,0,0,0,0
769,09.03.02 | Информационные системы и технологии,Информационно-управляющие системы,Факультет филиала НГТУ в г. Арзамас,Бакалавриат,Арзамасский политехнический институт Нижегородского Государственного Политехнического Университета им. Р.Е. Алексеева,Арзамас,,40.0,63950.0,,119.0,0.0,Заочная,Русский,государственный,,0.0,11.065872444101304,0,0,2,1
770,09.03.02 | Информационные системы и технологии,Информационно-управляющие системы,Институт информатики и телекоммуникаций СибГУ им. М.Ф. Решетнева,Бакалавриат,Сибирский государственный университет науки и технологий имени академика М.Ф. Решетнева,Красноярск,50.0,6.0,246000.0,182.0,,0.0,Очная,Русский,государственный,56.0,0.8928571428571429,12.413090879946887,0,0,0,0
771,09.03.02 | Информационные системы и технологии,Информационно-управляющие системы,Институт информатики и телекоммуникаций СибГУ им. М.Ф. Решетнева,Бакалавриат,Сибирский государственный университет науки и технологий имени академика М.Ф. Решетнева,Красноярск,20.0,5.0,67600.0,230.0,,0.0,Заочная,Русский,государственный,25.0,0.8,11.121378054821049,0,0,2,1
772,09.03.04 | Программная инженерия,Разработка программно-информационных систем,"Факультет Информатика, искусственный интеллект и системы управления (ИУ)",Бакалавриат,Московский государственный технический университет им. Н.Э. Баумана,Москва,42.0,40.0,549000.0,302.0,,0.0,Очная,Русский,государственный,82.0,0.5121951219512195,13.215855541983634,0,0,1,2
773,09.03.04 | Программная инженерия,Разработка программно-информационных систем,Институт системной и программной инженерии и информационных технологий МИЭТ,Бакалавриат,Национальный исследовательский университет «МИЭТ»,Москва,110.0,70.0,348000.0,263.0,,0.0,Очная,Русский,государственный,180.0,0.6111111111111112,12.759960632315702,0,0,1,2
774,09.03.04 | Программная инженерия,Разработка программно-информационных систем,"Факультет ""О"" Естественнонаучный",Бакалавриат,Балтийский государственный технический университет «ВОЕНМЕХ» имени Д. Ф. Устинова,Санкт-Пете..,69.0,51.0,290000.0,238.0,,0.0,Очная,Русский,государственный,120.0,0.575,12.577639650232573,0,0,1,2
775,09.03.04 | Программная инженерия,Разработка программно-информационных систем,Институт компьютерных наук и кибербезопасности СПбПУ,Бакалавриат,Санкт-Петербургский политехнический университет Петра Великого,Санкт-Пете..,,60.0,125000.0,,,0.0,Очно-заочная,Русский,государственный,,0.0,11.736077016252437,0,0,2,1
776,09.03.04 | Программная инженерия,Разработка программно-информационных систем,Институт компьютерных наук и кибербезопасности СПбПУ,Бакалавриат,Санкт-Петербургский политехнический университет Петра Великого,Санкт-Пете..,,20.0,125000.0,,140.0,0.0,Очно-заочная,Русский,государственный,,0.0,11.736077016252437,0,0,2,1
777,09.03.04 | Программная инженерия,Разработка программно-информационных систем,Институт системного анализа и управления,Бакалавриат,Государственный университет «Дубна»,Москва,50.0,15.0,240200.0,214.0,,0.0,Очная,Русский,государственный,65.0,0.7692307692307693,12.38923135181669,0,0,0,0
778,09.03.04 | Программная инженерия,Разработка программно-информационных систем,Институт системного анализа и управления,Бакалавриат,Государственный университет «Дубна»,Москва,,40.0,49000.0,,,0.0,Заочная,Русский,государственный,,0.0,10.799595985047786,0,0,2,1
779,09.03.04 | Программная инженерия,Разработка программно-информационных систем,Факультет автоматики и вычислительной техники НГТУ,Бакалавриат,Новосибирский государственный технический университет,Новосибирс..,41.0,75.0,208000.0,266.0,,0.0,Очная,Русский,государственный,116.0,0.35344827586206895,12.245298166364206,0,0,1,2
780,09.03.04 | Программная инженерия,Разработка программно-информационных систем,Институт информационных технологий ННГАСУ,Бакалавриат,Нижегородский государственный архитектурно-строительный университет,Нижний Нов..,50.0,20.0,165600.0,210.0,,0.0,Очная,Русский,государственный,70.0,0.7142857142857143,12.017336559562407,0,0,0,0
781,09.03.04 | Программная инженерия,Разработка программно-информационных систем,Институт информационных технологий ННГАСУ,Бакалавриат,Нижегородский государственный архитектурно-строительный университет,Нижний Нов..,,100.0,75200.0,,,0.0,Заочная,Русский,государственный,,0.0,11.227919807721856,0,0,2,1
782,09.03.04 | Программная инженерия,Разработка программно-информационных систем,"Институт информационных технологий, математики и механики ННГУ им. Лобачевского",Бакалавриат,Национальный исследовательский Нижегородский государственный университет им. Н.И. Лобачевского,Нижний Нов..,110.0,70.0,250000.0,256.0,,0.0,Очная,Русский,государственный,180.0,0.6111111111111112,12.429220196836383,0,0,1,2
783,09.03.04 | Программная инженерия,Разработка программно-информационных систем,Институт информационных технологий ЧелГУ,Бакалавриат,Челябинский государственный университет,Челябинск,30.0,40.0,182000.0,220.0,,0.0,Очная,Русский,государственный,70.0,0.42857142857142855,12.111767460549332,0,0,0,0
784,09.03.04 | Программная инженерия,Разработка программно-информационных систем,Институт информационных технологий ЧелГУ,Бакалавриат,Челябинский государственный университет,Челябинск,,40.0,69000.0,,126.0,0.0,Заочная,Русский,государственный,,0.0,11.141876276228,0,0,2,1
785,09.03.04 | Программная инженерия,Разработка программно-информационных систем,Институт информационных технологий ЧелГУ,Бакалавриат,Челябинский государственный университет,Челябинск,,20.0,88000.0,,126.0,0.0,Очно-заочная,Русский,государственный,,0.0,11.385103457032141,0,0,2,1
786,09.03.04 | Программная инженерия,Разработка программно-информационных систем,Институт информационных технологий ЧелГУ,Бакалавриат,Челябинский государственный университет,Челябинск,,155.0,69000.0,,126.0,0.0,Заочная,Русский,государственный,,0.0,11.141876276228,0,0,2,1
787,09.03.04 | Программная инженерия,Разработка программно-информационных систем,Институт информационных технологий ЧелГУ,Бакалавриат,Челябинский государственный университет,Челябинск,,50.0,88000.0,,126.0,0.0,Очно-заочная,Русский,государственный,,0.0,11.385103457032141,0,0,2,1
788,09.03.04 | Программная инженерия,Разработка программно-информационных систем,Факультет кибербезопасности и управления,Бакалавриат,Поволжский государственный университет телекоммуникаций и информатики,Самара,50.0,25.0,190000.0,191.0,,0.0,Очная,Русский,государственный,75.0,0.6666666666666666,12.154784614286667,0,0,0,0
789,09.03.04 | Программная инженерия,Разработка программно-информационных систем,Факультет информационных технологий и управления ЮРГПУ,Бакалавриат,Южно-Российский государственный политехнический университет им. М.И. Платова,Ростов-на-..,55.0,5.0,153255.0,207.0,,0.0,Очная,Русский,государственный,60.0,0.9166666666666666,11.939865004744936,0,0,0,0
790,09.03.04 | Программная инженерия,Разработка программно-информационных систем,Электротехнический факультет ПНИПУ,Бакалавриат,Пермский национальный исследовательский политехнический университет,Пермь,35.0,20.0,183000.0,231.0,,0.0,Очная,Русский,государственный,55.0,0.6363636363636364,12.117246896289503,0,0,0,0
791,09.03.04 | Программная инженерия,Разработка программно-информационных систем,Электротехнический факультет ПНИПУ,Бакалавриат,Пермский национальный исследовательский политехнический университет,Пермь,,50.0,75000.0,,,0.0,Заочная,Русский,государственный,,0.0,11.225256725762893,0,0,2,1
792,09.03.04 | Программная инженерия,Разработка программно-информационных систем,Факультет «Информационные технологии» ИжГТУ имени М. Т. Калашникова,Бакалавриат,Ижевский государственный технический университет им. М.Т. Калашникова,Ижевск,82.0,8.0,160500.0,215.0,,0.0,Очная,Русский,государственный,90.0,0.9111111111111111,11.986055452062393,0,0,1,2
793,09.03.04 | Программная инженерия,Разработка программно-информационных систем,Факультет «Информационные технологии» ИжГТУ имени М. Т. Калашникова,Бакалавриат,Ижевский государственный технический университет им. М.Т. Калашникова,Ижевск,,80.0,57500.0,,,0.0,Заочная,Русский,государственный,,0.0,10.959557617938563,0,0,2,1
794,09.03.04 | Программная инженерия,Разработка программно-информационных систем,Факультет компьютерных наук ВГУ,Бакалавриат,Воронежский государственный университет,Воронеж,65.0,10.0,174000.0,248.0,,0.0,Очная,Русский,государственный,75.0,0.8666666666666667,12.066816325306588,0,0,1,2
795,09.03.04 | Программная инженерия,Разработка программно-информационных систем,Факультет электроники и вычислительной техники ВолгГТУ,Бакалавриат,Волгоградский государственный технический университет,Волгоград,55.0,40.0,149530.0,244.0,,0.0,Очная,Русский,государственный,95.0,0.5789473684210527,11.91525900817674,0,0,1,2
796,09.03.04 | Программная инженерия,Разработка программно-информационных систем,Институт математики и информационных технологий ВолГУ,Бакалавриат,Волгоградский государственный университет,Волгоград,85.0,10.0,185000.0,176.0,119.0,0.0,Очная,Русский,государственный,95.0,0.8947368421052632,12.128116509451258,0,0,0,0
797,09.03.04 | Программная инженерия,Разработка программно-информационных систем,Факультет компьютерных наук и информационных технологий СГУ им. Чернышевского,Бакалавриат,Саратовский национальный исследовательский государственный университет имени Н.Г. Чернышевского,Саратов,20.0,20.0,135888.0,265.0,,0.0,Очная,Русский,государственный,40.0,0.5,11.819593654994243,0,0,0,0
798,09.03.04 | Программная инженерия,Разработка программно-информационных систем,Факультет компьютерных наук и информационных технологий СГУ им. Чернышевского,Бакалавриат,Саратовский национальный исследовательский государственный университет имени Н.Г. Чернышевского,Саратов,10.0,35.0,50004.0,185.0,,0.0,Заочная,Русский,государственный,45.0,0.2222222222222222,10.819878279410617,0,0,2,1
799,09.03.04 | Программная инженерия,Разработка программно-информационных систем,Институт прикладных информационных технологий и коммуникаций СГТУ,Бакалавриат,Саратовский государственный технический университет им. Гагарина Ю.А.,Саратов,40.0,40.0,137030.0,231.0,,0.0,Очная,Русский,государственный,80.0,0.5,11.827962456585661,0,0,0,0
800,09.03.04 | Программная инженерия,Разработка программно-информационных систем,Высшая школа цифровых технологий ТИУ,Бакалавриат,Тюменский индустриальный университет,Тюмень,23.0,2.0,262500.0,212.0,,0.0,Очная,Русский,государственный,25.0,0.92,12.47801017053037,0,0,0,0
801,09.03.04 | Программная инженерия,Разработка программно-информационных систем,Факультет математики и информационных технологий АлтГУ,Бакалавриат,Алтайский государственный университет,Барнаул,27.0,2.0,156610.0,211.0,,0.0,Очная,Русский,государственный,29.0,0.9310344827586207,11.96152030272839,0,0,0,0
802,09.03.04 | Программная инженерия,Разработка программно-информационных систем,Факультет информационных технологий АлтГТУ,Бакалавриат,Алтайский государственный технический университет им. И.И. Ползунова,Барнаул,87.0,50.0,170000.0,206.0,,0.0,Очная,Русский,государственный,137.0,0.635036496350365,12.04355959836804,0,0,1,2
803,09.03.04 | Программная инженерия,Разработка программно-информационных систем,Инженерная школа информационных технологий и робототехники ТПУ,Бакалавриат,Национальный исследовательский Томский политехнический университет,Томск,84.0,12.0,208000.0,242.0,,0.0,Очная,Русский,государственный,96.0,0.875,12.245298166364206,0,0,1,2
804,09.03.04 | Программная инженерия,Разработка программно-информационных систем,Факультет информатики и информационных технологий ДГУ,Бакалавриат,Дагестанский государственный университет,Махачкала,18.0,5.0,122184.0,190.0,,0.0,Очная,Русский,государственный,23.0,0.782608695652174,11.71329156859445,0,0,0,0
805,09.03.04 | Программная инженерия,Разработка программно-информационных систем,Факультет информатики и информационных технологий ДГУ,Бакалавриат,Дагестанский государственный университет,Махачкала,,15.0,30000.0,,,0.0,Заочная,Русский,государственный,,0.0,10.308985993422082,0,0,2,1
806,09.03.04 | Программная инженерия,Разработка программно-информационных систем,Институт математики и информационных технологий ОГУ,Бакалавриат,Оренбургский государственный университет,Оренбург,25.0,50.0,175000.0,231.0,,0.0,Очная,Русский,государственный,75.0,0.3333333333333333,12.07254696717504,0,0,0,0
807,09.03.04 | Программная инженерия,Разработка программно-информационных систем,Институт математики и информационных технологий ОГУ,Бакалавриат,Оренбургский государственный университет,Оренбург,,100.0,65000.0,,119.0,0.0,Заочная,Русский,государственный,,0.0,11.082157933374816,0,0,2,1
808,09.03.04 | Программная инженерия,Разработка программно-информационных систем,Институт информационных технологий и коммуникаций АГТУ,Бакалавриат,Астраханский государственный технический университет,Астрахань,20.0,20.0,186000.0,225.0,,0.0,Очная,Русский,государственный,40.0,0.5,12.133507329024972,0,0,0,0
809,09.03.04 | Программная инженерия,Разработка программно-информационных систем,Институт информационных технологий и коммуникаций АГТУ,Бакалавриат,Астраханский государственный технический университет,Астрахань,,15.0,76000.0,,,0.0,Заочная,Русский,государственный,,0.0,11.23850177707664,0,0,2,1
810,09.03.04 | Программная инженерия,Разработка программно-информационных систем,Факультет автоматизированных информационных технологий,Бакалавриат,Пензенский государственный технологический университет,Пенза,20.0,10.0,144700.0,197.0,,0.0,Очная,Русский,государственный,30.0,0.6666666666666666,11.88242482344573,0,0,0,0
811,09.03.04 | Программная инженерия,Разработка программно-информационных систем,Институт информационных технологий и управляющих систем БГТУ им. В.Г. Шухова,Бакалавриат,Белгородский государственный технологический университет им. В.Г. Шухова,Белгород,50.0,6.0,158800.0,206.0,,0.0,Очная,Русский,государственный,56.0,0.8928571428571429,11.975407125004564,0,0,0,0
812,09.03.04 | Программная инженерия,Разработка программно-информационных систем,"Факультет информатики, математики и компьютерных наук филиала НИУ ВШЭ в Нижнем Новгороде",Бакалавриат,Национальный исследовательский университет «Высшая школа экономики» в Нижнем Новгороде,Нижний Нов..,50.0,45.0,390000.0,265.0,,0.0,Очная,Русский,государственный,95.0,0.5263157894736842,12.873904582205107,0,0,1,2
813,09.03.04 | Программная инженерия,Разработка программно-информационных систем,Факультет социально-экономических и компьютерных наук Пермского филиала ВШЭ,Бакалавриат,Пермский филиал Национального исследовательского университета «Высшая школа экономики»,Пермь,50.0,40.0,200000.0,244.0,,0.0,Очная,Русский,государственный,90.0,0.5555555555555556,12.206077645517674,0,0,1,2
814,09.03.04 | Программная инженерия,Разработка программно-информационных систем,Факультет филиала ЮУрГУ г. Нижневартовск,Бакалавриат,Нижневартовский филиал Южно-Уральского государственного университета (национальный исследовательский университет),Нижневартовск,,25.0,311400.0,,118.0,0.0,Очная,Русский,государственный,,0.0,12.648836749680669,0,0,0,0
815,09.03.04 | Программная инженерия,Разработка программно-информационных систем,Факультет филиала ЮУрГУ г. Нижневартовск,Бакалавриат,Нижневартовский филиал Южно-Уральского государственного университета (национальный исследовательский университет),Нижневартовск,,25.0,89200.0,,118.0,0.0,Очно-заочная,Русский,государственный,,0.0,11.398647529267592,0,0,2,1
816,09.03.04 | Программная инженерия,Разработка программно-информационных систем,Высшая техническая школа НЧФ КФУ,Бакалавриат,Набережночелнинский институт КФУ (филиал),Набережные..,25.0,5.0,209952.0,211.0,124.0,0.0,Очная,Русский,государственный,30.0,0.8333333333333334,12.254638975126706,0,0,0,0
817,09.03.04 | Программная инженерия,Разработка программно-информационных систем,Высшая техническая школа НЧФ КФУ,Бакалавриат,Набережночелнинский институт КФУ (филиал),Набережные..,20.0,30.0,80568.0,203.0,,0.0,Заочная,Русский,государственный,50.0,0.4,11.296869239126636,0,0,2,1
818,09.03.04 | Программная инженерия,Разработка программно-информационных систем,Факультет филиала ОГУ в г. Бузулук,Бакалавриат,Бузулукский гуманитарно-технологический институт Оренбургского государственного университета,Оренбург,,100.0,65000.0,,118.0,0.0,Заочная,Русский,государственный,,0.0,11.082157933374816,0,0,2,1
819,09.03.04 | Программная инженерия,Разработка программно-информационных систем,Факультет филиала ОГУ в г. Бузулук,Бакалавриат,Бузулукский гуманитарно-технологический институт Оренбургского государственного университета,Оренбург,,100.0,160000.0,,118.0,0.0,Очная,Русский,государственный,,0.0,11.982935344196433,0,0,2,1
820,09.03.04 | Программная инженерия,Разработка программно-информационных систем,Институт информатики и телекоммуникаций СибГУ им. М.Ф. Решетнева,Бакалавриат,Сибирский государственный университет науки и технологий имени академика М.Ф. Решетнева,Красноярск,50.0,6.0,246000.0,215.0,,0.0,Очная,Русский,государственный,56.0,0.8928571428571429,12.413090879946887,0,0,0,0
821,09.03.04 | Программная инженерия,Разработка программно-информационных систем,Институт компьютерных технологий и защиты информации КНИТУ-КАИ,Бакалавриат,Казанский национальный исследовательский технический университет им. А.Н.Туполева-КАИ,Казань,30.0,45.0,173800.0,268.0,,0.0,Очная,Русский,государственный,75.0,0.4,12.065666245536807,0,0,0,0
822,09.03.04 | Программная инженерия,Разработка программно-информационных систем,Институт компьютерных технологий и защиты информации КНИТУ-КАИ,Бакалавриат,Казанский национальный исследовательский технический университет им. А.Н.Туполева-КАИ,Казань,,5.0,78300.0,,,0.0,Заочная,Русский,государственный,,0.0,11.268315653289422,0,0,2,1
823,09.03.04 | Программная инженерия,Разработка программно-информационных систем,Институт компьютерных технологий и защиты информации КНИТУ-КАИ,Бакалавриат,Казанский национальный исследовательский технический университет им. А.Н.Туполева-КАИ,Казань,,1.0,78300.0,,,0.0,Заочная,Русский,государственный,,0.0,11.268315653289422,0,0,2,1
824,09.03.04 | Программная инженерия,Разработка программно-информационных систем,Институт компьютерных технологий и защиты информации КНИТУ-КАИ,Бакалавриат,Казанский национальный исследовательский технический университет им. А.Н.Туполева-КАИ,Казань,,84.0,78300.0,,,0.0,Заочная,Русский,государственный,,0.0,11.268315653289422,0,0,2,1
825,09.03.04 | Программная инженерия,Разработка программно-информационных систем,Факультет АГТУ Высшая школа нефти,Бакалавриат,Альметьевский государственный технологический университет «Высшая школа нефти»,Альметьевс..,16.0,15.0,190300.0,236.0,,0.0,Очная,Русский,государственный,31.0,0.5161290322580645,12.15636230813118,0,0,0,0
826,09.03.04 | Программная инженерия,Разработка программно-информационных систем,"Факультет информационных технологий, экономики и управления КамчатГТУ",Бакалавриат,Камчатский государственный технический университет,Петропавло..,14.0,10.0,415155.0,153.0,,0.0,Очная,Русский,государственный,24.0,0.5833333333333334,12.93640963219323,0,0,0,0
827,09.03.04 | Программная инженерия,Разработка программно-информационных систем,"Факультет информационных технологий, экономики и управления КамчатГТУ",Бакалавриат,Камчатский государственный технический университет,Петропавло..,,20.0,88855.0,,,0.0,Заочная,Русский,государственный,,0.0,11.394772360846956,0,0,2,1
828,09.03.04 | Программная инженерия,Разработка программно-информационных систем,Факультет информационных технологий БГТУ,Бакалавриат,Брянский государственный технический университет,Брянск,24.0,5.0,139850.0,235.0,,0.0,Очная,Русский,государственный,29.0,0.8275862068965517,11.848332849122954,0,0,0,0
829,09.03.04 | Программная инженерия,Разработка программно-информационных систем,Институт информационных технологий и электроники ВлГУ,Бакалавриат,Владимирский государственный университет имени Александра Григорьевича и Николая Григорьевича Столетовых,Владимир,25.0,60.0,195610.0,215.0,,0.0,Очная,Русский,государственный,85.0,0.29411764705882354,12.183883272220415,0,0,0,0
830,09.03.04 | Программная инженерия,Разработка программно-информационных систем,Факультет фундаментальной и прикладной информатики ЮЗГУ,Бакалавриат,Юго-Западный государственный университет,Курск,50.0,80.0,160000.0,235.0,,0.0,Очная,Русский,государственный,130.0,0.38461538461538464,11.982935344196433,0,0,1,2
831,09.03.04 | Программная инженерия,Разработка программно-информационных систем,Факультет фундаментальной и прикладной информатики ЮЗГУ,Бакалавриат,Юго-Западный государственный университет,Курск,,120.0,79000.0,,,0.0,Заочная,Русский,государственный,,0.0,11.277215789596893,0,0,2,1
832,09.03.04 | Программная инженерия,Разработка программно-информационных систем,Политехнический институт ТОГУ,Бакалавриат,Тихоокеанский государственный университет,Хабаровск,40.0,60.0,229000.0,156.0,,0.0,Очная,Русский,государственный,100.0,0.4,12.34148164933907,0,0,0,0
833,09.03.04 | Программная инженерия,Разработка программно-информационных систем,Факультет компьютерных наук и технологий ВСГУТУ,Бакалавриат,Восточно-Сибирский государственный университет технологий и управления,Улан-Удэ,15.0,3.0,179000.0,176.0,119.0,0.0,Очная,Русский,государственный,18.0,0.8333333333333334,12.095146671399466,0,0,0,0
834,09.03.04 | Программная инженерия,Разработка программно-информационных систем,"Институт математики, естественных и компьютерных наук ВоГУ",Бакалавриат,Вологодский государственный университет,Вологда,25.0,5.0,173940.0,203.0,,0.0,Очная,Русский,государственный,30.0,0.8333333333333334,12.066471440236118,0,0,0,0
835,09.03.04 | Программная инженерия,Разработка программно-информационных систем,Институт компьютерных наук ЛГТУ,Бакалавриат,Липецкий государственный технический университет,Липецк,48.0,2.0,153823.0,214.0,,0.0,Очная,Русский,государственный,50.0,0.96,11.943564370693688,0,0,0,0
836,09.03.04 | Программная инженерия,Разработка программно-информационных систем,Факультет информационных технологий ТвГТУ,Бакалавриат,Тверской государственный технический университет,Тверь,23.0,15.0,151988.0,210.0,,0.0,Очная,Русский,государственный,38.0,0.6052631578947368,11.93156342878864,0,0,0,0
837,09.03.04 | Программная инженерия,Разработка программно-информационных систем,Факультет математики и информационных технологий МГУ им. Н. П. Огарёва,Бакалавриат,Национальный исследовательский Мордовский государственный университет им. Н.П.Огарева,Саранск,,25.0,81300.0,,118.0,0.0,Заочная,Русский,государственный,,0.0,11.305913595583258,0,0,2,1
838,09.03.04 | Программная инженерия,Разработка программно-информационных систем,Факультет экономики и информационных технологий Пермского ГАТУ,Бакалавриат,Пермский государственный аграрно-технологический университет имени академика Д.Н. Прянишникова,Пермь,20.0,10.0,171000.0,158.0,,0.0,Очная,Русский,государственный,30.0,0.6666666666666666,12.049424683420915,0,0,0,0
839,09.03.04 | Программная инженерия,Разработка программно-информационных систем,Факультет «Управление на транспорте и информационные технологии» ИрГУПС,Бакалавриат,Иркутский государственный университет путей сообщения,Иркутск,24.0,55.0,215770.0,164.0,,0.0,Очная,Русский,государственный,79.0,0.3037974683544304,12.281972939087273,0,0,0,0
840,09.03.04 | Программная инженерия,Разработка программно-информационных систем,Факультет компьютерных технологий и энергетики ДГТУ в г. Махачкала,Бакалавриат,Дагестанский государственный технический университет,Махачкала,29.0,15.0,135200.0,196.0,,0.0,Очная,Русский,государственный,44.0,0.6590909090909091,11.814517839013352,0,0,0,0
841,09.03.04 | Программная инженерия,Разработка программно-информационных систем,Факультет компьютерных технологий и энергетики ДГТУ в г. Махачкала,Бакалавриат,Дагестанский государственный технический университет,Махачкала,,30.0,26600.0,,,0.0,Заочная,Русский,государственный,,0.0,10.188704088048116,0,0,2,1
842,09.03.04 | Программная инженерия,Разработка программно-информационных систем,Факультет филиала ДГТУ в г. Каспийске,Бакалавриат,Дагестанский государственный технический университет Филиал в г.Каспийске,Каспийск,15.0,5.0,122184.0,165.0,,0.0,Очная,Русский,государственный,20.0,0.75,11.71329156859445,0,0,0,0
843,09.03.04 | Программная инженерия,Разработка программно-информационных систем,Факультет филиала ДГТУ в г. Дербенте,Бакалавриат,Дагестанский государственный технический университет Филиал в г. Дербенте,Дербент,,15.0,26600.0,,,0.0,Заочная,Русский,государственный,,0.0,10.188704088048116,0,0,2,1
844,09.03.04 | Программная инженерия,Разработка программно-информационных систем,"Институт информатики, математики и робототехники УУНиТ",Бакалавриат,Уфимский университет науки и технологий,Уфа,,15.0,245000.0,,,0.0,Очная,Русский,государственный,,0.0,12.409017571151187,0,0,0,0
845,01.03.02 | Прикладная математика и информатика,Управление и обработка информации в кибернетических и робототехнических системах,Механико-математический факультет НГУ,Бакалавриат,Новосибирский национальный исследовательский государственный университет,Новосибирс..,5.0,2.0,210000.0,222.0,,0.0,Очная,Русский,государственный,7.0,0.7142857142857143,12.25486757159303,0,0,0,0
846,01.03.02 | Прикладная математика и информатика,"Исследование операций и принятие решений в задачах оптимизации, управления и экономики",Институт математики и информационных технологий ИГУ,Бакалавриат,Иркутский государственный университет,Иркутск,25.0,25.0,192500.0,168.0,119.0,0.0,Очная,Русский,государственный,50.0,0.5,12.167856627501678,0,0,0,0
847,01.05.01 | Фундаментальная математика и механика,Фундаментальная механика,Математико-механический факультет СПбГУ,Специалитет,Санкт-Петербургский государственный университет,Санкт-Пете..,40.0,6.0,305800.0,241.0,,0.0,Очная,Русский,государственный,46.0,0.8695652173913043,12.630689842582935,0,0,0,0
848,01.03.02 | Прикладная математика и информатика,"Прикладная математика, информатика и процессы управления",Факультет информатики и прикладной математики СПбГЭУ,Бакалавриат,Санкт-Петербургский государственный экономический университет,Санкт-Пете..,43.0,50.0,320000.0,239.0,,0.0,Очная,Русский,государственный,93.0,0.46236559139784944,12.676079399771027,0,0,1,2
849,01.03.02 | Прикладная математика и информатика,Математическое и программное обеспечение вычислительных машин,Институт информационных и вычислительных технологий НИУ МЭИ,Бакалавриат,Национальный исследовательский университет «МЭИ»,Москва,60.0,40.0,350000.0,262.0,,0.0,Очная,Русский,государственный,100.0,0.6,12.765691290604371,0,0,1,2
850,01.03.02 | Прикладная математика и информатика,Математическое и программное обеспечение вычислительных машин,Факультет автоматики и вычислительной техники ВятГУ,Бакалавриат,Вятский государственный университет,Киров,30.0,20.0,198500.0,192.0,119.0,0.0,Очная,Русский,государственный,50.0,0.6,12.198549416880068,0,0,0,0
851,01.03.02 | Прикладная математика и информатика,Математическое и программное обеспечение вычислительных машин,Институт компьютерных технологий и защиты информации КНИТУ-КАИ,Бакалавриат,Казанский национальный исследовательский технический университет им. А.Н.Туполева-КАИ,Казань,30.0,22.0,161900.0,248.0,,0.0,Очная,Русский,государственный,52.0,0.5769230769230769,11.994740316298905,0,0,0,0
852,01.03.02 | Прикладная математика и информатика,Математическое и программное обеспечение вычислительных машин,Факультет математики и информационных технологий МГУ им. Н. П. Огарёва,Бакалавриат,Национальный исследовательский Мордовский государственный университет им. Н.П.Огарева,Саранск,25.0,5.0,118600.0,179.0,,0.0,Очная,Русский,государственный,30.0,0.8333333333333334,11.68352019721342,0,0,0,0
853,01.03.02 | Прикладная математика и информатика,Математическое моделирование систем и процессов управления,Институт управления и цифровых технологий ИУЦТ МИИТ,Бакалавриат,Российский университет транспорта,Москва,30.0,3.0,316000.0,236.0,,0.0,Очная,Русский,государственный,33.0,0.9090909090909091,12.663500657121004,0,0,0,0
854,01.03.02 | Прикладная математика и информатика,Математическое моделирование систем и процессов управления,Факультет физики и математики Бирского филиала УУНиТ,Бакалавриат,Бирский филиал Уфимского университета науки и технологий,Бирск,20.0,20.0,148300.0,179.0,119.0,0.0,Очная,Русский,государственный,40.0,0.5,11.906999271191623,0,0,0,0
855,01.03.02 | Прикладная математика и информатика,Математическое моделирование систем и процессов управления,Факультет физики и математики Бирского филиала УУНиТ,Бакалавриат,Бирский филиал Уфимского университета науки и технологий,Бирск,,20.0,52100.0,,119.0,0.0,Очно-заочная,Русский,государственный,,0.0,10.860939421415225,0,0,2,1
856,01.03.02 | Прикладная математика и информатика,Дискретная математика и математическое программирование,Институт инфокоммуникационных систем и технологий ТУ им. А.А. Леонова,Бакалавриат,"Технологический университет имени дважды Героя Советского Союза, летчика-космонавта А.А. Леонова",Королёв,,10.0,216300.0,,,0.0,Очная,Русский,государственный,,0.0,12.28442623513897,0,0,0,0
857,01.03.02 | Прикладная математика и информатика,Дискретная математика и математическое программирование,Механико-математический факультет НГУ,Бакалавриат,Новосибирский национальный исследовательский государственный университет,Новосибирс..,5.0,2.0,210000.0,222.0,,0.0,Очная,Русский,государственный,7.0,0.7142857142857143,12.25486757159303,0,0,0,0
858,01.03.02 | Прикладная математика и информатика,"Системный анализ, исследование операций и управление",Институт цифры КемГУ,Бакалавриат,Кемеровский государственный университет,Кемерово,20.0,2.0,161000.0,174.0,,0.0,Очная,Русский,государственный,22.0,0.9090909090909091,11.989165855127435,0,0,0,0
859,09.03.03 | Прикладная информатика,Прикладная информатика в геодезии,Высшая школа информационных и социальных технологий (Вышка ИнСоТех) УГНТУ,Бакалавриат,Уфимский государственный нефтяной технический университет,Уфа,30.0,30.0,168000.0,225.0,,0.0,Очная,Русский,государственный,60.0,0.5,12.031725210748633,0,0,0,0
860,09.03.03 | Прикладная информатика,Прикладная информатика в геодезии,Институт информационных технологий и управления в технических системах СевГУ,Бакалавриат,Севастопольский государственный университет,Севастопол..,50.0,25.0,166300.0,190.0,119.0,0.0,Очная,Русский,государственный,75.0,0.6666666666666666,12.021554678392043,0,0,0,0
861,09.03.01 | Информатика и вычислительная техника,Веб-технологии,Факультет автоматики и вычислительной техники НГТУ,Бакалавриат,Новосибирский государственный технический университет,Новосибирс..,73.0,48.0,185700.0,237.0,,0.0,Очная,Русский,государственный,121.0,0.6033057851239669,12.131893132355916,0,0,1,2
862,09.03.01 | Информатика и вычислительная техника,Веб-технологии,Институт цифровых технологий и экономики КГЭУ,Бакалавриат,Казанский государственный энергетический университет,Казань,56.0,25.0,173740.0,228.0,,0.0,Очная,Русский,государственный,81.0,0.691358024691358,12.065320963524295,0,0,0,0
863,09.03.01 | Информатика и вычислительная техника,Веб-технологии,Институт цифровых технологий и экономики КГЭУ,Бакалавриат,Казанский государственный энергетический университет,Казань,,75.0,67400.0,,,0.0,Заочная,Русский,государственный,,0.0,11.118415133585586,0,0,2,1
864,09.03.01 | Информатика и вычислительная техника,Веб-технологии,Институт энергетики и автоматизированных систем МГТУ им. Носова,Бакалавриат,Магнитогорский государственный технический университет им. Г.И. Носова,Магнитогорск,25.0,5.0,179000.0,192.0,,0.0,Очная,Русский,государственный,30.0,0.8333333333333334,12.095146671399466,0,0,0,0
865,09.03.01 | Информатика и вычислительная техника,Веб-технологии,Институт информатики и кибернетики СГАУ,Бакалавриат,Самарский национальный исследовательский университет имени академика С.П. Королева,Самара,155.0,10.0,196200.0,218.0,,0.0,Очная,Русский,государственный,165.0,0.9393939393939394,12.18689492294037,0,0,1,2
866,09.03.01 | Информатика и вычислительная техника,Веб-технологии,Факультет информационных технологий,Бакалавриат,Московский политехнический университет,Москва,40.0,100.0,426100.0,263.0,,0.0,Очная,Русский,государственный,140.0,0.2857142857142857,12.962431686352183,0,0,1,2
867,09.03.01 | Информатика и вычислительная техника,Веб-технологии,Факультет информационных технологий,Бакалавриат,Московский политехнический университет,Москва,12.0,150.0,151800.0,286.0,,0.0,Заочная,Русский,государственный,162.0,0.07407407407407407,11.930325731537252,0,0,1,2
868,09.03.01 | Информатика и вычислительная техника,Интеграция и программирование САПР,Инженерно-технологическая академия ЮФУ,Бакалавриат,Южный федеральный университет,Ростов-на-..,25.0,5.0,200000.0,209.0,135.0,0.0,Очная,Русский,государственный,30.0,0.8333333333333334,12.206077645517674,0,0,0,0
869,09.03.01 | Информатика и вычислительная техника,Интеграция и программирование САПР,Инженерно-технологическая академия ЮФУ,Бакалавриат,Южный федеральный университет,Ростов-на-..,,50.0,48000.0,,,0.0,Заочная,Русский,государственный,,0.0,10.778977123006351,0,0,2,1
870,09.03.03 | Прикладная информатика,Корпоративные информационные системы,Факультет информационных технологий МУ им.С.Ю. Витте,Бакалавриат,Московский университет имени С.Ю. Витте (МУИВ),Москва,,9.0,220000.0,,,0.0,Очная,Русский,негосударственный,,0.0,12.301387370778713,0,0,0,0
871,09.03.03 | Прикладная информатика,Корпоративные информационные системы,Факультет информационных технологий МУ им.С.Ю. Витте,Бакалавриат,Московский университет имени С.Ю. Витте (МУИВ),Москва,,9.0,220000.0,,103.0,0.0,Очная,Русский,негосударственный,,0.0,12.301387370778713,0,0,0,0
872,09.03.03 | Прикладная информатика,Корпоративные информационные системы,Факультет информационных технологий МУ им.С.Ю. Витте,Бакалавриат,Московский университет имени С.Ю. Витте (МУИВ),Москва,,43.0,76000.0,,,0.0,Дистанционная,Русский,негосударственный,,0.0,11.23850177707664,0,0,2,1
873,09.03.03 | Прикладная информатика,Корпоративные информационные системы,Факультет информационных технологий МУ им.С.Ю. Витте,Бакалавриат,Московский университет имени С.Ю. Витте (МУИВ),Москва,,43.0,76000.0,,103.0,0.0,Дистанционная,Русский,негосударственный,,0.0,11.23850177707664,0,0,2,1
874,09.03.03 | Прикладная информатика,Корпоративные информационные системы,Факультет информационных технологий МУ им.С.Ю. Витте,Бакалавриат,Московский университет имени С.Ю. Витте (МУИВ),Москва,,44.0,76000.0,,103.0,0.0,Дистанционная,Русский,негосударственный,,0.0,11.23850177707664,0,0,2,1
875,09.03.03 | Прикладная информатика,Корпоративные информационные системы,Факультет экономики и менеджмента МИР,Бакалавриат,"Самарский университет государственного управления ""Международный институт рынка""",Самара,,15.0,164212.0,,118.0,0.0,Очная,Русский,негосударственный,,0.0,12.008919644608326,0,0,2,1
876,09.03.03 | Прикладная информатика,Корпоративные информационные системы,Факультет экономики и менеджмента МИР,Бакалавриат,"Самарский университет государственного управления ""Международный институт рынка""",Самара,7.0,75.0,67200.0,226.0,,0.0,Очно-заочная,Русский,негосударственный,82.0,0.08536585365853659,11.1154434073529,0,0,2,1
877,09.03.03 | Прикладная информатика,Корпоративные информационные системы,Факультет управления Нижегородский филиал РАНХиГС,Бакалавриат,Нижегородский институт управления – филиал Российской академии народного хозяйства и государственной службы при Президенте Российской Федерации,Нижний Нов..,30.0,35.0,206000.0,197.0,,0.0,Очная,Русский,государственный,65.0,0.46153846153846156,12.235636302128867,0,0,0,0
878,09.03.03 | Прикладная информатика,Корпоративные информационные системы,Факультет управления Нижегородский филиал РАНХиГС,Бакалавриат,Нижегородский институт управления – филиал Российской академии народного хозяйства и государственной службы при Президенте Российской Федерации,Нижний Нов..,,100.0,75000.0,,,0.0,Заочная,Русский,государственный,,0.0,11.225256725762893,0,0,2,1
879,09.03.03 | Прикладная информатика,Корпоративные информационные системы,Факультет Пензенского филиала МУ им. С.Ю. Витте,Бакалавриат,Пензенский филиал Московского университета имени С.Ю. Витте,Пенза,,8.0,80000.0,,85.0,0.0,Очная,Русский,негосударственный,,0.0,11.289794413577894,0,0,2,1
880,09.03.03 | Прикладная информатика,Корпоративные информационные системы,Факультет информационных технологий,Бакалавриат,Московский политехнический университет,Москва,50.0,50.0,386800.0,240.0,,0.0,Очная,Русский,государственный,100.0,0.5,12.865665627873343,0,0,1,2
881,09.03.03 | Прикладная информатика,Корпоративные информационные системы,Социально-экономический факультет УрСЭИ (АТиСО),Бакалавриат,Уральский социально-экономический институт (филиал) Академии труда и социальных отношений,Челябинск,,40.0,110000.0,,,0.0,Очная,Русский,негосударственный,,0.0,11.608244735642321,0,0,2,1
882,09.03.03 | Прикладная информатика,Корпоративные информационные системы,Социально-экономический факультет УрСЭИ (АТиСО),Бакалавриат,Уральский социально-экономический институт (филиал) Академии труда и социальных отношений,Челябинск,,30.0,66000.0,,,0.0,Заочная,Русский,негосударственный,,0.0,11.097425172408931,0,0,2,1
883,01.03.02 | Прикладная математика и информатика,Большие и открытые данные,Институт естествознания и стандартизации МГТУ им. Носова,Бакалавриат,Магнитогорский государственный технический университет им. Г.И. Носова,Магнитогорск,25.0,5.0,156000.0,181.0,,0.0,Очная,Русский,государственный,30.0,0.8333333333333334,11.957617696467539,0,0,0,0
884,01.03.02 | Прикладная математика и информатика,Большие и открытые данные,Факультет математики и компьютерных наук АГУ,Бакалавриат,Адыгейский государственный университет,Майкоп,25.0,5.0,130400.0,137.0,119.0,0.0,Очная,Русский,государственный,30.0,0.8333333333333334,11.778369597156942,0,0,0,0
885,09.03.02 | Информационные системы и технологии,Информационные системы и технологии обработки цифрового контента,Институт леса и природопользования СПбГЛТУ,Бакалавриат,Санкт-Петербургский государственный лесотехнический университет им. С.М. Кирова,Санкт-Пете..,15.0,45.0,268200.0,220.0,,0.0,Очная,Русский,государственный,60.0,0.25,12.49949197838354,0,0,0,0
886,09.03.02 | Информационные системы и технологии,Информационные системы и технологии обработки цифрового контента,Факультет информационных технологий и компьютерной безопасности ВГТУ,Бакалавриат,Воронежский государственный технический университет,Воронеж,45.0,25.0,151400.0,219.0,118.0,0.0,Очная,Русский,государственный,70.0,0.6428571428571429,11.927687224983487,0,0,0,0
887,09.03.02 | Информационные системы и технологии,Информационные системы и технологии обработки цифрового контента,Высшая школа киберфизических систем БФУ им. И. Канта,Бакалавриат,Балтийский федеральный университет имени Иммануила Канта,Калинингра..,60.0,20.0,168500.0,174.0,142.0,0.0,Очная,Русский,государственный,80.0,0.75,12.034696963475044,0,0,0,0
888,09.03.02 | Информационные системы и технологии,Информационные системы и технологии обработки цифрового контента,Факультет филиала СКФУ в г. Пятигорск,Бакалавриат,Пятигорский институт (филиал) Северо-Кавказского федерального университета,Пятигорск,25.0,5.0,180000.0,173.0,,0.0,Очная,Русский,государственный,30.0,0.8333333333333334,12.100717685412471,0,0,0,0
889,09.03.02 | Информационные системы и технологии,Информационные системы и технологии обработки цифрового контента,Факультет филиала СКФУ в г. Пятигорск,Бакалавриат,Пятигорский институт (филиал) Северо-Кавказского федерального университета,Пятигорск,,25.0,68000.0,,,0.0,Заочная,Русский,государственный,,0.0,11.127277689932466,0,0,2,1
890,09.03.02 | Информационные системы и технологии,Информационные технологии в медиаиндустрии и дизайне,Институт информационных технологий и программирования ГУАП,Бакалавриат,Санкт-Петербургский государственный университет аэрокосмического приборостроения,Санкт-Пете..,28.0,8.0,290000.0,255.0,,0.0,Очная,Русский,государственный,36.0,0.7777777777777778,12.577639650232573,0,0,0,0
891,09.03.02 | Информационные системы и технологии,Информационные технологии в медиаиндустрии и дизайне,Высшая школа печати и медиатехнологий СПбГУПТД,Бакалавриат,Санкт-Петербургский государственный университет промышленных технологий и дизайна,Санкт-Пете..,8.0,50.0,224000.0,266.0,,0.0,Очная,Русский,государственный,58.0,0.13793103448275862,12.319405795112926,0,0,0,0
892,09.03.02 | Информационные системы и технологии,Информационные технологии в медиаиндустрии и дизайне,Высшая школа печати и медиатехнологий СПбГУПТД,Бакалавриат,Санкт-Петербургский государственный университет промышленных технологий и дизайна,Санкт-Пете..,11.0,15.0,110000.0,206.0,,0.0,Очно-заочная,Русский,государственный,26.0,0.4230769230769231,11.608244735642321,0,0,2,1
893,09.03.02 | Информационные системы и технологии,Информационные технологии в медиаиндустрии и дизайне,Факультет Информационных технологий,Бакалавриат,"Московский Университет ""Синергия""",Москва,,150.0,240000.0,,85.0,0.0,Дистанционная,Русский,негосударственный,,0.0,12.388398368982115,0,0,2,1
894,09.03.02 | Информационные системы и технологии,Информационные технологии в медиаиндустрии и дизайне,Факультет Информационных технологий,Бакалавриат,"Московский Университет ""Синергия""",Москва,6.0,60.0,380000.0,109.0,85.0,0.0,Очная,Русский,негосударственный,66.0,0.09090909090909091,12.847929163278053,0,0,0,0
895,09.03.02 | Информационные системы и технологии,Информационные технологии в медиаиндустрии и дизайне,Факультет Информационных технологий,Бакалавриат,"Московский Университет ""Синергия""",Москва,,120.0,170000.0,,85.0,0.0,Очно-заочная,Русский,негосударственный,,0.0,12.04355959836804,0,0,2,1
896,09.03.02 | Информационные системы и технологии,Информационные технологии в медиаиндустрии и дизайне,Факультет Информационных технологий,Бакалавриат,"Московский Университет ""Синергия""",Москва,,60.0,170000.0,,85.0,0.0,Очно-заочная,Русский,негосударственный,,0.0,12.04355959836804,0,0,2,1
897,09.03.02 | Информационные системы и технологии,Информационные технологии в медиаиндустрии и дизайне,Факультет Информационных технологий,Бакалавриат,"Московский Университет ""Синергия""",Москва,,150.0,240000.0,,85.0,0.0,Дистанционная,Русский,негосударственный,,0.0,12.388398368982115,0,0,2,1
898,09.03.02 | Информационные системы и технологии,Информационные технологии в медиаиндустрии и дизайне,Институт радиоэлектроники и информационных технологий НГТУ им. Алексеева,Бакалавриат,Нижегородский государственный технический университет им. Р.Е. Алексеева,Нижний Нов..,28.0,4.0,165540.0,178.0,119.0,0.0,Очная,Русский,государственный,32.0,0.875,12.016974177257193,0,0,0,0
899,09.03.02 | Информационные системы и технологии,Информационные технологии в медиаиндустрии и дизайне,Институт информационных технологий и систем связи Княгининский университет,Бакалавриат,Нижегородский государственный инженерно-экономический университет (Княгининский университет),Нижний Нов..,13.0,,,157.0,,0.0,Очная,Русский,государственный,,0.0,,0,0,2,1
900,09.03.02 | Информационные системы и технологии,Информационные технологии в медиаиндустрии и дизайне,Факультет информационных технологий и компьютерной безопасности ВГТУ,Бакалавриат,Воронежский государственный технический университет,Воронеж,45.0,25.0,151400.0,211.0,118.0,0.0,Очная,Русский,государственный,70.0,0.6428571428571429,11.927687224983487,0,0,0,0
901,09.03.02 | Информационные системы и технологии,Информационные технологии в медиаиндустрии и дизайне,Факультет информационных технологий и компьютерной безопасности ВГТУ,Бакалавриат,Воронежский государственный технический университет,Воронеж,22.0,15.0,50000.0,174.0,118.0,0.0,Очно-заочная,Русский,государственный,37.0,0.5945945945945946,10.819798284210286,0,0,2,1
902,09.03.02 | Информационные системы и технологии,Информационные технологии в медиаиндустрии и дизайне,Факультет информационных технологий,Бакалавриат,Московский политехнический университет,Москва,55.0,50.0,386800.0,243.0,,0.0,Очная,Русский,государственный,105.0,0.5238095238095238,12.865665627873343,0,0,1,2
903,09.03.02 | Информационные системы и технологии,Информационные технологии в медиаиндустрии и дизайне,Факультет информационных технологий,Бакалавриат,Московский политехнический университет,Москва,55.0,50.0,386800.0,243.0,,0.0,Очная,Русский,государственный,105.0,0.5238095238095238,12.865665627873343,0,0,1,2
904,09.03.02 | Информационные системы и технологии,Информационные технологии в медиаиндустрии и дизайне,Институт автоматизированных систем и технологий ФГБОУ ВО Костромского государственного университета (КГУ),Бакалавриат,Костромской государственный университет,Кострома,25.0,5.0,152000.0,190.0,,0.0,Очная,Русский,государственный,30.0,0.8333333333333334,11.931642378754141,0,0,0,0
905,09.03.02 | Информационные системы и технологии,Информационные технологии в медиаиндустрии и дизайне,Факультет Чебоксарского института (филиала) Московского политехнического университета,Бакалавриат,Чебоксарский институт (филиал) Московского политехнического университета,Чебоксары,30.0,30.0,140827.0,149.0,,0.0,Очная,Русский,государственный,60.0,0.5,11.855294566571692,0,0,0,0
906,09.03.02 | Информационные системы и технологии,Информационные технологии в медиаиндустрии и дизайне,Факультет Чебоксарского института (филиала) Московского политехнического университета,Бакалавриат,Чебоксарский институт (филиал) Московского политехнического университета,Чебоксары,,80.0,36000.0,,,0.0,Заочная,Русский,государственный,,0.0,10.491301994830229,0,0,2,1
907,09.03.02 | Информационные системы и технологии,Информационные системы в образовании,Физико-математический факультет ТГПУ,Бакалавриат,Томский государственный педагогический университет,Томск,10.0,3.0,198100.0,140.0,121.0,0.0,Очная,Русский,государственный,13.0,0.7692307692307693,12.19653228062948,0,0,0,0
908,01.03.01 | Математика,Математика в цифровой экономике,Институт математики и механики им.Н.И.Лобачевского КФУ,Бакалавриат,Казанский (Приволжский) федеральный университет,Казань,50.0,5.0,165000.0,208.0,,0.0,Очная,Русский,государственный,55.0,0.9090909090909091,12.013706813470414,0,0,0,0
909,01.03.01 | Математика,Математика в цифровой экономике,Экономический факультет МарГУ,Бакалавриат,Марийский государственный университет,Йошкар-Ола,12.0,1.0,143000.0,140.0,119.0,0.0,Очная,Русский,государственный,13.0,0.9230769230769231,11.870606902224587,0,0,0,0
910,01.03.01 | Математика,Математика в цифровой экономике,Институт математики и информатики СВФУ,Бакалавриат,Северо-Восточный федеральный университет имени М. К. Аммосова,Якутск,20.0,10.0,309000.0,170.0,,0.0,Очная,Русский,государственный,30.0,0.6666666666666666,12.6410997921206,0,0,0,0
911,01.03.01 | Математика,Математика,Факультет математики НИУ ВШЭ,Бакалавриат,Национальный исследовательский университет «Высшая школа экономики»,Москва,60.0,30.0,520000.0,282.0,,0.0,Очная,Русский,государственный,90.0,0.6666666666666666,13.161586013632684,0,0,1,2
912,01.03.01 | Математика,Математика,Факультет математики и компьютерных наук СПбГУ,Бакалавриат,Санкт-Петербургский государственный университет,Санкт-Пете..,55.0,9.0,357700.0,285.0,,0.0,Очная,Русский,государственный,64.0,0.859375,12.787452720882005,0,0,1,2
913,01.03.01 | Математика,Математика,Механико-математический факультет НГУ,Бакалавриат,Новосибирский национальный исследовательский государственный университет,Новосибирс..,11.0,6.0,210000.0,222.0,,0.0,Очная,Русский,государственный,17.0,0.6470588235294118,12.25486757159303,0,0,0,0
914,01.03.01 | Математика,Математика,Институт естественных наук и математики,Бакалавриат,Уральский федеральный университет имени первого Президента России Б. Н. Ельцина,Екатеринбург,50.0,10.0,196000.0,208.0,,0.0,Очная,Русский,государственный,60.0,0.8333333333333334,12.185875040240456,0,0,0,0
915,01.03.01 | Математика,Математика,"Институт информационных технологий, математики и механики ННГУ им. Лобачевского",Бакалавриат,Национальный исследовательский Нижегородский государственный университет им. Н.И. Лобачевского,Нижний Нов..,20.0,10.0,225000.0,222.0,,0.0,Очная,Русский,государственный,30.0,0.6666666666666666,12.323860125621126,0,0,0,0
916,01.03.01 | Математика,Математика,Факультет математики и компьютерных наук ДГУ,Бакалавриат,Дагестанский государственный университет,Махачкала,15.0,10.0,106410.0,157.0,119.0,0.0,Очная,Русский,государственный,25.0,0.6,11.575064234004627,0,0,0,0
917,01.03.01 | Математика,Математика,"Факультет информатики, математики и компьютерных наук филиала НИУ ВШЭ в Нижнем Новгороде",Бакалавриат,Национальный исследовательский университет «Высшая школа экономики» в Нижнем Новгороде,Нижний Нов..,40.0,20.0,420000.0,193.0,,0.0,Очная,Русский,государственный,60.0,0.6666666666666666,12.948012371209098,0,0,0,0
918,01.03.01 | Математика,Математика,"Факультет математики, физики и информатики ТГПУ им. Л.Н. Толстого",Бакалавриат,Тульский государственный педагогический университет им. Л.Н. Толстого,Тула,,15.0,147192.0,,120.0,0.0,Очная,Русский,государственный,,0.0,11.899499929798344,0,0,2,1
919,01.03.01 | Математика,Математика,"Институт математики, физики и информационных технологий ЧГУ им. А.А. Кадырова",Бакалавриат,Чеченский государственный университет имени Ахмата Абдулхамидовича Кадырова,Грозный,20.0,15.0,113525.0,124.0,119.0,0.0,Очная,Русский,государственный,35.0,0.5714285714285714,11.639787164559817,0,0,0,0
920,01.03.01 | Математика,Математика,Физико-математический факультет ИнГУ,Бакалавриат,Ингушский государственный университет,Магас,27.0,3.0,107100.0,130.0,118.0,0.0,Очная,Русский,государственный,30.0,0.9,11.581527593460411,0,0,0,0
921,02.03.01 | Математика и компьютерные науки,Наука о данных,Факультет математики и компьютерных наук СПбГУ,Бакалавриат,Санкт-Петербургский государственный университет,Санкт-Пете..,25.0,8.0,365000.0,291.0,,0.0,Очная,Русский,государственный,33.0,0.7575757575757576,12.807655372286902,0,0,1,2
922,02.03.01 | Математика и компьютерные науки,Наука о данных,Институт математики и механики им.Н.И.Лобачевского КФУ,Бакалавриат,Казанский (Приволжский) федеральный университет,Казань,60.0,5.0,165000.0,205.0,,0.0,Очная,Русский,государственный,65.0,0.9230769230769231,12.013706813470414,0,0,0,0
923,02.03.01 | Математика и компьютерные науки,Наука о данных,Математический факультет ЯрГУ,Бакалавриат,Ярославский государственный университет имени П. Г. Демидова,Ярославль,25.0,5.0,145000.0,193.0,123.0,0.0,Очная,Русский,государственный,30.0,0.8333333333333334,11.884495917930655,0,0,0,0
924,38.03.02 | Менеджмент,Бизнес-аналитика в управленческой деятельности,Институт управления и информационных технологий,Бакалавриат,Санкт-Петербургский университет технологий управления и экономики,Санкт-Пете..,,62.0,240000.0,,,0.0,Очная,Русский,негосударственный,,0.0,12.388398368982115,0,0,0,0
925,38.03.02 | Менеджмент,Бизнес-аналитика в управленческой деятельности,Институт управления и информационных технологий,Бакалавриат,Санкт-Петербургский университет технологий управления и экономики,Санкт-Пете..,,83.0,102000.0,,,0.0,Очно-заочная,Русский,негосударственный,,0.0,11.532737896139919,0,0,2,1
926,38.03.02 | Менеджмент,Бизнес-аналитика в управленческой деятельности,Факультет управления на водном транспорте СГУВТ,Бакалавриат,Сибирский государственный университет водного транспорта,Новосибирс..,,20.0,155000.0,,95.0,0.0,Очная,Русский,государственный,,0.0,11.951186847493476,0,0,2,1
927,38.03.02 | Менеджмент,Бизнес-аналитика в управленческой деятельности,"Институт управления, экономики и финансов КФУ",Бакалавриат,Казанский (Приволжский) федеральный университет,Казань,5.0,17.0,276048.0,253.0,,0.0,Очная,Русский,государственный,22.0,0.22727272727272727,12.528333665173479,0,0,0,0
928,38.03.02 | Менеджмент,Бизнес-аналитика в управленческой деятельности,"Институт экономики, финансов и менеджмента УрГАУ",Бакалавриат,Уральский государственный аграрный университет,Екатеринбург,,15.0,167200.0,,,0.0,Очная,Русский,государственный,,0.0,12.026951960476097,0,0,2,1
929,38.03.02 | Менеджмент,Бизнес-аналитика в управленческой деятельности,"Институт экономики, финансов и менеджмента УрГАУ",Бакалавриат,Уральский государственный аграрный университет,Екатеринбург,,15.0,63300.0,,,0.0,Очно-заочная,Русский,государственный,,0.0,11.055656405795794,0,0,2,1
930,38.03.02 | Менеджмент,Бизнес-аналитика в управленческой деятельности,Институт высшего профессионального образования ТАУ,Бакалавриат,Тольяттинская академия управления,Тольятти,5.0,27.0,145200.0,240.0,,0.0,Очная,Русский,негосударственный,32.0,0.15625,11.885874268401459,0,0,2,1
931,38.03.02 | Менеджмент,Бизнес-аналитика в управленческой деятельности,Институт высшего профессионального образования ТАУ,Бакалавриат,Тольяттинская академия управления,Тольятти,,10.0,67200.0,,,0.0,Очно-заочная,Русский,негосударственный,,0.0,11.1154434073529,0,0,2,1
932,38.03.02 | Менеджмент,Бизнес-аналитика в управленческой деятельности,Институт высшего профессионального образования ТАУ,Бакалавриат,Тольяттинская академия управления,Тольятти,,15.0,135600.0,,109.0,0.0,Очная,Русский,негосударственный,,0.0,11.817472029092508,0,0,2,1
933,38.03.02 | Менеджмент,Бизнес-аналитика в управленческой деятельности,Институт высшего профессионального образования ТАУ,Бакалавриат,Тольяттинская академия управления,Тольятти,,10.0,67200.0,,109.0,0.0,Очно-заочная,Русский,негосударственный,,0.0,11.1154434073529,0,0,2,1
934,38.03.02 | Менеджмент,Бизнес-аналитика в управленческой деятельности,Институт высшего профессионального образования ТАУ,Бакалавриат,Тольяттинская академия управления,Тольятти,,10.0,54000.0,,109.0,0.0,Заочная,Русский,негосударственный,,0.0,10.896757843893464,0,0,2,1
935,38.03.02 | Менеджмент,Бизнес-аналитика в управленческой деятельности,Институт экономики и управления КузГТУ им. Горбачева,Бакалавриат,Кузбасский государственный технический университет,Кемерово,4.0,50.0,150734.0,241.0,,0.0,Очная,Русский,государственный,54.0,0.07407407407407407,11.923278607151168,0,0,2,1
936,38.03.02 | Менеджмент,Бизнес-аналитика в управленческой деятельности,Факультет высшего профессионального образования АИЭ СПбУТУиЭ,Бакалавриат,Алтайский институт экономики (филиал СПбУТУиЭ),Барнаул,,45.0,58000.0,,,0.0,Очно-заочная,Русский,негосударственный,,0.0,10.968215530759236,0,0,2,1
937,38.03.02 | Менеджмент,Бизнес-аналитика в управленческой деятельности,Факультет Чебоксарского института (филиала) Московского политехнического университета,Бакалавриат,Чебоксарский институт (филиал) Московского политехнического университета,Чебоксары,,40.0,122305.0,,,0.0,Очная,Русский,государственный,,0.0,11.714281380161164,0,0,2,1
938,38.03.02 | Менеджмент,Бизнес-аналитика в управленческой деятельности,Факультет Чебоксарского института (филиала) Московского политехнического университета,Бакалавриат,Чебоксарский институт (филиал) Московского политехнического университета,Чебоксары,,80.0,36000.0,,,0.0,Очно-заочная,Русский,государственный,,0.0,10.491301994830229,0,0,2,1
939,38.03.02 | Менеджмент,Управление бизнесом,Факультет внешнеторгового менеджмента ВАВТ,Бакалавриат,Всероссийская академия внешней торговли Министерства экономического развития Российской Федерации,Москва,,40.0,590000.0,,,0.0,Очная,Русский,государственный,,0.0,13.28787951079572,0,0,1,2
940,38.03.02 | Менеджмент,Управление бизнесом,Высшая школа бизнеса НИУ ВШЭ,Бакалавриат,Национальный исследовательский университет «Высшая школа экономики»,Москва,30.0,215.0,850000.0,,,0.0,Очная,Русский,государственный,245.0,0.12244897959183673,13.652992804936396,0,0,1,2
941,38.03.02 | Менеджмент,Управление бизнесом,Институт экономики и финансов МИИТ,Бакалавриат,Российский университет транспорта,Москва,,39.0,324000.0,,,0.0,Очная,Русский,государственный,,0.0,12.688501881189456,0,0,0,0
942,38.03.02 | Менеджмент,Управление бизнесом,Институт экономики и управления АПК РГАУ-МСХА,Бакалавриат,Российский государственный аграрный университет - МСХА имени К.А. Тимирязева,Москва,,25.0,312500.0,,85.0,0.0,Очная,Русский,государственный,,0.0,12.652362948153474,0,0,0,0
943,38.03.02 | Менеджмент,Управление бизнесом,Открытая высшая гуманитарная школа (институт) РГСУ,Бакалавриат,Российский государственный социальный университет,Москва,,75.0,86700.0,,,0.0,Дистанционная,Русский,государственный,,0.0,11.370220696727491,0,0,2,1
944,38.03.02 | Менеджмент,Управление бизнесом,​Факультет «Высшая школа управления» Финансовый университет,Бакалавриат,Финансовый университет при Правительстве Российской Федерации,Москва,15.0,60.0,590000.0,270.0,,0.0,Очная,Русский,государственный,75.0,0.2,13.28787951079572,0,0,1,2
945,38.03.02 | Менеджмент,Управление бизнесом,​Факультет «Высшая школа управления» Финансовый университет,Бакалавриат,Финансовый университет при Правительстве Российской Федерации,Москва,15.0,83.0,290000.0,249.0,110.0,0.0,Очно-заочная,Русский,государственный,98.0,0.15306122448979592,12.577639650232573,0,0,1,2
946,38.03.02 | Менеджмент,Управление бизнесом,​Факультет «Высшая школа управления» Финансовый университет,Бакалавриат,Финансовый университет при Правительстве Российской Федерации,Москва,30.0,293.0,580000.0,272.0,110.0,0.0,Очная,Русский,государственный,323.0,0.09287925696594428,13.270785106659046,0,0,1,2
947,38.03.02 | Менеджмент,Управление бизнесом,Экономический факультет ГУП,Бакалавриат,Государственный университет просвещения,Москва,,25.0,240000.0,,,0.0,Очная,Русский,государственный,,0.0,12.388398368982115,0,0,0,0
948,38.03.02 | Менеджмент,Управление бизнесом,"Факультет управления, бизнеса и права ИМЭС",Бакалавриат,Институт международных экономических связей,Москва,,45.0,204000.0,,,0.0,Очная,Русский,негосударственный,,0.0,12.225880174775122,0,0,0,0
949,38.03.02 | Менеджмент,Управление бизнесом,"Факультет управления, бизнеса и права ИМЭС",Бакалавриат,Институт международных экономических связей,Москва,,135.0,80000.0,,,0.0,Очно-заочная,Русский,негосударственный,,0.0,11.289794413577894,0,0,2,1
950,38.03.02 | Менеджмент,Управление бизнесом,Факультет высшего образования МТИ,Бакалавриат,Московский технологический институт МосТех,Москва,,24.0,295000.0,,85.0,0.0,Очная,Русский,негосударственный,,0.0,12.59473402514672,0,0,0,0
951,38.03.02 | Менеджмент,Управление бизнесом,Факультет высшего образования МТИ,Бакалавриат,Московский технологический институт МосТех,Москва,,317.0,180000.0,,85.0,0.0,Очно-заочная,Русский,негосударственный,,0.0,12.100717685412471,0,0,2,1
952,38.03.02 | Менеджмент,Управление бизнесом,"Факультет экономики, управления и права НИБ",Бакалавриат,Национальный институт бизнеса,Москва,,42.0,180000.0,,,0.0,Очная,Русский,негосударственный,,0.0,12.100717685412471,0,0,2,1
953,38.03.02 | Менеджмент,Управление бизнесом,"Факультет экономики, управления и права НИБ",Бакалавриат,Национальный институт бизнеса,Москва,,83.0,90000.0,,,0.0,Очно-заочная,Русский,негосударственный,,0.0,11.407576060361786,0,0,2,1
954,38.03.02 | Менеджмент,Управление бизнесом,"Факультет экономики, управления и права НИБ",Бакалавриат,Национальный институт бизнеса,Москва,,8.0,90000.0,,85.0,0.0,Заочная,Русский,негосударственный,,0.0,11.407576060361786,0,0,2,1
955,38.03.02 | Менеджмент,Управление бизнесом,"Факультет экономики, менеджмента и предпринимательства БАТиП",Бакалавриат,Балтийская академия туризма и предпринимательства,Санкт-Пете..,,30.0,140000.0,,110.0,0.0,Очная,Русский,негосударственный,,0.0,11.849404844423074,0,0,2,1
956,38.03.02 | Менеджмент,Управление бизнесом,"Факультет экономики, менеджмента и предпринимательства БАТиП",Бакалавриат,Балтийская академия туризма и предпринимательства,Санкт-Пете..,,30.0,104000.0,,110.0,0.0,Очно-заочная,Русский,негосударственный,,0.0,11.552155793461898,0,0,2,1
957,38.03.02 | Менеджмент,Управление бизнесом,Факультет экономики,Бакалавриат,Российский государственный университет социальных технологий,Москва,8.0,10.0,149772.0,254.0,,0.0,Очно-заочная,Русский,государственный,18.0,0.4444444444444444,11.91687609349959,0,0,0,0
958,38.03.02 | Менеджмент,Управление бизнесом,Факультет управления СПбГЭУ,Бакалавриат,Санкт-Петербургский государственный экономический университет,Санкт-Пете..,6.0,84.0,312000.0,264.0,,0.0,Очная,Русский,государственный,90.0,0.06666666666666667,12.650761671914688,0,0,1,2
959,38.03.02 | Менеджмент,Управление бизнесом,Факультет управления СПбГЭУ,Бакалавриат,Санкт-Петербургский государственный экономический университет,Санкт-Пете..,,7.0,312000.0,,110.0,0.0,Очная,Русский,государственный,,0.0,12.650761671914688,0,0,0,0
960,38.03.02 | Менеджмент,Управление бизнесом,Институт бизнес-коммуникаций СПбГУПТД,Бакалавриат,Санкт-Петербургский государственный университет промышленных технологий и дизайна,Санкт-Пете..,,50.0,240000.0,,,0.0,Очная,Русский,государственный,,0.0,12.388398368982115,0,0,0,0
961,38.03.02 | Менеджмент,Управление бизнесом,Институт бизнес-коммуникаций СПбГУПТД,Бакалавриат,Санкт-Петербургский государственный университет промышленных технологий и дизайна,Санкт-Пете..,,50.0,140000.0,,,0.0,Дистанционная,Русский,государственный,,0.0,11.849404844423074,0,0,2,1
962,38.03.02 | Менеджмент,Управление бизнесом,Факультет высшего образования СПбИЭУ,Бакалавриат,Санкт-Петербургский институт экономики и управления,Санкт-Пете..,,18.0,170000.0,,,0.0,Очная,Русский,негосударственный,,0.0,12.04355959836804,0,0,2,1
963,38.03.02 | Менеджмент,Управление бизнесом,Факультет высшего образования СПбИЭУ,Бакалавриат,Санкт-Петербургский институт экономики и управления,Санкт-Пете..,,18.0,100000.0,,,0.0,Очно-заочная,Русский,негосударственный,,0.0,11.51293546492023,0,0,2,1
964,38.03.02 | Менеджмент,Управление бизнесом,Факультет экономики и менеджмента ПГУПС,Бакалавриат,Петербургский государственный университет путей сообщения императора Александра I,Санкт-Пете..,5.0,32.0,238420.0,235.0,,0.0,Очная,Русский,государственный,37.0,0.13513513513513514,12.3817932975422,0,0,0,0
965,38.03.02 | Менеджмент,Управление бизнесом,Факультет экономики и менеджмента ПГУПС,Бакалавриат,Петербургский государственный университет путей сообщения императора Александра I,Санкт-Пете..,,25.0,117100.0,,,0.0,Очно-заочная,Русский,государственный,,0.0,11.670792089258995,0,0,2,1
966,38.03.02 | Менеджмент,Управление бизнесом,Факультет бизнеса. Центр МВА НГТУ,Бакалавриат,Новосибирский государственный технический университет,Новосибирс..,3.0,39.0,183000.0,277.0,,0.0,Очная,Русский,государственный,42.0,0.07142857142857142,12.117246896289503,0,0,2,1
967,38.03.02 | Менеджмент,Управление бизнесом,Факультет бизнеса. Центр МВА НГТУ,Бакалавриат,Новосибирский государственный технический университет,Новосибирс..,,25.0,98300.0,,,0.0,Очно-заочная,Русский,государственный,,0.0,11.495789479023493,0,0,2,1
968,38.03.02 | Менеджмент,Управление бизнесом,Факультет экономики и управления НГАУ,Бакалавриат,Новосибирский государственный аграрный университет,Новосибирс..,3.0,13.0,154610.0,214.0,,0.0,Очная,Русский,государственный,16.0,0.1875,11.948667563962665,0,0,0,0
969,38.03.02 | Менеджмент,Управление бизнесом,Факультет экономики и управления НГАУ,Бакалавриат,Новосибирский государственный аграрный университет,Новосибирс..,,16.0,68054.0,,,0.0,Очно-заочная,Русский,государственный,,0.0,11.128071480766174,0,0,2,1
970,38.03.02 | Менеджмент,Управление бизнесом,"Институт управления, экономики и финансов КФУ",Бакалавриат,Казанский (Приволжский) федеральный университет,Казань,5.0,17.0,276048.0,253.0,,0.0,Очная,Русский,государственный,22.0,0.22727272727272727,12.528333665173479,0,0,0,0
971,38.03.02 | Менеджмент,Управление бизнесом,"Институт управления, экономики и финансов КФУ",Бакалавриат,Казанский (Приволжский) федеральный университет,Казань,,12.0,144000.0,,110.0,0.0,Очно-заочная,Русский,государственный,,0.0,11.87757552297847,0,0,2,1
972,38.03.02 | Менеджмент,Управление бизнесом,"Факультет управления ""ТИСБИ""",Бакалавриат,"Университет управления ""ТИСБИ""",Казань,,180.0,130000.0,,,0.0,Очная,Русский,негосударственный,,0.0,11.775297421715827,0,0,2,1
973,38.03.02 | Менеджмент,Управление бизнесом,"Факультет управления ""ТИСБИ""",Бакалавриат,"Университет управления ""ТИСБИ""",Казань,,340.0,67000.0,,,0.0,Очно-заочная,Русский,негосударственный,,0.0,11.112462823634855,0,0,2,1
974,38.03.02 | Менеджмент,Управление бизнесом,"Факультет управления ""ТИСБИ""",Бакалавриат,"Университет управления ""ТИСБИ""",Казань,,20.0,62000.0,,85.0,0.0,Заочная,Русский,негосударственный,,0.0,11.034905792929415,0,0,2,1
975,38.03.02 | Менеджмент,Управление бизнесом,"Институт менеджмента, предпринимательства и инжиниринга УрГЭУ",Бакалавриат,Уральский государственный экономический университет,Екатеринбург,,180.0,69000.0,,,0.0,Очно-заочная,Русский,государственный,,0.0,11.141876276228,0,0,2,1
976,38.03.02 | Менеджмент,Управление бизнесом,Экономический факультет НГАТУ,Бакалавриат,Нижегородский государственный агротехнологический университет,Нижний Нов..,,25.0,119000.0,,,0.0,Очная,Русский,государственный,,0.0,11.686887175419702,0,0,2,1
977,38.03.02 | Менеджмент,Управление бизнесом,Экономический факультет НГАТУ,Бакалавриат,Нижегородский государственный агротехнологический университет,Нижний Нов..,,25.0,61000.0,,,0.0,Очно-заочная,Русский,государственный,,0.0,11.0186455364637,0,0,2,1
978,38.03.02 | Менеджмент,Управление бизнесом,Экономический факультет,Бакалавриат,Московский психолого-социальный университет,Москва,,35.0,172000.0,,,0.0,Очная,Русский,негосударственный,,0.0,12.055255569732177,0,0,2,1
979,38.03.02 | Менеджмент,Управление бизнесом,Экономический факультет,Бакалавриат,Московский психолого-социальный университет,Москва,,75.0,110000.0,,,0.0,Очно-заочная,Русский,негосударственный,,0.0,11.608244735642321,0,0,2,1
980,38.03.02 | Менеджмент,Управление бизнесом,"Факультет экономики, сервиса и управления ОмГТУ",Бакалавриат,Омский государственный технический университет,Омск,,30.0,41800.0,,,0.0,Дистанционная,Русский,государственный,,0.0,10.640675541671662,0,0,2,1
981,38.03.02 | Менеджмент,Управление бизнесом,"Факультет экономики, сервиса и управления ОмГТУ",Бакалавриат,Омский государственный технический университет,Омск,1.0,29.0,142600.0,235.0,,0.0,Очная,Русский,государственный,30.0,0.03333333333333333,11.867805799560465,0,0,2,1
982,38.03.02 | Менеджмент,Управление бизнесом,Факультет экономики и управления СИБИТ,Бакалавриат,Сибирский институт бизнеса и информационных технологий,Омск,,12.0,105600.0,,,0.0,Очная,Русский,негосударственный,,0.0,11.567423119906431,0,0,2,1
983,38.03.02 | Менеджмент,Управление бизнесом,Факультет экономики и управления СИБИТ,Бакалавриат,Сибирский институт бизнеса и информационных технологий,Омск,,72.0,50000.0,,,0.0,Очно-заочная,Русский,негосударственный,,0.0,10.819798284210286,0,0,2,1
984,38.03.02 | Менеджмент,Управление бизнесом,Факультет экономики и управления СИБИТ,Бакалавриат,Сибирский институт бизнеса и информационных технологий,Омск,,6.0,48000.0,,,0.0,Заочная,Русский,негосударственный,,0.0,10.778977123006351,0,0,2,1
985,38.03.02 | Менеджмент,Управление бизнесом,Высшая школа менеджмента,Бакалавриат,Международный Институт Дизайна и Сервиса,Челябинск,,32.0,135000.0,,,0.0,Очная,Русский,негосударственный,,0.0,11.813037464800539,0,0,2,1
986,38.03.02 | Менеджмент,Управление бизнесом,Факультет менеджмента и предпринимательства РГЭУ (РИНХ),Бакалавриат,Ростовский государственный экономический университет (РИНХ),Ростов-на-..,,15.0,135000.0,,,0.0,Очная,Русский,государственный,,0.0,11.813037464800539,0,0,2,1
987,38.03.02 | Менеджмент,Управление бизнесом,Факультет менеджмента и предпринимательства РГЭУ (РИНХ),Бакалавриат,Ростовский государственный экономический университет (РИНХ),Ростов-на-..,,10.0,65000.0,,,0.0,Очно-заочная,Русский,государственный,,0.0,11.082157933374816,0,0,2,1
988,38.03.02 | Менеджмент,Управление бизнесом,Факультет менеджмента и предпринимательства РГЭУ (РИНХ),Бакалавриат,Ростовский государственный экономический университет (РИНХ),Ростов-на-..,,30.0,65000.0,,110.0,0.0,Очно-заочная,Русский,государственный,,0.0,11.082157933374816,0,0,2,1
989,38.03.02 | Менеджмент,Управление бизнесом,Факультет менеджмента и предпринимательства РГЭУ (РИНХ),Бакалавриат,Ростовский государственный экономический университет (РИНХ),Ростов-на-..,,2.0,65000.0,,110.0,0.0,Очно-заочная,Русский,государственный,,0.0,11.082157933374816,0,0,2,1
990,38.03.02 | Менеджмент,Управление бизнесом,Факультет управления ТИУиЭ,Бакалавриат,Таганрогский институт управления и экономики,Таганрог,,50.0,110000.0,,85.0,0.0,Очная,Русский,негосударственный,,0.0,11.608244735642321,0,0,2,1
991,38.03.02 | Менеджмент,Управление бизнесом,Факультет управления ТИУиЭ,Бакалавриат,Таганрогский институт управления и экономики,Таганрог,,50.0,62000.0,,,0.0,Очно-заочная,Русский,негосударственный,,0.0,11.034905792929415,0,0,2,1
992,38.03.02 | Менеджмент,Управление бизнесом,Факультет прикладной экономики и управления ВолГАУ,Бакалавриат,Волгоградский государственный аграрный университет,Волгоград,,25.0,131192.0,,,0.0,Очная,Русский,государственный,,0.0,11.784424800410232,0,0,2,1
993,38.03.02 | Менеджмент,Управление бизнесом,Факультет прикладной экономики и управления ВолГАУ,Бакалавриат,Волгоградский государственный аграрный университет,Волгоград,,30.0,68000.0,,,0.0,Очно-заочная,Русский,государственный,,0.0,11.127277689932466,0,0,2,1
994,38.03.02 | Менеджмент,Управление бизнесом,Финансово-экономический институт ТюмГУ,Бакалавриат,Тюменский государственный университет,Тюмень,16.0,134.0,220098.0,272.0,,0.0,Очная,Русский,государственный,150.0,0.10666666666666667,12.301832724114863,0,0,1,2
995,38.03.02 | Менеджмент,Управление бизнесом,Факультет высшего профессионального образования БГУ,Бакалавриат,Байкальский государственный университет,Иркутск,3.0,50.0,192500.0,235.0,,0.0,Очная,Русский,государственный,53.0,0.05660377358490566,12.167856627501678,0,0,2,1
996,38.03.02 | Менеджмент,Управление бизнесом,Факультет высшего профессионального образования БГУ,Бакалавриат,Байкальский государственный университет,Иркутск,4.0,50.0,192500.0,235.0,,0.0,Очная,Русский,государственный,54.0,0.07407407407407407,12.167856627501678,0,0,2,1
997,38.03.02 | Менеджмент,Управление бизнесом,Институт заочного и дистанционного обучения ВВГУ,Бакалавриат,Владивостокский государственный университет,Владивосто..,,70.0,120000.0,,,0.0,Дистанционная,Русский,государственный,,0.0,11.695255355062795,0,0,2,1
998,38.03.02 | Менеджмент,Управление бизнесом,Институт заочного и дистанционного обучения ВВГУ,Бакалавриат,Владивостокский государственный университет,Владивосто..,,25.0,150000.0,,,0.0,Очно-заочная,Русский,государственный,,0.0,11.918397239722838,0,0,2,1
999,38.03.02 | Менеджмент,Управление бизнесом,Факультет управления ДГУ,Бакалавриат,Дагестанский государственный университет,Махачкала,21.0,25.0,106410.0,222.0,,0.0,Очная,Русский,государственный,46.0,0.45652173913043476,11.575064234004627,0,0,0,0
1000,38.03.02 | Менеджмент,Управление бизнесом,Факультет управления ДГУ,Бакалавриат,Дагестанский государственный университет,Махачкала,,10.0,49990.0,,,0.0,Заочная,Русский,государственный,,0.0,10.819598268208338,0,0,2,1
1001,38.03.02 | Менеджмент,Управление бизнесом,Институт естествознания и экономики ОГПУ,Бакалавриат,Оренбургский государственный педагогический университет,Оренбург,,15.0,140000.0,,,0.0,Очная,Русский,государственный,,0.0,11.849404844423074,0,0,2,1
1002,38.03.02 | Менеджмент,Управление бизнесом,Экономический факультет КГСХИ,Бакалавриат,Кузбасская государственная сельскохозяйственная академия,Кемерово,5.0,20.0,161000.0,204.0,,0.0,Очная,Русский,государственный,25.0,0.2,11.989165855127435,0,0,0,0
1003,38.03.02 | Менеджмент,Управление бизнесом,Экономический факультет КГСХИ,Бакалавриат,Кузбасская государственная сельскохозяйственная академия,Кемерово,,30.0,90000.0,,,0.0,Очно-заочная,Русский,государственный,,0.0,11.407576060361786,0,0,2,1
1004,38.03.02 | Менеджмент,Управление бизнесом,Высшая школа управления ПГУ,Бакалавриат,Пятигорский государственный университет,Пятигорск,,20.0,202000.0,,,0.0,Очная,Русский,государственный,,0.0,12.216027926866138,0,0,0,0
1005,38.03.02 | Менеджмент,Управление бизнесом,Высшая школа управления ПГУ,Бакалавриат,Пятигорский государственный университет,Пятигорск,,6.0,82000.0,,109.0,0.0,Заочная,Русский,государственный,,0.0,11.314486721293981,0,0,2,1
1006,38.03.02 | Менеджмент,Управление бизнесом,Институт экономики и управления СКФУ,Бакалавриат,Северо-Кавказский федеральный университет,Ставрополь,,25.0,126000.0,,,0.0,Очно-заочная,Русский,государственный,,0.0,11.744045122410057,0,0,2,1
1007,38.03.02 | Менеджмент,Управление бизнесом,Экономический факультет СтГАУ,Бакалавриат,Ставропольский государственный аграрный университет,Ставрополь,4.0,45.0,145000.0,236.0,,0.0,Очная,Русский,государственный,49.0,0.08163265306122448,11.884495917930655,0,0,2,1
1008,38.03.02 | Менеджмент,Управление бизнесом,Экономический факультет СтГАУ,Бакалавриат,Ставропольский государственный аграрный университет,Ставрополь,,50.0,85000.0,,,0.0,Очно-заочная,Русский,государственный,,0.0,11.350418300109132,0,0,2,1
1009,38.03.02 | Менеджмент,Управление бизнесом,Факультет Ивановского филиала РЭУ им. Г.В. Плеханова,Бакалавриат,Ивановский филиал Российского экономического университета имени Г.В. Плеханова,Иваново,,10.0,114450.0,,,0.0,Очная,Русский,государственный,,0.0,11.647902062782471,0,0,2,1
1010,38.03.02 | Менеджмент,Управление бизнесом,Факультет Ивановского филиала РЭУ им. Г.В. Плеханова,Бакалавриат,Ивановский филиал Российского экономического университета имени Г.В. Плеханова,Иваново,,13.0,51900.0,,,0.0,Очно-заочная,Русский,государственный,,0.0,10.857093336791094,0,0,2,1
1011,38.03.02 | Менеджмент,Управление бизнесом,Факультет социально-экономических и компьютерных наук Пермского филиала ВШЭ,Бакалавриат,Пермский филиал Национального исследовательского университета «Высшая школа экономики»,Пермь,,100.0,350000.0,,,0.0,Дистанционная,Русский,государственный,,0.0,12.765691290604371,0,0,0,0
1012,38.03.02 | Менеджмент,Управление бизнесом,Школа экономики и менеджмента НИУ ВШЭ в Санкт-Петербурге,Бакалавриат,Национальный исследовательский университет «Высшая школа экономики» — Санкт-Петербург,Санкт-Пете..,60.0,200.0,550000.0,283.0,,0.0,Очная,Русский,государственный,260.0,0.23076923076923078,13.217675375388819,0,0,1,2
1013,38.03.02 | Менеджмент,Управление бизнесом,Факультет Барнаульского филиала ФУ при Правительстве РФ,Бакалавриат,Алтайский филиал Финансового университета при Правительстве Российской Федерации,Барнаул,3.0,30.0,74700.0,208.0,,0.0,Дистанционная,Русский,государственный,33.0,0.09090909090909091,11.221248757912162,0,0,2,1
1014,38.03.02 | Менеджмент,Управление бизнесом,Факультет Барнаульского филиала ФУ при Правительстве РФ,Бакалавриат,Алтайский филиал Финансового университета при Правительстве Российской Федерации,Барнаул,,40.0,74700.0,,110.0,0.0,Дистанционная,Русский,государственный,,0.0,11.221248757912162,0,0,2,1
1015,38.03.02 | Менеджмент,Управление бизнесом,Факультет Барнаульского филиала ФУ при Правительстве РФ,Бакалавриат,Алтайский филиал Финансового университета при Правительстве Российской Федерации,Барнаул,,2.0,74700.0,,110.0,0.0,Дистанционная,Русский,государственный,,0.0,11.221248757912162,0,0,2,1
1016,38.03.02 | Менеджмент,Управление бизнесом,Факультет Владикавказского филиала ФУ при Правительстве РФ,Бакалавриат,Владикавказский филиал Финансового университета при Правительстве Российской Федерации,Владикавка..,,28.0,82800.0,,85.0,0.0,Очно-заочная,Русский,государственный,,0.0,11.324195417595107,0,0,2,1
1017,38.03.02 | Менеджмент,Управление бизнесом,Факультет Владимирского филиала ФУ при Правительстве РФ,Бакалавриат,Владимирский филиал Финансового университета при Правительстве Российской Федерации,Владимир,7.0,8.0,159300.0,181.0,85.0,0.0,Очная,Русский,государственный,15.0,0.4666666666666667,11.978550773342342,0,0,0,0
1018,38.03.02 | Менеджмент,Управление бизнесом,Факультет управления и бизнес-технологии Калужского филиала ФУ при Правительстве РФ,Бакалавриат,Калужский филиал Финансового университета при Правительстве Российской Федерации,Калуга,4.0,61.0,173000.0,274.0,,0.0,Очная,Русский,государственный,65.0,0.06153846153846154,12.06105265381003,0,0,2,1
1019,38.03.02 | Менеджмент,Управление бизнесом,Факультет управления и бизнес-технологии Калужского филиала ФУ при Правительстве РФ,Бакалавриат,Калужский филиал Финансового университета при Правительстве Российской Федерации,Калуга,,10.0,173000.0,,85.0,0.0,Очная,Русский,государственный,,0.0,12.06105265381003,0,0,2,1
1020,38.03.02 | Менеджмент,Управление бизнесом,Факультет управления и бизнес-технологии Калужского филиала ФУ при Правительстве РФ,Бакалавриат,Калужский филиал Финансового университета при Правительстве Российской Федерации,Калуга,,2.0,173000.0,,85.0,0.0,Очная,Русский,государственный,,0.0,12.06105265381003,0,0,2,1
1021,38.03.02 | Менеджмент,Управление бизнесом,Факультет Краснодарского филиала ФУ при Правительстве РФ,Бакалавриат,Краснодарский филиал Финансового университета при Правительстве Российской Федерации,Краснодар,6.0,87.0,168500.0,238.0,,0.0,Очная,Русский,государственный,93.0,0.06451612903225806,12.034696963475044,0,0,2,1
1022,38.03.02 | Менеджмент,Управление бизнесом,Факультет Краснодарского филиала ФУ при Правительстве РФ,Бакалавриат,Краснодарский филиал Финансового университета при Правительстве Российской Федерации,Краснодар,,37.0,64550.0,,85.0,0.0,Очно-заочная,Русский,государственный,,0.0,11.07521088802156,0,0,2,1
1023,38.03.02 | Менеджмент,Управление бизнесом,Факультет Краснодарского филиала ФУ при Правительстве РФ,Бакалавриат,Краснодарский филиал Финансового университета при Правительстве Российской Федерации,Краснодар,,44.0,64550.0,,85.0,0.0,Очно-заочная,Русский,государственный,,0.0,11.07521088802156,0,0,2,1
1024,38.03.02 | Менеджмент,Управление бизнесом,Факультет Краснодарского филиала ФУ при Правительстве РФ,Бакалавриат,Краснодарский филиал Финансового университета при Правительстве Российской Федерации,Краснодар,,13.0,168500.0,,85.0,0.0,Очная,Русский,государственный,,0.0,12.034696963475044,0,0,2,1
1025,38.03.02 | Менеджмент,Управление бизнесом,Факультет Краснодарского филиала ФУ при Правительстве РФ,Бакалавриат,Краснодарский филиал Финансового университета при Правительстве Российской Федерации,Краснодар,,2.0,168500.0,,85.0,0.0,Очная,Русский,государственный,,0.0,12.034696963475044,0,0,2,1
1026,38.03.02 | Менеджмент,Управление бизнесом,Факультет Краснодарского филиала ФУ при Правительстве РФ,Бакалавриат,Краснодарский филиал Финансового университета при Правительстве Российской Федерации,Краснодар,,2.0,64550.0,,85.0,0.0,Очно-заочная,Русский,государственный,,0.0,11.07521088802156,0,0,2,1
1027,38.03.02 | Менеджмент,Управление бизнесом,Факультет Курского филиала Финуниверситета при Правительстве РФ,Бакалавриат,Курский филиал Финансового университета при Правительстве Российской Федерации,Курск,8.0,17.0,140100.0,206.0,,0.0,Очная,Русский,государственный,25.0,0.32,11.850118870058369,0,0,0,0
1028,38.03.02 | Менеджмент,Управление бизнесом,Факультет Курского филиала Финуниверситета при Правительстве РФ,Бакалавриат,Курский филиал Финансового университета при Правительстве Российской Федерации,Курск,,25.0,59400.0,,150.0,0.0,Дистанционная,Русский,государственный,,0.0,10.992066340225865,0,0,2,1
1029,38.03.02 | Менеджмент,Управление бизнесом,Факультет Липецкого филиала ФУ при Правительстве РФ,Бакалавриат,Липецкий филиал Финансового университета при Правительстве Российской Федерации,Липецк,4.0,52.0,156300.0,211.0,,0.0,Очная,Русский,государственный,56.0,0.07142857142857142,11.959538914341756,0,0,2,1
1030,38.03.02 | Менеджмент,Управление бизнесом,Факультет Липецкого филиала ФУ при Правительстве РФ,Бакалавриат,Липецкий филиал Финансового университета при Правительстве Российской Федерации,Липецк,,20.0,156300.0,,85.0,0.0,Очная,Русский,государственный,,0.0,11.959538914341756,0,0,2,1
1031,38.03.02 | Менеджмент,Управление бизнесом,Факультет Липецкого филиала ФУ при Правительстве РФ,Бакалавриат,Липецкий филиал Финансового университета при Правительстве Российской Федерации,Липецк,,56.0,71300.0,,85.0,0.0,Очно-заочная,Русский,государственный,,0.0,11.174665631549477,0,0,2,1
1032,38.03.02 | Менеджмент,Управление бизнесом,Факультет Липецкого филиала ФУ при Правительстве РФ,Бакалавриат,Липецкий филиал Финансового университета при Правительстве Российской Федерации,Липецк,,20.0,71300.0,,85.0,0.0,Очно-заочная,Русский,государственный,,0.0,11.174665631549477,0,0,2,1
1033,38.03.02 | Менеджмент,Управление бизнесом,Факультет Липецкого филиала ФУ при Правительстве РФ,Бакалавриат,Липецкий филиал Финансового университета при Правительстве Российской Федерации,Липецк,,2.0,156300.0,,85.0,0.0,Очная,Русский,государственный,,0.0,11.959538914341756,0,0,2,1
1034,38.03.02 | Менеджмент,Управление бизнесом,Факультет Липецкого филиала ФУ при Правительстве РФ,Бакалавриат,Липецкий филиал Финансового университета при Правительстве Российской Федерации,Липецк,,2.0,71300.0,,85.0,0.0,Очно-заочная,Русский,государственный,,0.0,11.174665631549477,0,0,2,1
1035,38.03.02 | Менеджмент,Управление бизнесом,Факультет Новороссийского филиала ФУ при Правительстве РФ,Бакалавриат,Новороссийский филиал Финансового университета при Правительстве Российской Федерации,Новороссийск,8.0,52.0,160500.0,235.0,110.0,0.0,Очная,Русский,государственный,60.0,0.13333333333333333,11.986055452062393,0,0,2,1
1036,38.03.02 | Менеджмент,Управление бизнесом,Факультет Новороссийского филиала ФУ при Правительстве РФ,Бакалавриат,Новороссийский филиал Финансового университета при Правительстве Российской Федерации,Новороссийск,,15.0,160500.0,,110.0,0.0,Очная,Русский,государственный,,0.0,11.986055452062393,0,0,2,1
1037,38.03.02 | Менеджмент,Управление бизнесом,Факультет Новороссийского филиала ФУ при Правительстве РФ,Бакалавриат,Новороссийский филиал Финансового университета при Правительстве Российской Федерации,Новороссийск,,2.0,160500.0,,110.0,0.0,Очная,Русский,государственный,,0.0,11.986055452062393,0,0,2,1
1038,38.03.02 | Менеджмент,Управление бизнесом,Факультет Новороссийского филиала ФУ при Правительстве РФ,Бакалавриат,Новороссийский филиал Финансового университета при Правительстве Российской Федерации,Новороссийск,,10.0,73150.0,,110.0,0.0,Очно-заочная,Русский,государственный,,0.0,11.200281076894816,0,0,2,1
1039,38.03.02 | Менеджмент,Управление бизнесом,Факультет Новороссийского филиала ФУ при Правительстве РФ,Бакалавриат,Новороссийский филиал Финансового университета при Правительстве Российской Федерации,Новороссийск,,60.0,73150.0,,110.0,0.0,Очно-заочная,Русский,государственный,,0.0,11.200281076894816,0,0,2,1
1040,38.03.02 | Менеджмент,Управление бизнесом,Факультет Новороссийского филиала ФУ при Правительстве РФ,Бакалавриат,Новороссийский филиал Финансового университета при Правительстве Российской Федерации,Новороссийск,,2.0,73150.0,,110.0,0.0,Очно-заочная,Русский,государственный,,0.0,11.200281076894816,0,0,2,1
1041,38.03.02 | Менеджмент,Управление бизнесом,Факультет Орловского филиала ФУ при Правительстве РФ,Бакалавриат,Орловский филиал Финансового университета при Правительстве Российской Федерации,Орел,8.0,17.0,118529.0,189.0,85.0,0.0,Очная,Русский,государственный,25.0,0.32,11.682921372073546,0,0,2,1
1042,38.03.02 | Менеджмент,Управление бизнесом,Факультет Пензенского филиала ФУ при Правительстве РФ,Бакалавриат,Пензенский филиал Финансового университета при Правительстве Российской Федерации,Пенза,9.0,41.0,136700.0,228.0,85.0,0.0,Очная,Русский,государственный,50.0,0.18,11.825551337974238,0,0,2,1
1043,38.03.02 | Менеджмент,Управление бизнесом,Факультет Смоленского филиала ФУ при Правительстве РФ,Бакалавриат,Смоленский филиал Финансового университета при Правительстве Российской Федерации,Смоленск,,8.0,58200.0,,85.0,0.0,Очно-заочная,Русский,государственный,,0.0,10.971657815702502,0,0,2,1
1044,38.03.02 | Менеджмент,Управление бизнесом,Факультет Смоленского филиала ФУ при Правительстве РФ,Бакалавриат,Смоленский филиал Финансового университета при Правительстве Российской Федерации,Смоленск,,60.0,58200.0,,85.0,0.0,Очно-заочная,Русский,государственный,,0.0,10.971657815702502,0,0,2,1
1045,38.03.02 | Менеджмент,Управление бизнесом,Факультет Смоленского филиала ФУ при Правительстве РФ,Бакалавриат,Смоленский филиал Финансового университета при Правительстве Российской Федерации,Смоленск,,2.0,58200.0,,85.0,0.0,Очно-заочная,Русский,государственный,,0.0,10.971657815702502,0,0,2,1
1046,38.03.02 | Менеджмент,Управление бизнесом,Факультет Тульского филиала ФУ при Правительстве РФ,Бакалавриат,Тульский филиал Финансового университета при Правительстве Российской Федерации,Тула,5.0,29.0,158100.0,225.0,,0.0,Очная,Русский,государственный,34.0,0.14705882352941177,11.97098934828825,0,0,2,1
1047,38.03.02 | Менеджмент,Управление бизнесом,Факультет Уфимского филиала ФУ при Правительстве РФ,Бакалавриат,Уфимский филиал Финансового университета при Правительстве Российской Федерации,Уфа,5.0,61.0,166200.0,231.0,,0.0,Очная,Русский,государственный,66.0,0.07575757575757576,12.020953178232556,0,0,2,1
1048,38.03.02 | Менеджмент,Управление бизнесом,Факультет Уфимского филиала ФУ при Правительстве РФ,Бакалавриат,Уфимский филиал Финансового университета при Правительстве Российской Федерации,Уфа,,36.0,84150.0,,85.0,0.0,Очно-заочная,Русский,государственный,,0.0,11.340368083089638,0,0,2,1
1049,38.03.02 | Менеджмент,Управление бизнесом,Факультет Уфимского филиала ФУ при Правительстве РФ,Бакалавриат,Уфимский филиал Финансового университета при Правительстве Российской Федерации,Уфа,,2.0,166200.0,,85.0,0.0,Очная,Русский,государственный,,0.0,12.020953178232556,0,0,2,1
1050,38.03.02 | Менеджмент,Управление бизнесом,Факультет Уфимского филиала ФУ при Правительстве РФ,Бакалавриат,Уфимский филиал Финансового университета при Правительстве Российской Федерации,Уфа,,5.0,166200.0,,85.0,0.0,Очная,Русский,государственный,,0.0,12.020953178232556,0,0,2,1
1051,38.03.02 | Менеджмент,Управление бизнесом,Факультет Уфимского филиала ФУ при Правительстве РФ,Бакалавриат,Уфимский филиал Финансового университета при Правительстве Российской Федерации,Уфа,,2.0,84150.0,,85.0,0.0,Очно-заочная,Русский,государственный,,0.0,11.340368083089638,0,0,2,1
1052,38.03.02 | Менеджмент,Управление бизнесом,Факультет Уфимского филиала ФУ при Правительстве РФ,Бакалавриат,Уфимский филиал Финансового университета при Правительстве Российской Федерации,Уфа,,40.0,84150.0,,85.0,0.0,Очно-заочная,Русский,государственный,,0.0,11.340368083089638,0,0,2,1
1053,38.03.02 | Менеджмент,Управление бизнесом,Факультет Челябинского филиала ФУ при Правительстве РФ,Бакалавриат,Уральский филиал Финансового университета при Правительстве Российской Федерации,Челябинск,,80.0,167800.0,,110.0,0.0,Очная,Русский,государственный,,0.0,12.030534032473051,0,0,2,1
1054,38.03.02 | Менеджмент,Управление бизнесом,Факультет Ярославского филиала ФУ при Правительстве РФ,Бакалавриат,Ярославский филиал Финансового университета при Правительстве Российской Федерации,Ярославль,,20.0,155500.0,,110.0,0.0,Очная,Русский,государственный,,0.0,11.954407441448915,0,0,2,1
1055,38.03.02 | Менеджмент,Управление бизнесом,Экономический факультет филиала РГАУ-МСХА им. Тимирязева в Калуге,Бакалавриат,Калужский филиал Российского государственного аграрного университета - МСХА им. К.А. Тимирязева,Калуга,,25.0,71000.0,,,0.0,Очно-заочная,Русский,государственный,,0.0,11.170449240431308,0,0,2,1
1056,38.03.02 | Менеджмент,Управление бизнесом,Факультет филиала РАНХиГС в Оренбурге,Бакалавриат,Оренбургский филиал Российской академии народного хозяйства и государственной службы при Президенте РФ,Оренбург,5.0,13.0,147000.0,221.0,,0.0,Очная,Русский,государственный,18.0,0.2777777777777778,11.898194668458823,0,0,0,0
1057,38.03.02 | Менеджмент,Управление бизнесом,Факультет филиала РАНХиГС в Оренбурге,Бакалавриат,Оренбургский филиал Российской академии народного хозяйства и государственной службы при Президенте РФ,Оренбург,,15.0,95600.0,,,0.0,Очно-заочная,Русский,государственный,,0.0,11.467938559235831,0,0,2,1
1058,38.03.02 | Менеджмент,Управление бизнесом,Факультет филиала СКФУ в г. Пятигорск,Бакалавриат,Пятигорский институт (филиал) Северо-Кавказского федерального университета,Пятигорск,,25.0,167000.0,,110.0,0.0,Очная,Русский,государственный,,0.0,12.025755079404917,0,0,2,1
1059,38.03.02 | Менеджмент,Управление бизнесом,Факультет филиала СКФУ в г. Пятигорск,Бакалавриат,Пятигорский институт (филиал) Северо-Кавказского федерального университета,Пятигорск,,25.0,126000.0,,110.0,0.0,Очно-заочная,Русский,государственный,,0.0,11.744045122410057,0,0,2,1
1060,38.03.02 | Менеджмент,Управление бизнесом,Факультет экономики и управления,Бакалавриат,Московский политехнический университет,Москва,24.0,110.0,345100.0,272.0,,0.0,Очная,Русский,государственный,134.0,0.1791044776119403,12.751592406792705,0,0,1,2
1061,38.03.02 | Менеджмент,Управление бизнесом,Факультет экономики и управления,Бакалавриат,Московский политехнический университет,Москва,10.0,150.0,147200.0,284.0,,0.0,Очно-заочная,Русский,государственный,160.0,0.0625,11.899554278732099,0,0,1,2
1062,38.03.02 | Менеджмент,Управление бизнесом,Факультет экономики и управления,Бакалавриат,Московский политехнический университет,Москва,,100.0,147200.0,,113.0,0.0,Очно-заочная,Русский,государственный,,0.0,11.899554278732099,0,0,2,1
1063,38.03.02 | Менеджмент,Управление бизнесом,Экономический факультет АГУ,Бакалавриат,Адыгейский государственный университет,Майкоп,,20.0,122000.0,,,0.0,Очная,Русский,государственный,,0.0,11.711784520403112,0,0,2,1
1064,38.03.02 | Менеджмент,Управление бизнесом,Экономический факультет АГУ,Бакалавриат,Адыгейский государственный университет,Майкоп,,20.0,59000.0,,,0.0,Очно-заочная,Русский,государственный,,0.0,10.985309671896763,0,0,2,1
1065,38.03.02 | Менеджмент,Управление бизнесом,"Институт цифровой экономики, управления и сервиса НовГУ",Бакалавриат,Новгородский государственный университет имени Ярослава Мудрого,Великий Но..,30.0,90.0,150000.0,245.0,,0.0,Очная,Русский,государственный,120.0,0.25,11.918397239722838,0,0,1,2
1066,38.03.02 | Менеджмент,Управление бизнесом,Факультет экономики и менеджмента ЮЗГУ,Бакалавриат,Юго-Западный государственный университет,Курск,15.0,70.0,131000.0,214.0,,0.0,Очная,Русский,государственный,85.0,0.17647058823529413,11.782960235741939,0,0,2,1
1067,38.03.02 | Менеджмент,Управление бизнесом,Факультет экономики и менеджмента ЮЗГУ,Бакалавриат,Юго-Западный государственный университет,Курск,,40.0,75000.0,,,0.0,Очно-заочная,Русский,государственный,,0.0,11.225256725762893,0,0,2,1
1068,38.03.02 | Менеджмент,Управление бизнесом,Институт экономики и управления ТОГУ,Бакалавриат,Тихоокеанский государственный университет,Хабаровск,15.0,100.0,205000.0,213.0,,0.0,Очная,Русский,государственный,115.0,0.13043478260869565,12.230770136157428,0,0,0,0
1069,38.03.02 | Менеджмент,Управление бизнесом,Институт экономики и управления ТОГУ,Бакалавриат,Тихоокеанский государственный университет,Хабаровск,,40.0,88500.0,,,0.0,Очно-заочная,Русский,государственный,,0.0,11.390769130367211,0,0,2,1
1070,38.03.02 | Менеджмент,Управление бизнесом,Гуманитарный институт ИГХТУ,Бакалавриат,Ивановский государственный химико-технологический университет,Иваново,,30.0,146900.0,,,0.0,Очная,Русский,государственный,,0.0,11.897514169490739,0,0,2,1
1071,38.03.02 | Менеджмент,Управление бизнесом,Гуманитарный институт ИГХТУ,Бакалавриат,Ивановский государственный химико-технологический университет,Иваново,,50.0,63400.0,,,0.0,Очно-заочная,Русский,государственный,,0.0,11.05723491317159,0,0,2,1
1072,38.03.02 | Менеджмент,Управление бизнесом,"Институт менеджмента, экономики и агротехнологий ХГУ",Бакалавриат,Хакасский государственный университет им. Н.Ф. Катанова,Абакан,11.0,20.0,166000.0,197.0,,0.0,Очная,Русский,государственный,31.0,0.3548387096774194,12.019749091416921,0,0,0,0
1073,38.03.02 | Менеджмент,Управление бизнесом,Финансово-экономический институт СВФУ,Бакалавриат,Северо-Восточный федеральный университет имени М. К. Аммосова,Якутск,10.0,40.0,309000.0,214.0,,0.0,Очная,Русский,государственный,50.0,0.2,12.6410997921206,0,0,0,0
1074,38.03.02 | Менеджмент,Управление бизнесом,Финансово-экономический институт СВФУ,Бакалавриат,Северо-Восточный федеральный университет имени М. К. Аммосова,Якутск,,50.0,95000.0,,,0.0,Очно-заочная,Русский,государственный,,0.0,11.461642696843066,0,0,2,1
1075,38.03.02 | Менеджмент,Управление бизнесом,Институт экономики и управления СКГА,Бакалавриат,Северо-Кавказская государственная академия,Черкесск,,50.0,80000.0,,110.0,0.0,Очно-заочная,Русский,государственный,,0.0,11.289794413577894,0,0,2,1
1076,38.03.02 | Менеджмент,Управление бизнесом,Факультет филиала СамГТУ в г. Новокуйбышевске,Бакалавриат,Филиал Самарского государственного технического университета в г. Новокуйбышевске,Новокуйбыш..,,18.0,145021.0,,116.0,0.0,Очная,Русский,государственный,,0.0,11.8846407340317,0,0,2,1
1077,38.03.02 | Менеджмент,Управление бизнесом,Факультет филиала СамГТУ в г. Новокуйбышевске,Бакалавриат,Филиал Самарского государственного технического университета в г. Новокуйбышевске,Новокуйбыш..,,46.0,87000.0,,,0.0,Очно-заочная,Русский,государственный,,0.0,11.373674891823535,0,0,2,1
1078,38.03.02 | Менеджмент,Управление бизнесом,Факультет филиала СамГТУ в г. Новокуйбышевске,Бакалавриат,Филиал Самарского государственного технического университета в г. Новокуйбышевске,Новокуйбыш..,,6.0,75300.0,,116.0,0.0,Заочная,Русский,государственный,,0.0,11.229248693912288,0,0,2,1
1079,38.03.02 | Менеджмент,Управление бизнесом,Институт экономики и управления УУНиТ,Бакалавриат,Уфимский университет науки и технологий,Уфа,,25.0,148300.0,,,0.0,Очная,Русский,государственный,,0.0,11.906999271191623,0,0,2,1
1080,38.03.02 | Менеджмент,Управление бизнесом,Институт экономики и управления УУНиТ,Бакалавриат,Уфимский университет науки и технологий,Уфа,,25.0,62000.0,,110.0,0.0,Очно-заочная,Русский,государственный,,0.0,11.034905792929415,0,0,2,1
1081,38.03.02 | Менеджмент,Управление бизнесом,Факультет филиала РГЭУ (РИНХ) в г. Ейске,Бакалавриат,Филиал Ростовского государственного экономического университета (РИНХ) в г. Ейске,Ейск,,7.0,70000.0,,,0.0,Очно-заочная,Русский,государственный,,0.0,11.156264806643742,0,0,2,1
1082,38.03.02 | Менеджмент,Управление бизнесом,Факультет филиала РГЭУ (РИНХ) в г. Ейске,Бакалавриат,Филиал Ростовского государственного экономического университета (РИНХ) в г. Ейске,Ейск,,20.0,143500.0,,110.0,0.0,Очная,Русский,государственный,,0.0,11.874097282798648,0,0,2,1
1083,38.03.02 | Менеджмент,Управление бизнесом,Факультет филиала РГЭУ (РИНХ) в г. Ейске,Бакалавриат,Филиал Ростовского государственного экономического университета (РИНХ) в г. Ейске,Ейск,,15.0,70000.0,,110.0,0.0,Очно-заочная,Русский,государственный,,0.0,11.156264806643742,0,0,2,1
1084,38.03.02 | Менеджмент,Управление бизнесом,Факультет филиала РГЭУ (РИНХ) в г. Ейске,Бакалавриат,Филиал Ростовского государственного экономического университета (РИНХ) в г. Ейске,Ейск,,2.0,70000.0,,110.0,0.0,Очно-заочная,Русский,государственный,,0.0,11.156264806643742,0,0,2,1
1085,38.03.02 | Менеджмент,Управление бизнесом,Факультет ОВГШ,Бакалавриат,Открытая высшая гуманитарная школа,Москва,,75.0,86700.0,,,0.0,Дистанционная,Русский,государственный,,0.0,11.370220696727491,0,0,2,1
1086,38.03.02 | Менеджмент,Управление бизнесом,Факультет филиала АГУ в г. Белореченске,Бакалавриат,Адыгейский государственный университет - филиал в г. Белореченске,Белореченс..,,15.0,147300.0,,,0.0,Очная,Русский,государственный,,0.0,11.900233391293936,0,0,2,1
1087,38.03.02 | Менеджмент,Управление бизнесом,Факультет филиала АГУ в г. Белореченске,Бакалавриат,Адыгейский государственный университет - филиал в г. Белореченске,Белореченс..,,25.0,59000.0,,,0.0,Очно-заочная,Русский,государственный,,0.0,10.985309671896763,0,0,2,1
1088,38.03.02 | Менеджмент,Управление бизнесом,Институт социальных наук СГЛА,Бакалавриат,Славяно-Греко-Латинская Академия,Москва,,100.0,135000.0,,103.0,0.0,Очная,Русский,негосударственный,,0.0,11.813037464800539,0,0,2,1
1089,38.03.02 | Менеджмент,Управление бизнесом,Институт социальных наук СГЛА,Бакалавриат,Славяно-Греко-Латинская Академия,Москва,,400.0,49000.0,,103.0,0.0,Заочная,Русский,негосударственный,,0.0,10.799595985047786,0,0,2,1
1090,44.03.01 | Педагогическое образование,"Математика, информатика и информационные технологии",Факультет психологии и педагогики,Бакалавриат,Казанский инновационный университет имени В.Г. Тимирясова (ИЭУП),Казань,,50.0,130000.0,,103.0,0.0,Очная,Русский,негосударственный,,0.0,11.775297421715827,0,0,2,1
1091,44.03.01 | Педагогическое образование,"Математика, информатика и информационные технологии",Факультет психологии и педагогики,Бакалавриат,Казанский инновационный университет имени В.Г. Тимирясова (ИЭУП),Казань,,25.0,74000.0,,103.0,0.0,Заочная,Русский,негосударственный,,0.0,11.211833885608513,0,0,2,1
1092,44.03.01 | Педагогическое образование,"Математика, информатика и информационные технологии",Факультет психологии и педагогики,Бакалавриат,Казанский инновационный университет имени В.Г. Тимирясова (ИЭУП),Казань,,15.0,130000.0,,103.0,0.0,Очная,Русский,негосударственный,,0.0,11.775297421715827,0,0,2,1
1093,44.03.01 | Педагогическое образование,"Математика, информатика и информационные технологии",Факультет психологии и педагогики,Бакалавриат,Казанский инновационный университет имени В.Г. Тимирясова (ИЭУП),Казань,,5.0,130000.0,,103.0,0.0,Очная,Русский,негосударственный,,0.0,11.775297421715827,0,0,2,1
1094,44.03.01 | Педагогическое образование,"Математика, информатика и информационные технологии",Факультет психологии и педагогики,Бакалавриат,Казанский инновационный университет имени В.Г. Тимирясова (ИЭУП),Казань,,25.0,74000.0,,103.0,0.0,Заочная,Русский,негосударственный,,0.0,11.211833885608513,0,0,2,1
1095,44.03.01 | Педагогическое образование,"Математика, информатика и информационные технологии",Факультет психологии и педагогики,Бакалавриат,Казанский инновационный университет имени В.Г. Тимирясова (ИЭУП),Казань,,5.0,74000.0,,103.0,0.0,Заочная,Русский,негосударственный,,0.0,11.211833885608513,0,0,2,1
1096,44.03.01 | Педагогическое образование,"Математика, информатика и информационные технологии",Физико-математический факультет ЯГПУ,Бакалавриат,Ярославский государственный педагогический университет им. К.Д. Ушинского,Ярославль,11.0,15.0,54995.0,168.0,,0.0,Заочная,Русский,государственный,26.0,0.4230769230769231,10.915015734297125,0,0,2,1
1097,44.03.01 | Педагогическое образование,"Математика, информатика и информационные технологии",Педагогический институт им. В.Г. Белинского ПГУ,Бакалавриат,Пензенский государственный университет,Пенза,16.0,15.0,127067.0,155.0,124.0,0.0,Очная,Русский,государственный,31.0,0.5161290322580645,11.752477655218454,0,0,0,0
1098,44.03.01 | Педагогическое образование,"Математика, информатика и информационные технологии",Педагогический институт им. В.Г. Белинского ПГУ,Бакалавриат,Пензенский государственный университет,Пенза,10.0,15.0,32400.0,152.0,124.0,0.0,Заочная,Русский,государственный,25.0,0.4,10.385944565501662,0,0,2,1
1099,44.03.01 | Педагогическое образование,"Математика, информатика и информационные технологии",Факультет атомной энергетики и машиностроения ВИТИ НИЯУ МИФИ,Бакалавриат,Волгодонский инженерно-технический институт (филиал НИЯУ МИФИ),Волгодонск,10.0,10.0,135000.0,159.0,121.0,0.0,Очная,Русский,государственный,20.0,0.5,11.813037464800539,0,0,0,0
1100,44.03.01 | Педагогическое образование,"Математика, информатика и информационные технологии",Факультет атомной энергетики и машиностроения ВИТИ НИЯУ МИФИ,Бакалавриат,Волгодонский инженерно-технический институт (филиал НИЯУ МИФИ),Волгодонск,,35.0,30800.0,,,0.0,Заочная,Русский,государственный,,0.0,10.335302435967074,0,0,2,1
1101,44.03.01 | Педагогическое образование,"Математика, информатика и информационные технологии",Факультет Анапского филиала МПГУ,Бакалавриат,Анапский филиал Московского педагогического государственного университета,Анапа,20.0,,,132.0,,0.0,Заочная,Русский,государственный,,0.0,,0,0,2,1
1102,01.03.04 | Прикладная математика,Математическое моделирование,Факультет Фундаментальные науки(ФН),Бакалавриат,Московский государственный технический университет им. Н.Э. Баумана,Москва,40.0,18.0,459000.0,287.0,,0.0,Очная,Русский,государственный,58.0,0.6896551724137931,13.036807667689546,0,0,1,2
1103,01.03.04 | Прикладная математика,Математическое моделирование,Факультет филиала НГТУ в г. Дзержинск,Бакалавриат,Дзержинский политехнический институт (филиал) Нижегородского Государственного Политехнического Университета им. Р.Е. Алексеева,Нижний Нов..,25.0,5.0,146280.0,141.0,118.0,0.0,Очная,Русский,государственный,30.0,0.8333333333333334,11.89328470844449,0,0,0,0
1104,01.03.04 | Прикладная математика,Математическое моделирование,Факультет филиала НГТУ в г. Дзержинск,Бакалавриат,Дзержинский политехнический институт (филиал) Нижегородского Государственного Политехнического Университета им. Р.Е. Алексеева,Нижний Нов..,,3.0,146280.0,,118.0,0.0,Очная,Русский,государственный,,0.0,11.89328470844449,0,0,2,1
1105,01.03.04 | Прикладная математика,Математическое моделирование,Факультет филиала НГТУ в г. Дзержинск,Бакалавриат,Дзержинский политехнический институт (филиал) Нижегородского Государственного Политехнического Университета им. Р.Е. Алексеева,Нижний Нов..,,2.0,146280.0,,118.0,0.0,Очная,Русский,государственный,,0.0,11.89328470844449,0,0,2,1
1106,09.03.02 | Информационные системы и технологии,Информационная безопасность,"Факультет ""О"" Естественнонаучный",Бакалавриат,Балтийский государственный технический университет «ВОЕНМЕХ» имени Д. Ф. Устинова,Санкт-Пете..,25.0,5.0,275800.0,230.0,,0.0,Очная,Русский,государственный,30.0,0.8333333333333334,12.527434870150573,0,0,0,0
1107,09.03.02 | Информационные системы и технологии,Информационная безопасность,Институт системного анализа и управления,Бакалавриат,Государственный университет «Дубна»,Москва,10.0,7.0,240200.0,140.0,119.0,0.0,Очная,Русский,государственный,17.0,0.5882352941176471,12.38923135181669,0,0,0,0
1108,09.03.02 | Информационные системы и технологии,Информационная безопасность,Институт радиоэлектроники и информационных технологий НГТУ им. Алексеева,Бакалавриат,Нижегородский государственный технический университет им. Р.Е. Алексеева,Нижний Нов..,28.0,4.0,165540.0,178.0,119.0,0.0,Очная,Русский,государственный,32.0,0.875,12.016974177257193,0,0,0,0
1109,09.03.02 | Информационные системы и технологии,Информационная безопасность,Факультет ЮУТУ,Бакалавриат,Южно-Уральский технологический университет,Челябинск,,15.0,130000.0,,,0.0,Очная,Русский,негосударственный,,0.0,11.775297421715827,0,0,2,1
1110,09.03.02 | Информационные системы и технологии,Информационная безопасность,Факультет ЮУТУ,Бакалавриат,Южно-Уральский технологический университет,Челябинск,,25.0,60000.0,,,0.0,Заочная,Русский,негосударственный,,0.0,11.002116507732017,0,0,2,1
1111,09.03.02 | Информационные системы и технологии,Информационная безопасность,Факультет автоматизированных информационных технологий,Бакалавриат,Пензенский государственный технологический университет,Пенза,24.0,8.0,144700.0,204.0,,0.0,Очная,Русский,государственный,32.0,0.75,11.88242482344573,0,0,0,0
1112,09.03.02 | Информационные системы и технологии,Информационная безопасность,Политехнический институт ТОГУ,Бакалавриат,Тихоокеанский государственный университет,Хабаровск,25.0,50.0,229000.0,160.0,119.0,0.0,Очная,Русский,государственный,75.0,0.3333333333333333,12.34148164933907,0,0,0,0
1113,09.03.02 | Информационные системы и технологии,Информационная безопасность,Физико-математический факультет ИнГУ,Бакалавриат,Ингушский государственный университет,Магас,21.0,10.0,122900.0,140.0,118.0,0.0,Очная,Русский,государственный,31.0,0.6774193548387096,11.719134432217524,0,0,0,0
1114,09.03.02 | Информационные системы и технологии,Информационные технологии в приборостроении и телекоммуникациях,Институт радиоэлектроники и информационных технологий НГТУ им. Алексеева,Бакалавриат,Нижегородский государственный технический университет им. Р.Е. Алексеева,Нижний Нов..,28.0,4.0,165540.0,178.0,119.0,0.0,Очная,Русский,государственный,32.0,0.875,12.016974177257193,0,0,0,0
1115,09.03.02 | Информационные системы и технологии,Информационные технологии в приборостроении и телекоммуникациях,Институт радиоэлектроники и информационных технологий НГТУ им. Алексеева,Бакалавриат,Нижегородский государственный технический университет им. Р.Е. Алексеева,Нижний Нов..,,10.0,91570.0,,119.0,0.0,Очно-заочная,Русский,государственный,,0.0,11.424869906649334,0,0,2,1
1116,09.03.02 | Информационные системы и технологии,Информационные технологии в приборостроении и телекоммуникациях,Факультет информационных технологий и электроники СарФТИ НИЯУ МИФИ,Бакалавриат,Саровский физико-технический институт (филиал НИЯУ МИФИ),Саров,12.0,10.0,171612.0,231.0,,0.0,Очная,Русский,государственный,22.0,0.5454545454545454,12.052997220742297,0,0,0,0
1117,01.03.04 | Прикладная математика,Математическое моделирование в технике и экономике,Факультет автоматики и вычислительной техники,Бакалавриат,Российский государственный университет нефти и газа им. И.М. Губкина,Москва,23.0,5.0,470000.0,259.0,,0.0,Очная,Русский,государственный,28.0,0.8214285714285714,13.060490101343552,0,0,1,2
1118,01.03.04 | Прикладная математика,Математическое моделирование в технике и экономике,Факультет информационных технологий и управления ЮРГПУ,Бакалавриат,Южно-Российский государственный политехнический университет им. М.И. Платова,Ростов-на-..,25.0,5.0,134970.0,147.0,,0.0,Очная,Русский,государственный,30.0,0.8333333333333334,11.812815219529744,0,0,0,0
1119,01.03.04 | Прикладная математика,Математическое моделирование в технике и экономике,Физико-математический факультет ВГПУ,Бакалавриат,Воронежский государственный педагогический университет,Воронеж,12.0,10.0,133200.0,156.0,120.0,0.0,Очная,Русский,государственный,22.0,0.5454545454545454,11.799614544567753,0,0,0,0
1120,01.03.04 | Прикладная математика,Математическое моделирование в технике и экономике,Политехнический институт ПГУ,Бакалавриат,Пензенский государственный университет,Пенза,15.0,10.0,127067.0,,119.0,0.0,Очная,Русский,государственный,25.0,0.6,11.752477655218454,0,0,0,0
1121,01.03.04 | Прикладная математика,Математическое моделирование в технике и экономике,Институт информатики и телекоммуникаций СибГУ им. М.Ф. Решетнева,Бакалавриат,Сибирский государственный университет науки и технологий имени академика М.Ф. Решетнева,Красноярск,25.0,1.0,220200.0,148.0,119.0,0.0,Очная,Русский,государственный,26.0,0.9615384615384616,12.302296044586472,0,0,0,0
1122,01.03.04 | Прикладная математика,Математическое моделирование в технике и экономике,Факультет информационных систем и технологий УлГТУ,Бакалавриат,Ульяновский государственный технический университет,Ульяновск,15.0,30.0,124150.0,145.0,119.0,0.0,Очная,Русский,государственный,45.0,0.3333333333333333,11.729253845676325,0,0,0,0
1123,01.03.04 | Прикладная математика,Математическое моделирование в технике и экономике,Институт компьютерных наук ЛГТУ,Бакалавриат,Липецкий государственный технический университет,Липецк,40.0,5.0,135497.0,128.0,119.0,0.0,Очная,Русский,государственный,45.0,0.8888888888888888,11.816712159045359,0,0,0,0
1124,09.03.01 | Информатика и вычислительная техника,Интегрированные автоматизированные информационные системы,Факультет автоматики и вычислительной техники,Бакалавриат,Российский государственный университет нефти и газа им. И.М. Губкина,Москва,30.0,8.0,470000.0,254.0,,0.0,Очная,Русский,государственный,38.0,0.7894736842105263,13.060490101343552,0,0,1,2
1125,09.03.01 | Информатика и вычислительная техника,Интегрированные автоматизированные информационные системы,Высшая школа информационных технологий и автоматизированных систем САФУ,Бакалавриат,Северный (Арктический) федеральный университет имени М.В. Ломоносова,Архангельс..,40.0,6.0,220000.0,191.0,,0.0,Очная,Русский,государственный,46.0,0.8695652173913043,12.301387370778713,0,0,0,0
1126,09.03.01 | Информатика и вычислительная техника,Интегрированные автоматизированные информационные системы,Высшая школа информационных технологий и автоматизированных систем САФУ,Бакалавриат,Северный (Арктический) федеральный университет имени М.В. Ломоносова,Архангельс..,15.0,8.0,111000.0,245.0,,0.0,Заочная,Русский,государственный,23.0,0.6521739130434783,11.6172944892629,0,0,0,0
1127,09.03.01 | Информатика и вычислительная техника,Интегрированные автоматизированные информационные системы,Институт судостроения и морской арктической техники Филиал САФУ в г. Северодвинске,Бакалавриат,Северный (Арктический) федеральный университет имени М.В. Ломоносова в г. Северодвинске,Северодвинск,25.0,10.0,255000.0,186.0,,0.0,Очная,Русский,государственный,35.0,0.7142857142857143,12.449022745701502,0,0,0,0
1128,27.03.04 | Управление в технических системах,Информационные технологии в управлении,"Информатика, кибернетика и электроэнергетика МАИ",Бакалавриат,Московский авиационный институт,Москва,23.0,8.0,406210.0,240.0,,0.0,Очная,Русский,государственный,31.0,0.7419354838709677,12.91462800801779,0,0,0,0
1129,27.03.04 | Управление в технических системах,Информационные технологии в управлении,Экономический факультет,Бакалавриат,Санкт-Петербургский Горный университет,Санкт-Пете..,30.0,15.0,800000.0,165.0,119.0,0.0,Очная,Русский,государственный,45.0,0.6666666666666666,13.592368256649284,0,0,1,2
1130,27.03.04 | Управление в технических системах,Информационные технологии в управлении,Институт инфокоммуникационных систем и технологий ТУ им. А.А. Леонова,Бакалавриат,"Технологический университет имени дважды Героя Советского Союза, летчика-космонавта А.А. Леонова",Королёв,,20.0,240110.0,,119.0,0.0,Очная,Русский,государственный,,0.0,12.388856595403968,0,0,0,0
1131,27.03.04 | Управление в технических системах,Информационные технологии в управлении,Факультет компьютерных технологий и информатики СПбГЭТУ,Бакалавриат,Санкт-Петербургский государственный электротехнический университет «ЛЭТИ» им. В.И. Ульянова (Ленина),Санкт-Пете..,43.0,47.0,284000.0,228.0,,0.0,Очная,Русский,государственный,90.0,0.4777777777777778,12.556733038263905,0,0,1,2
1132,27.03.04 | Управление в технических системах,Информационные технологии в управлении,Факультет компьютерных технологий и информатики СПбГЭТУ,Бакалавриат,Санкт-Петербургский государственный электротехнический университет «ЛЭТИ» им. В.И. Ульянова (Ленина),Санкт-Пете..,,25.0,110000.0,,,0.0,Заочная,Русский,государственный,,0.0,11.608244735642321,0,0,2,1
1133,27.03.04 | Управление в технических системах,Информационные технологии в управлении,Факультет информационных технологий и управления ЮРГПУ,Бакалавриат,Южно-Российский государственный политехнический университет им. М.И. Платова,Ростов-на-..,22.0,2.0,153255.0,176.0,,0.0,Очная,Русский,государственный,24.0,0.9166666666666666,11.939865004744936,0,0,0,0
1134,27.03.04 | Управление в технических системах,Информационные технологии в управлении,Факультет автоматики и вычислительной техники ВятГУ,Бакалавриат,Вятский государственный университет,Киров,17.0,13.0,198500.0,179.0,119.0,0.0,Очная,Русский,государственный,30.0,0.5666666666666667,12.198549416880068,0,0,0,0
1135,27.03.04 | Управление в технических системах,Информационные технологии в управлении,Факультет автоматики и вычислительной техники ВятГУ,Бакалавриат,Вятский государственный университет,Киров,,30.0,65208.0,,,0.0,Заочная,Русский,государственный,,0.0,11.085352775198356,0,0,2,1
1136,27.03.04 | Управление в технических системах,Информационные технологии в управлении,Факультет автоматики и вычислительной техники ВятГУ,Бакалавриат,Вятский государственный университет,Киров,,60.0,65208.0,,119.0,0.0,Заочная,Русский,государственный,,0.0,11.085352775198356,0,0,2,1
1137,27.03.04 | Управление в технических системах,Информационные технологии в управлении,Факультет автоматики и вычислительной техники ВятГУ,Бакалавриат,Вятский государственный университет,Киров,,30.0,65208.0,,119.0,0.0,Заочная,Русский,государственный,,0.0,11.085352775198356,0,0,2,1
1138,27.03.04 | Управление в технических системах,Информационные технологии в управлении,"Факультет Выксунский филиал НИТУ ""МИСиС""",Бакалавриат,Выксунский филиал Национального исследовательского технологического университета «МИСИС»,Нижний Нов..,20.0,1.0,165538.0,183.0,118.0,0.0,Очная,Русский,государственный,21.0,0.9523809523809523,12.01696209558509,0,0,0,0
1139,27.03.04 | Управление в технических системах,Информационные технологии в управлении,"Институт информатики, электроники и робототехники КБГУ",Бакалавриат,Кабардино-Балкарский государственный университет им. Х.М. Бербекова,Нальчик,15.0,5.0,155900.0,151.0,118.0,0.0,Очная,Русский,государственный,20.0,0.75,11.956976469393481,0,0,0,0
1140,27.03.04 | Управление в технических системах,Информационные технологии в управлении,Факультет Рязанский филиал МосПолитеха,Бакалавриат,Рязанский институт (филиал) Московского Политехнического университета,Рязань,,40.0,64046.0,,119.0,0.0,Очно-заочная,Русский,государственный,,0.0,11.067372467820434,0,0,2,1
1141,27.03.04 | Управление в технических системах,Информационные технологии в управлении,Факультет компьютерных технологий и энергетики ДГТУ в г. Махачкала,Бакалавриат,Дагестанский государственный технический университет,Махачкала,,5.0,122184.0,,119.0,0.0,Очная,Русский,государственный,,0.0,11.71329156859445,0,0,2,1
1142,27.03.04 | Управление в технических системах,Информационные технологии в управлении,Факультет управления Электростальского института (филиала) Московского Политеха,Бакалавриат,Электростальский институт (филиал) Московского политехнического университета,Электросталь,,40.0,242575.0,,119.0,0.0,Очная,Русский,государственный,,0.0,12.399070342321362,0,0,0,0
1143,27.03.04 | Управление в технических системах,Информационные технологии в управлении,Факультет управления Электростальского института (филиала) Московского Политеха,Бакалавриат,Электростальский институт (филиал) Московского политехнического университета,Электросталь,,40.0,83284.0,,,0.0,Очно-заочная,Русский,государственный,,0.0,11.330023739911208,0,0,2,1
1144,01.03.04 | Прикладная математика,Алгоритмы наукоемкого программного обеспечения,Институт компьютерных наук НИТУ МИСИС,Бакалавриат,Университет науки и технологий МИСИС,Москва,27.0,12.0,349000.0,283.0,,0.0,Очная,Русский,государственный,39.0,0.6923076923076923,12.762830066509972,0,0,1,2
1145,09.03.01 | Информатика и вычислительная техника,Интеллектуальные системы обработки информации и управления,"Факультет Информатика, искусственный интеллект и системы управления (ИУ)",Бакалавриат,Московский государственный технический университет им. Н.Э. Баумана,Москва,52.0,47.0,449000.0,278.0,,0.0,Очная,Русский,государственный,99.0,0.5252525252525253,13.014780393893403,0,0,1,2
1146,09.03.01 | Информатика и вычислительная техника,Интеллектуальные системы обработки информации и управления,Институт компьютерных наук НИТУ МИСИС,Бакалавриат,Университет науки и технологий МИСИС,Москва,9.0,6.0,379000.0,284.0,,0.0,Очная,Русский,государственный,15.0,0.6,12.84529412258351,0,0,0,0
1147,09.03.01 | Информатика и вычислительная техника,Интеллектуальные системы обработки информации и управления,Институт искусственного интеллекта РТУ МИРЭА,Бакалавриат,МИРЭА - Российский технологический университет,Москва,40.0,110.0,324000.0,259.0,,0.0,Очная,Русский,государственный,150.0,0.26666666666666666,12.688501881189456,0,0,1,2
1148,09.03.01 | Информатика и вычислительная техника,Интеллектуальные системы обработки информации и управления,Институт искусственного интеллекта РТУ МИРЭА,Бакалавриат,МИРЭА - Российский технологический университет,Москва,,15.0,324000.0,,119.0,0.0,Очная,Русский,государственный,,0.0,12.688501881189456,0,0,0,0
1149,09.03.01 | Информатика и вычислительная техника,Интеллектуальные системы обработки информации и управления,Институт искусственного интеллекта РТУ МИРЭА,Бакалавриат,МИРЭА - Российский технологический университет,Москва,,15.0,324000.0,,119.0,0.0,Очная,Русский,государственный,,0.0,12.688501881189456,0,0,0,0
1150,09.03.01 | Информатика и вычислительная техника,Интеллектуальные системы обработки информации и управления,Механический факультет МГТУ ГА,Бакалавриат,Московский государственный технический университет гражданской авиации,Москва,,25.0,351000.0,,,0.0,Очная,Русский,государственный,,0.0,12.768544351446794,0,0,0,0
1151,09.03.01 | Информатика и вычислительная техника,Интеллектуальные системы обработки информации и управления,Институт радиоэлектроники и информационных технологий НГТУ им. Алексеева,Бакалавриат,Нижегородский государственный технический университет им. Р.Е. Алексеева,Нижний Нов..,34.0,5.0,165540.0,224.0,119.0,0.0,Очная,Русский,государственный,39.0,0.8717948717948718,12.016974177257193,0,0,0,0
1152,09.03.01 | Информатика и вычислительная техника,Интеллектуальные системы обработки информации и управления,Институт радиоэлектроники и информационных технологий НГТУ им. Алексеева,Бакалавриат,Нижегородский государственный технический университет им. Р.Е. Алексеева,Нижний Нов..,13.0,10.0,75000.0,211.0,119.0,0.0,Заочная,Русский,государственный,23.0,0.5652173913043478,11.225256725762893,0,0,2,1
1153,09.03.01 | Информатика и вычислительная техника,Интеллектуальные системы обработки информации и управления,Институт информационных технологий и анализа данных,Бакалавриат,Иркутский национальный исследовательский технический университет,Иркутск,34.0,68.0,215800.0,209.0,,0.0,Очная,Русский,государственный,102.0,0.3333333333333333,12.282111965715732,0,0,0,0
1154,09.03.01 | Информатика и вычислительная техника,Интеллектуальные системы обработки информации и управления,Институт информатики и телекоммуникаций СибГУ им. М.Ф. Решетнева,Бакалавриат,Сибирский государственный университет науки и технологий имени академика М.Ф. Решетнева,Красноярск,25.0,5.0,247200.0,144.0,119.0,0.0,Очная,Русский,государственный,30.0,0.8333333333333334,12.417957049864935,0,0,0,0
1155,09.03.01 | Информатика и вычислительная техника,Интеллектуальные системы обработки информации и управления,Институт искусственного интеллекта и компьютерных технологий КБГУ,Бакалавриат,Кабардино-Балкарский государственный университет им. Х.М. Бербекова,Нальчик,19.0,5.0,155900.0,206.0,118.0,0.0,Очная,Русский,государственный,24.0,0.7916666666666666,11.956976469393481,0,0,0,0
1156,09.03.01 | Информатика и вычислительная техника,Системы автоматизированного проектирования и информационной поддержки изделий,Факультет Робототехника и комплексная автоматизация(РК),Бакалавриат,Московский государственный технический университет им. Н.Э. Баумана,Москва,63.0,100.0,449000.0,269.0,,0.0,Очная,Русский,государственный,163.0,0.38650306748466257,13.014780393893403,0,0,1,2
1157,09.03.01 | Информатика и вычислительная техника,Системы автоматизированного проектирования и информационной поддержки изделий,Институт управления и цифровых технологий ИУЦТ МИИТ,Бакалавриат,Российский университет транспорта,Москва,35.0,4.0,350000.0,223.0,,0.0,Очная,Русский,государственный,39.0,0.8974358974358975,12.765691290604371,0,0,0,0
1158,09.03.01 | Информатика и вычислительная техника,Системы автоматизированного проектирования и информационной поддержки изделий,Физтех-школа прикладной математики и информатики,Бакалавриат,Московский физико-технический институт (Государственный университет),Москва,30.0,4.0,767000.0,391.0,,0.0,Очная,Русский,государственный,34.0,0.8823529411764706,13.550243384129509,0,0,1,2
1159,09.03.01 | Информатика и вычислительная техника,Системы автоматизированного проектирования и информационной поддержки изделий,Факультет вычислительных систем ТУСУР,Бакалавриат,Томский государственный университет систем управления и радиоэлектроники,Томск,25.0,35.0,198500.0,195.0,,0.0,Очная,Русский,государственный,60.0,0.4166666666666667,12.198549416880068,0,0,0,0
1160,09.03.01 | Информатика и вычислительная техника,Системы автоматизированного проектирования и информационной поддержки изделий,Факультет вычислительных систем ТУСУР,Бакалавриат,Томский государственный университет систем управления и радиоэлектроники,Томск,,70.0,74000.0,,,0.0,Дистанционная,Русский,государственный,,0.0,11.211833885608513,0,0,2,1
1161,09.03.01 | Информатика и вычислительная техника,Системы автоматизированного проектирования и информационной поддержки изделий,Факультет вычислительных систем ТУСУР,Бакалавриат,Томский государственный университет систем управления и радиоэлектроники,Томск,,280.0,74000.0,,124.0,0.0,Дистанционная,Русский,государственный,,0.0,11.211833885608513,0,0,2,1
1162,09.03.01 | Информатика и вычислительная техника,Системы автоматизированного проектирования и информационной поддержки изделий,Факультет вычислительных систем ТУСУР,Бакалавриат,Томский государственный университет систем управления и радиоэлектроники,Томск,,90.0,74000.0,,124.0,0.0,Дистанционная,Русский,государственный,,0.0,11.211833885608513,0,0,2,1
1163,09.03.01 | Информатика и вычислительная техника,Системы автоматизированного проектирования и информационной поддержки изделий,Аэрокосмический институт ОГУ,Бакалавриат,Оренбургский государственный университет,Оренбург,20.0,100.0,175000.0,165.0,,0.0,Очная,Русский,государственный,120.0,0.16666666666666666,12.07254696717504,0,0,0,0
1164,09.03.01 | Информатика и вычислительная техника,Системы автоматизированного проектирования и информационной поддержки изделий,Факультет вычислительной техники РГРТУ,Бакалавриат,Рязанский государственный радиотехнический университет,Рязань,27.0,20.0,169000.0,209.0,,0.0,Очная,Русский,государственный,47.0,0.574468085106383,12.037659911047468,0,0,0,0
1165,09.03.01 | Информатика и вычислительная техника,Системы автоматизированного проектирования и информационной поддержки изделий,Факультет вычислительной техники РГРТУ,Бакалавриат,Рязанский государственный радиотехнический университет,Рязань,,10.0,79000.0,,,0.0,Заочная,Русский,государственный,,0.0,11.277215789596893,0,0,2,1
1166,09.03.01 | Информатика и вычислительная техника,Системы автоматизированного проектирования и информационной поддержки изделий,Политехнический институт ПГУ,Бакалавриат,Пензенский государственный университет,Пенза,22.0,6.0,144645.0,211.0,,0.0,Очная,Русский,государственный,28.0,0.7857142857142857,11.88204465706652,0,0,0,0
1167,09.03.01 | Информатика и вычислительная техника,Системы автоматизированного проектирования и информационной поддержки изделий,Факультет цифровых технологий ПущГЕНИ,Бакалавриат,Пущинский государственный естественно-научный институт,Пущино,16.0,9.0,245000.0,,119.0,0.0,Очная,Русский,государственный,25.0,0.64,12.409017571151187,0,0,0,0
1168,09.03.02 | Информационные системы и технологии,Информационные системы управления технологическими процессами (промышленность),Институт компьютерных наук НИТУ МИСИС,Бакалавриат,Университет науки и технологий МИСИС,Москва,9.0,6.0,379000.0,284.0,,0.0,Очная,Русский,государственный,15.0,0.6,12.84529412258351,0,0,0,0
1169,01.03.04 | Прикладная математика,Прикладная математика,Московский институт электроники и математики им. А.Н.Тихонова,Бакалавриат,Национальный исследовательский университет «Высшая школа экономики»,Москва,80.0,70.0,500000.0,294.0,,0.0,Очная,Русский,государственный,150.0,0.5333333333333333,13.122365377402328,0,0,1,2
1170,01.03.04 | Прикладная математика,Прикладная математика,Факультет автомобильного транспорта МАДИ,Бакалавриат,Московский автомобильно-дорожный государственный технический университет (МАДИ),Москва,25.0,40.0,343800.0,216.0,,0.0,Очная,Русский,государственный,65.0,0.38461538461538464,12.747818280594485,0,0,0,0
1171,01.03.04 | Прикладная математика,Прикладная математика,Институт вычислительной математики и информационных технологий КФУ,Бакалавриат,Казанский (Приволжский) федеральный университет,Казань,50.0,3.0,252000.0,227.0,,0.0,Очная,Русский,государственный,53.0,0.9433962264150944,12.437188334739655,0,0,0,0
1172,01.03.04 | Прикладная математика,Прикладная математика,Институт естественных наук и математики,Бакалавриат,Уральский федеральный университет имени первого Президента России Б. Н. Ельцина,Екатеринбург,25.0,6.0,241000.0,218.0,119.0,0.0,Очная,Русский,государственный,31.0,0.8064516129032258,12.392556361841777,0,0,0,0
1173,01.03.04 | Прикладная математика,Прикладная математика,Институт космических и информационных технологий СФУ,Бакалавриат,Сибирский федеральный университет,Красноярск,25.0,3.0,222000.0,189.0,,0.0,Очная,Русский,государственный,28.0,0.8928571428571429,12.310437165348775,0,0,0,0
1174,09.03.01 | Информатика и вычислительная техника,Программное обеспечение и интеллектуальные системы,Факультет компьютерных технологий и информатики СПбГЭТУ,Бакалавриат,Санкт-Петербургский государственный электротехнический университет «ЛЭТИ» им. В.И. Ульянова (Ленина),Санкт-Пете..,100.0,80.0,284000.0,251.0,,0.0,Очная,Русский,государственный,180.0,0.5555555555555556,12.556733038263905,0,0,1,2
1175,09.03.01 | Информатика и вычислительная техника,Программное обеспечение и интеллектуальные системы,Факультет информационных технологий и управления ЮРГПУ,Бакалавриат,Южно-Российский государственный политехнический университет им. М.И. Платова,Ростов-на-..,25.0,5.0,153255.0,204.0,,0.0,Очная,Русский,государственный,30.0,0.8333333333333334,11.939865004744936,0,0,0,0
1176,09.03.01 | Информатика и вычислительная техника,Программное обеспечение и интеллектуальные системы,Факультет информационных технологий и управления ЮРГПУ,Бакалавриат,Южно-Российский государственный политехнический университет им. М.И. Платова,Ростов-на-..,30.0,35.0,49500.0,186.0,,0.0,Заочная,Русский,государственный,65.0,0.46153846153846156,10.809748150372926,0,0,2,1
1177,09.03.01 | Информатика и вычислительная техника,Программное обеспечение и интеллектуальные системы,Факультет информационных технологий управления,Бакалавриат,Ростовский государственный университет путей сообщения,Ростов-на-..,20.0,45.0,170000.0,216.0,,0.0,Очная,Русский,государственный,65.0,0.3076923076923077,12.04355959836804,0,0,0,0
1178,09.03.01 | Информатика и вычислительная техника,Программное обеспечение и интеллектуальные системы,Факультет инновационных технологий ТУСУР,Бакалавриат,Томский государственный университет систем управления и радиоэлектроники,Томск,20.0,10.0,198500.0,195.0,,0.0,Очная,Русский,государственный,30.0,0.6666666666666666,12.198549416880068,0,0,0,0
1179,09.03.01 | Информатика и вычислительная техника,Программное обеспечение и интеллектуальные системы,Факультет автоматизированных информационных технологий,Бакалавриат,Пензенский государственный технологический университет,Пенза,20.0,5.0,42000.0,265.0,,0.0,Заочная,Русский,государственный,25.0,0.8,10.645448706505872,0,0,2,1
1180,09.03.01 | Информатика и вычислительная техника,Программное обеспечение и интеллектуальные системы,Институт информатики и телекоммуникаций СибГУ им. М.Ф. Решетнева,Бакалавриат,Сибирский государственный университет науки и технологий имени академика М.Ф. Решетнева,Красноярск,25.0,5.0,246000.0,191.0,,0.0,Очная,Русский,государственный,30.0,0.8333333333333334,12.413090879946887,0,0,0,0
1181,09.03.01 | Информатика и вычислительная техника,Программное обеспечение и интеллектуальные системы,Институт информатики и телекоммуникаций СибГУ им. М.Ф. Решетнева,Бакалавриат,Сибирский государственный университет науки и технологий имени академика М.Ф. Решетнева,Красноярск,25.0,4.0,72800.0,146.0,,0.0,Очно-заочная,Русский,государственный,29.0,0.8620689655172413,11.195484970354173,0,0,0,0
1182,09.03.01 | Информатика и вычислительная техника,Программное обеспечение и интеллектуальные системы,Институт прикладной математики и компьютерных наук ТулГУ,Бакалавриат,Тульский государственный университет,Тула,50.0,20.0,170000.0,190.0,,0.0,Очная,Русский,государственный,70.0,0.7142857142857143,12.04355959836804,0,0,0,0
1183,09.03.01 | Информатика и вычислительная техника,Программное обеспечение средств вычислительной техники и автоматизированных систем,"Информатика, кибернетика и электроэнергетика МАИ",Бакалавриат,Московский авиационный институт,Москва,25.0,5.0,406210.0,253.0,,0.0,Очная,Русский,государственный,30.0,0.8333333333333334,12.91462800801779,0,0,0,0
1184,09.03.01 | Информатика и вычислительная техника,Программное обеспечение средств вычислительной техники и автоматизированных систем,Институт микроприборов и систем управления имени Л.Н. Преснухина МИЭТ,Бакалавриат,Национальный исследовательский университет «МИЭТ»,Москва,80.0,20.0,348000.0,242.0,,0.0,Очная,Русский,государственный,100.0,0.8,12.759960632315702,0,0,1,2
1185,09.03.01 | Информатика и вычислительная техника,Программное обеспечение средств вычислительной техники и автоматизированных систем,Инженерный факультет Академия гражданской защиты МЧС России,Бакалавриат,"Академия гражданской защиты Министерства Российской Федерации по делам гражданской обороны, чрезвычайным ситуациям и ликвидации последствий стихийных бедствий имени генерал-лейтенанта Д.И.Михайлика",Москва,20.0,10.0,200000.0,,99.0,0.0,Очная,Русский,государственный,30.0,0.6666666666666666,12.206077645517674,0,0,0,0
1186,09.03.01 | Информатика и вычислительная техника,Программное обеспечение средств вычислительной техники и автоматизированных систем,Факультет цифровых промышленных технологий СПбГМТУ,Бакалавриат,"Санкт-Петербургский государственный морской технический университет ""Корабелка""",Санкт-Пете..,29.0,10.0,266200.0,224.0,,0.0,Очная,Русский,государственный,39.0,0.7435897435897436,12.492006941510096,0,0,0,0
1187,09.03.01 | Информатика и вычислительная техника,Программное обеспечение средств вычислительной техники и автоматизированных систем,Факультет автоматизации и интеллектуальных технологий ПГУПС,Бакалавриат,Петербургский государственный университет путей сообщения императора Александра I,Санкт-Пете..,50.0,50.0,266100.0,222.0,,0.0,Очная,Русский,государственный,100.0,0.5,12.491631214944439,0,0,1,2
1188,09.03.01 | Информатика и вычислительная техника,Программное обеспечение средств вычислительной техники и автоматизированных систем,Факультет автоматики и вычислительной техники НГТУ,Бакалавриат,Новосибирский государственный технический университет,Новосибирс..,72.0,47.0,185700.0,237.0,,0.0,Очная,Русский,государственный,119.0,0.6050420168067226,12.131893132355916,0,0,1,2
1189,09.03.01 | Информатика и вычислительная техника,Программное обеспечение средств вычислительной техники и автоматизированных систем,Факультет автоматики и вычислительной техники НГТУ,Бакалавриат,Новосибирский государственный технический университет,Новосибирс..,35.0,65.0,82300.0,236.0,,0.0,Заочная,Русский,государственный,100.0,0.35,11.31813853725963,0,0,2,1
1190,09.03.01 | Информатика и вычислительная техника,Программное обеспечение средств вычислительной техники и автоматизированных систем,Институт информатики и вычислительной техники СибГУТИ,Бакалавриат,Сибирский государственный университет телекоммуникаций и информатики,Новосибирс..,83.0,30.0,160000.0,196.0,,0.0,Очная,Русский,государственный,113.0,0.7345132743362832,11.982935344196433,0,0,1,2
1191,09.03.01 | Информатика и вычислительная техника,Программное обеспечение средств вычислительной техники и автоматизированных систем,Институт информатики и вычислительной техники СибГУТИ,Бакалавриат,Сибирский государственный университет телекоммуникаций и информатики,Новосибирс..,5.0,20.0,59000.0,264.0,,0.0,Заочная,Русский,государственный,25.0,0.2,10.985309671896763,0,0,2,1
1192,09.03.01 | Информатика и вычислительная техника,Программное обеспечение средств вычислительной техники и автоматизированных систем,Институт информатики и вычислительной техники СибГУТИ,Бакалавриат,Сибирский государственный университет телекоммуникаций и информатики,Новосибирс..,,135.0,69000.0,,99.0,0.0,Дистанционная,Русский,государственный,,0.0,11.141876276228,0,0,2,1
1193,09.03.01 | Информатика и вычислительная техника,Программное обеспечение средств вычислительной техники и автоматизированных систем,Институт цифровых технологий управления и информационной безопасности УрГЭУ,Бакалавриат,Уральский государственный экономический университет,Екатеринбург,30.0,50.0,190000.0,210.0,,0.0,Очная,Русский,государственный,80.0,0.375,12.154784614286667,0,0,0,0
1194,09.03.01 | Информатика и вычислительная техника,Программное обеспечение средств вычислительной техники и автоматизированных систем,Институт цифровых технологий управления и информационной безопасности УрГЭУ,Бакалавриат,Уральский государственный экономический университет,Екатеринбург,,50.0,63000.0,,,0.0,Очно-заочная,Русский,государственный,,0.0,11.050905878263567,0,0,2,1
1195,09.03.01 | Информатика и вычислительная техника,Программное обеспечение средств вычислительной техники и автоматизированных систем,Институт цифровых технологий управления и информационной безопасности УрГЭУ,Бакалавриат,Уральский государственный экономический университет,Екатеринбург,20.0,200.0,66000.0,190.0,,0.0,Заочная,Русский,государственный,220.0,0.09090909090909091,11.097425172408931,0,0,2,1
1196,09.03.01 | Информатика и вычислительная техника,Программное обеспечение средств вычислительной техники и автоматизированных систем,Институт радиоэлектроники и информационных технологий НГТУ им. Алексеева,Бакалавриат,Нижегородский государственный технический университет им. Р.Е. Алексеева,Нижний Нов..,33.0,5.0,165540.0,224.0,119.0,0.0,Очная,Русский,государственный,38.0,0.868421052631579,12.016974177257193,0,0,0,0
1197,09.03.01 | Информатика и вычислительная техника,Программное обеспечение средств вычислительной техники и автоматизированных систем,Институт радиоэлектроники и информационных технологий НГТУ им. Алексеева,Бакалавриат,Нижегородский государственный технический университет им. Р.Е. Алексеева,Нижний Нов..,12.0,10.0,75000.0,211.0,119.0,0.0,Заочная,Русский,государственный,22.0,0.5454545454545454,11.225256725762893,0,0,2,1
1198,09.03.01 | Информатика и вычислительная техника,Программное обеспечение средств вычислительной техники и автоматизированных систем,Институт радиоэлектроники и информационных технологий НГТУ им. Алексеева,Бакалавриат,Нижегородский государственный технический университет им. Р.Е. Алексеева,Нижний Нов..,,13.0,91570.0,,119.0,0.0,Очно-заочная,Русский,государственный,,0.0,11.424869906649334,0,0,2,1
1199,09.03.01 | Информатика и вычислительная техника,Программное обеспечение средств вычислительной техники и автоматизированных систем,Институт энергетики и автоматизированных систем МГТУ им. Носова,Бакалавриат,Магнитогорский государственный технический университет им. Г.И. Носова,Магнитогорск,25.0,5.0,179000.0,205.0,119.0,0.0,Очная,Русский,государственный,30.0,0.8333333333333334,12.095146671399466,0,0,0,0
1200,09.03.01 | Информатика и вычислительная техника,Программное обеспечение средств вычислительной техники и автоматизированных систем,Институт энергетики и автоматизированных систем МГТУ им. Носова,Бакалавриат,Магнитогорский государственный технический университет им. Г.И. Носова,Магнитогорск,,40.0,77000.0,,119.0,0.0,Заочная,Русский,государственный,,0.0,11.251573687764477,0,0,2,1
1201,09.03.01 | Информатика и вычислительная техника,Программное обеспечение средств вычислительной техники и автоматизированных систем,"Институт цифровых систем, автоматизации и энергетики (IT-институт) УГНТУ",Бакалавриат,Уфимский государственный нефтяной технический университет,Уфа,35.0,30.0,168000.0,232.0,,0.0,Очная,Русский,государственный,65.0,0.5384615384615384,12.031725210748633,0,0,0,0
1202,09.03.01 | Информатика и вычислительная техника,Программное обеспечение средств вычислительной техники и автоматизированных систем,Факультет информационных технологий АлтГТУ,Бакалавриат,Алтайский государственный технический университет им. И.И. Ползунова,Барнаул,50.0,10.0,170000.0,185.0,,0.0,Очная,Русский,государственный,60.0,0.8333333333333334,12.04355959836804,0,0,0,0
1203,09.03.01 | Информатика и вычислительная техника,Программное обеспечение средств вычислительной техники и автоматизированных систем,Факультет информационных технологий АлтГТУ,Бакалавриат,Алтайский государственный технический университет им. И.И. Ползунова,Барнаул,15.0,15.0,90000.0,201.0,,0.0,Заочная,Русский,государственный,30.0,0.5,11.407576060361786,0,0,2,1
1204,09.03.01 | Информатика и вычислительная техника,Программное обеспечение средств вычислительной техники и автоматизированных систем,Инженерная школа информационных технологий и робототехники ТПУ,Бакалавриат,Национальный исследовательский Томский политехнический университет,Томск,39.0,5.0,208000.0,226.0,,0.0,Очная,Русский,государственный,44.0,0.8863636363636364,12.245298166364206,0,0,0,0
1205,09.03.01 | Информатика и вычислительная техника,Программное обеспечение средств вычислительной техники и автоматизированных систем,Факультет систем управления ТУСУР,Бакалавриат,Томский государственный университет систем управления и радиоэлектроники,Томск,75.0,40.0,198500.0,195.0,124.0,0.0,Очная,Русский,государственный,115.0,0.6521739130434783,12.198549416880068,0,0,1,2
1206,09.03.01 | Информатика и вычислительная техника,Программное обеспечение средств вычислительной техники и автоматизированных систем,Факультет систем управления ТУСУР,Бакалавриат,Томский государственный университет систем управления и радиоэлектроники,Томск,,70.0,74000.0,,,0.0,Дистанционная,Русский,государственный,,0.0,11.211833885608513,0,0,2,1
1207,09.03.01 | Информатика и вычислительная техника,Программное обеспечение средств вычислительной техники и автоматизированных систем,Факультет систем управления ТУСУР,Бакалавриат,Томский государственный университет систем управления и радиоэлектроники,Томск,,280.0,74000.0,,124.0,0.0,Дистанционная,Русский,государственный,,0.0,11.211833885608513,0,0,2,1
1208,09.03.01 | Информатика и вычислительная техника,Программное обеспечение средств вычислительной техники и автоматизированных систем,Факультет систем управления ТУСУР,Бакалавриат,Томский государственный университет систем управления и радиоэлектроники,Томск,,90.0,74000.0,,124.0,0.0,Дистанционная,Русский,государственный,,0.0,11.211833885608513,0,0,2,1
1209,09.03.01 | Информатика и вычислительная техника,Программное обеспечение средств вычислительной техники и автоматизированных систем,Политехнический институт ПГУ,Бакалавриат,Пензенский государственный университет,Пенза,22.0,6.0,144645.0,211.0,,0.0,Очная,Русский,государственный,28.0,0.7857142857142857,11.88204465706652,0,0,0,0
1210,09.03.01 | Информатика и вычислительная техника,Программное обеспечение средств вычислительной техники и автоматизированных систем,Институт информационных технологий и телекоммуникаций СКФУ,Бакалавриат,Северо-Кавказский федеральный университет,Ставрополь,25.0,10.0,180000.0,157.0,,0.0,Очная,Русский,государственный,35.0,0.7142857142857143,12.100717685412471,0,0,0,0
1211,09.03.01 | Информатика и вычислительная техника,Программное обеспечение средств вычислительной техники и автоматизированных систем,"Факультет филиала НИУ ""МЭИ"" в Смоленске",Бакалавриат,Смоленский филиал Национального исследовательского университета «МЭИ»,Смоленск,16.0,8.0,150000.0,180.0,119.0,0.0,Очная,Русский,государственный,24.0,0.6666666666666666,11.918397239722838,0,0,0,0
1212,09.03.01 | Информатика и вычислительная техника,Программное обеспечение средств вычислительной техники и автоматизированных систем,"Факультет филиала НИУ ""МЭИ"" в Смоленске",Бакалавриат,Смоленский филиал Национального исследовательского университета «МЭИ»,Смоленск,,38.0,60000.0,,,0.0,Заочная,Русский,государственный,,0.0,11.002116507732017,0,0,2,1
1213,09.03.01 | Информатика и вычислительная техника,Программное обеспечение средств вычислительной техники и автоматизированных систем,Факультет Филиала «Протвино» Государственного университета «Дубна»,Бакалавриат,Филиал «Протвино» Государственного университета «Дубна»,Москва,,15.0,240200.0,,119.0,0.0,Очная,Русский,государственный,,0.0,12.38923135181669,0,0,0,0
1214,09.03.01 | Информатика и вычислительная техника,Программное обеспечение средств вычислительной техники и автоматизированных систем,Факультет Филиала «Протвино» Государственного университета «Дубна»,Бакалавриат,Филиал «Протвино» Государственного университета «Дубна»,Москва,,25.0,71400.0,,,0.0,Заочная,Русский,государственный,,0.0,11.17606715383184,0,0,2,1
1215,09.03.01 | Информатика и вычислительная техника,Программное обеспечение средств вычислительной техники и автоматизированных систем,Факультет высшего профессионального образования ХИИК СибГУТИ,Бакалавриат,Хабаровский институт инфокоммуникаций (филиал СибГУТИ),Хабаровск,20.0,32.0,214620.0,222.0,,0.0,Очная,Русский,государственный,52.0,0.38461538461538464,12.276628960868269,0,0,0,0
1216,09.03.01 | Информатика и вычислительная техника,Программное обеспечение средств вычислительной техники и автоматизированных систем,Факультет высшего профессионального образования ХИИК СибГУТИ,Бакалавриат,Хабаровский институт инфокоммуникаций (филиал СибГУТИ),Хабаровск,,80.0,96200.0,,,0.0,Заочная,Русский,государственный,,0.0,11.474195031610165,0,0,2,1
1217,09.03.01 | Информатика и вычислительная техника,Программное обеспечение средств вычислительной техники и автоматизированных систем,Факультет высшего профессионального образования БИИК СибГУТИ,Бакалавриат,Бурятский институт инфокоммуникаций (филиал СибГУТИ),Улан-Удэ,15.0,10.0,173562.0,134.0,99.0,0.0,Очная,Русский,государственный,25.0,0.6,12.064295924851631,0,0,0,0
1218,09.03.01 | Информатика и вычислительная техника,Программное обеспечение средств вычислительной техники и автоматизированных систем,Факультет высшего профессионального образования БИИК СибГУТИ,Бакалавриат,Бурятский институт инфокоммуникаций (филиал СибГУТИ),Улан-Удэ,,20.0,67925.0,,,0.0,Заочная,Русский,государственный,,0.0,11.126174156306165,0,0,2,1
1219,09.03.01 | Информатика и вычислительная техника,Программное обеспечение средств вычислительной техники и автоматизированных систем,Факультет филиала ОГУ в г. Орск,Бакалавриат,Орский гуманитарно-технологический институт (филиал) Оренбургского государственного университета,Орск,15.0,100.0,159100.0,210.0,,0.0,Очная,Русский,государственный,115.0,0.13043478260869565,11.977294499661248,0,0,2,1
1220,09.03.01 | Информатика и вычислительная техника,Программное обеспечение средств вычислительной техники и автоматизированных систем,Факультет филиала ОГУ в г. Орск,Бакалавриат,Орский гуманитарно-технологический институт (филиал) Оренбургского государственного университета,Орск,,100.0,55000.0,,,0.0,Заочная,Русский,государственный,,0.0,10.915106645867503,0,0,2,1
1221,09.03.01 | Информатика и вычислительная техника,Программное обеспечение средств вычислительной техники и автоматизированных систем,Институт информатики и телекоммуникаций СибГУ им. М.Ф. Решетнева,Бакалавриат,Сибирский государственный университет науки и технологий имени академика М.Ф. Решетнева,Красноярск,,25.0,247200.0,,119.0,0.0,Очная,Русский,государственный,,0.0,12.417957049864935,0,0,0,0
1222,09.03.01 | Информатика и вычислительная техника,Программное обеспечение средств вычислительной техники и автоматизированных систем,Институт информатики и телекоммуникаций СибГУ им. М.Ф. Решетнева,Бакалавриат,Сибирский государственный университет науки и технологий имени академика М.Ф. Решетнева,Красноярск,15.0,10.0,62000.0,,119.0,0.0,Заочная,Русский,государственный,25.0,0.6,11.034905792929415,0,0,2,1
1223,09.03.01 | Информатика и вычислительная техника,Программное обеспечение средств вычислительной техники и автоматизированных систем,Факультет информационных технологий и математики НВГУ,Бакалавриат,Нижневартовский государственный университет,Нижневартовск,38.0,10.0,329000.0,172.0,,0.0,Очная,Русский,государственный,48.0,0.7916666666666666,12.703816069256568,0,0,0,0
1224,09.03.01 | Информатика и вычислительная техника,Программное обеспечение средств вычислительной техники и автоматизированных систем,Факультет информационных технологий и математики НВГУ,Бакалавриат,Нижневартовский государственный университет,Нижневартовск,,50.0,79000.0,,,0.0,Заочная,Русский,государственный,,0.0,11.277215789596893,0,0,2,1
1225,09.03.01 | Информатика и вычислительная техника,Программное обеспечение средств вычислительной техники и автоматизированных систем,Институт электронных и информационных систем НовГУ,Бакалавриат,Новгородский государственный университет имени Ярослава Мудрого,Великий Но..,40.0,2.0,160000.0,203.0,119.0,0.0,Очная,Русский,государственный,42.0,0.9523809523809523,11.982935344196433,0,0,0,0
1226,09.03.01 | Информатика и вычислительная техника,Программное обеспечение средств вычислительной техники и автоматизированных систем,Институт электронных и информационных систем НовГУ,Бакалавриат,Новгородский государственный университет имени Ярослава Мудрого,Великий Но..,,7.0,120000.0,,,0.0,Заочная,Русский,государственный,,0.0,11.695255355062795,0,0,2,1
1227,09.03.01 | Информатика и вычислительная техника,Программное обеспечение средств вычислительной техники и автоматизированных систем,Факультет ИФ ГУАП,Бакалавриат,Ивангородский гуманитарно-технический институт (филиал) ГУАП,Санкт-Пете..,25.0,5.0,210000.0,252.0,,0.0,Очная,Русский,государственный,30.0,0.8333333333333334,12.25486757159303,0,0,0,0
1228,09.03.01 | Информатика и вычислительная техника,Программное обеспечение средств вычислительной техники и автоматизированных систем,Факультет ИФ ГУАП,Бакалавриат,Ивангородский гуманитарно-технический институт (филиал) ГУАП,Санкт-Пете..,15.0,10.0,110000.0,236.0,,0.0,Очно-заочная,Русский,государственный,25.0,0.6,11.608244735642321,0,0,0,0
1229,09.03.01 | Информатика и вычислительная техника,Программное обеспечение средств вычислительной техники и автоматизированных систем,"Факультет информационных технологий, экономики и управления КамчатГТУ",Бакалавриат,Камчатский государственный технический университет,Петропавло..,13.0,10.0,415155.0,121.0,99.0,0.0,Очная,Русский,государственный,23.0,0.5652173913043478,12.93640963219323,0,0,0,0
1230,09.03.01 | Информатика и вычислительная техника,Программное обеспечение средств вычислительной техники и автоматизированных систем,"Факультет информационных технологий, экономики и управления КамчатГТУ",Бакалавриат,Камчатский государственный технический университет,Петропавло..,,20.0,88855.0,,99.0,0.0,Заочная,Русский,государственный,,0.0,11.394772360846956,0,0,2,1
1231,09.03.01 | Информатика и вычислительная техника,Программное обеспечение средств вычислительной техники и автоматизированных систем,Факультет информационных технологий БГТУ,Бакалавриат,Брянский государственный технический университет,Брянск,72.0,5.0,139850.0,180.0,,0.0,Очная,Русский,государственный,77.0,0.935064935064935,11.848332849122954,0,0,0,0
1232,09.03.01 | Информатика и вычислительная техника,Программное обеспечение средств вычислительной техники и автоматизированных систем,nan,nan,nan,Мурманск,,,,,,,nan,nan,nan,,0.0,,0,0,2,1
1233,09.03.01 | Информатика и вычислительная техника,Программное обеспечение средств вычислительной техники и автоматизированных систем,Институт интеллектуальных систем и цифровых технологий МАУ,Бакалавриат,Мурманский арктический университет,Мурманск,,12.0,115000.0,,,0.0,Заочная,Русский,государственный,,0.0,11.652696102959753,0,0,2,1
1234,09.03.01 | Информатика и вычислительная техника,Программное обеспечение средств вычислительной техники и автоматизированных систем,"Институт математики, естественных и компьютерных наук ВоГУ",Бакалавриат,Вологодский государственный университет,Вологда,25.0,5.0,173940.0,175.0,,0.0,Очная,Русский,государственный,30.0,0.8333333333333334,12.066471440236118,0,0,0,0
1235,09.03.01 | Информатика и вычислительная техника,Программное обеспечение средств вычислительной техники и автоматизированных систем,"Институт математики, естественных и компьютерных наук ВоГУ",Бакалавриат,Вологодский государственный университет,Вологда,,75.0,58790.0,,,0.0,Заочная,Русский,государственный,,0.0,10.981744060947165,0,0,2,1
1236,09.03.01 | Информатика и вычислительная техника,Программное обеспечение средств вычислительной техники и автоматизированных систем,Физико-математический факультет КЧГУ имени У.Д. Алиева,Бакалавриат,Карачаево-Черкесский государственный университет имени У.Д. Алиева,Карачаевск,20.0,10.0,134000.0,144.0,119.0,0.0,Очная,Русский,государственный,30.0,0.6666666666666666,11.80560254159177,0,0,0,0
1237,09.03.01 | Информатика и вычислительная техника,Программное обеспечение средств вычислительной техники и автоматизированных систем,Факультет информатики и вычислительной техники ЧувГУ,Бакалавриат,Чувашский государственный университет имени И.Н. Ульянова,Чебоксары,55.0,6.0,140830.0,188.0,,0.0,Очная,Русский,государственный,61.0,0.9016393442622951,11.855315868926667,0,0,0,0
1238,09.03.01 | Информатика и вычислительная техника,Программное обеспечение средств вычислительной техники и автоматизированных систем,Факультет информатики и вычислительной техники ЧувГУ,Бакалавриат,Чувашский государственный университет имени И.Н. Ульянова,Чебоксары,,10.0,43000.0,,119.0,0.0,Очно-заочная,Русский,государственный,,0.0,10.668978650219241,0,0,2,1
1239,09.03.01 | Информатика и вычислительная техника,Программное обеспечение средств вычислительной техники и автоматизированных систем,Факультет компьютерных технологий КнАГУ,Бакалавриат,Комсомольский-на-Амуре государственный университет,Комсомольс..,20.0,30.0,78000.0,169.0,,0.0,Заочная,Русский,государственный,50.0,0.4,11.264476926102367,0,0,2,1
1240,09.03.01 | Информатика и вычислительная техника,Программное обеспечение средств вычислительной техники и автоматизированных систем,Факультет компьютерных технологий КнАГУ,Бакалавриат,Комсомольский-на-Амуре государственный университет,Комсомольс..,20.0,20.0,253000.0,166.0,119.0,0.0,Очная,Русский,государственный,40.0,0.5,12.441148720271016,0,0,0,0
1241,09.03.01 | Информатика и вычислительная техника,Программное обеспечение средств вычислительной техники и автоматизированных систем,Факультет Филиал СибГУ в г. Лесосибирске,Бакалавриат,Лесосибирский филиал Сибирский государственный университет науки и технологий имени академика М.Ф. Решетнева,Лесосибирс..,,25.0,247200.0,,119.0,0.0,Очная,Русский,государственный,,0.0,12.417957049864935,0,0,0,0
1242,09.03.01 | Информатика и вычислительная техника,Программное обеспечение средств вычислительной техники и автоматизированных систем,Факультет Филиал СибГУ в г. Лесосибирске,Бакалавриат,Лесосибирский филиал Сибирский государственный университет науки и технологий имени академика М.Ф. Решетнева,Лесосибирс..,15.0,10.0,62000.0,202.0,,0.0,Заочная,Русский,государственный,25.0,0.6,11.034905792929415,0,0,2,1
1243,09.03.01 | Информатика и вычислительная техника,Программное обеспечение средств вычислительной техники и автоматизированных систем,Инженерно-технологический институт ХГУ,Бакалавриат,Хакасский государственный университет им. Н.Ф. Катанова,Абакан,52.0,8.0,190000.0,164.0,,0.0,Очная,Русский,государственный,60.0,0.8666666666666667,12.154784614286667,0,0,0,0
1244,09.03.01 | Информатика и вычислительная техника,Программное обеспечение средств вычислительной техники и автоматизированных систем,Энергетический факультет ЗабГУ,Бакалавриат,Забайкальский государственный университет,Чита,25.0,12.0,198000.0,151.0,,0.0,Очная,Русский,государственный,37.0,0.6756756756756757,12.19602736016897,0,0,0,0
1245,09.03.01 | Информатика и вычислительная техника,Программное обеспечение средств вычислительной техники и автоматизированных систем,Энергетический факультет ЗабГУ,Бакалавриат,Забайкальский государственный университет,Чита,,50.0,70000.0,,,0.0,Заочная,Русский,государственный,,0.0,11.156264806643742,0,0,2,1
1246,09.03.01 | Информатика и вычислительная техника,Программное обеспечение средств вычислительной техники и автоматизированных систем,"Институт информационных технологий, точных и естественных наук ШГПУ",Бакалавриат,Шадринский государственный педагогический университет,Шадринск,13.0,13.0,162600.0,143.0,120.0,0.0,Очная,Русский,государственный,26.0,0.5,11.999054626138436,0,0,0,0
1247,09.03.01 | Информатика и вычислительная техника,Программное обеспечение средств вычислительной техники и автоматизированных систем,Факультет информационных технологии и социально-экономических наук ДИТИ НИЯУ МИФИ,Бакалавриат,Димитровградский инженерно-технологический институт (филиал НИЯУ МИФИ),Димитровград,20.0,5.0,146600.0,149.0,,0.0,Очная,Русский,государственный,25.0,0.8,11.895469889693825,0,0,0,0
1248,09.03.01 | Информатика и вычислительная техника,Программное обеспечение средств вычислительной техники и автоматизированных систем,Факультет информационных технологии и социально-экономических наук ДИТИ НИЯУ МИФИ,Бакалавриат,Димитровградский инженерно-технологический институт (филиал НИЯУ МИФИ),Димитровград,,12.0,70000.0,,119.0,0.0,Очно-заочная,Русский,государственный,,0.0,11.156264806643742,0,0,2,1
1249,09.03.01 | Информатика и вычислительная техника,Программное обеспечение средств вычислительной техники и автоматизированных систем,Факультет информационных технологии и социально-экономических наук ДИТИ НИЯУ МИФИ,Бакалавриат,Димитровградский инженерно-технологический институт (филиал НИЯУ МИФИ),Димитровград,,12.0,60000.0,,,0.0,Заочная,Русский,государственный,,0.0,11.002116507732017,0,0,2,1
1250,09.03.01 | Информатика и вычислительная техника,Программное обеспечение средств вычислительной техники и автоматизированных систем,Факультет Чебоксарского института (филиала) Московского политехнического университета,Бакалавриат,Чебоксарский институт (филиал) Московского политехнического университета,Чебоксары,30.0,40.0,140827.0,171.0,,0.0,Очная,Русский,государственный,70.0,0.42857142857142855,11.855294566571692,0,0,0,0
1251,09.03.01 | Информатика и вычислительная техника,Программное обеспечение средств вычислительной техники и автоматизированных систем,Факультет Чебоксарского института (филиала) Московского политехнического университета,Бакалавриат,Чебоксарский институт (филиал) Московского политехнического университета,Чебоксары,5.0,80.0,36000.0,218.0,,0.0,Заочная,Русский,государственный,85.0,0.058823529411764705,10.491301994830229,0,0,2,1
1252,09.03.01 | Информатика и вычислительная техника,Программное обеспечение средств вычислительной техники и автоматизированных систем,Факультет ОТИ НИЯУ МИФИ,Бакалавриат,Озерский технологический институт (филиал НИЯУ МИФИ),Озерск,10.0,10.0,170000.0,186.0,,0.0,Очная,Русский,государственный,20.0,0.5,12.04355959836804,0,0,0,0
1253,09.03.01 | Информатика и вычислительная техника,Программное обеспечение средств вычислительной техники и автоматизированных систем,Факультет Коломенского филиала Московского политеха,Бакалавриат,Коломенский институт (филиал) Московского политехнического университета,Коломна,20.0,20.0,243110.0,206.0,,0.0,Очная,Русский,государственный,40.0,0.5,12.401273408149294,0,0,0,0
1254,09.03.01 | Информатика и вычислительная техника,Программное обеспечение средств вычислительной техники и автоматизированных систем,Факультет Филиал РТУ МИРЭА в г. Ставрополе,Бакалавриат,Ставропольский филиал Российского технологического университета МИРЭА,Ставрополь,15.0,15.0,140000.0,171.0,,0.0,Очная,Русский,государственный,30.0,0.5,11.849404844423074,0,0,0,0
1255,09.03.01 | Информатика и вычислительная техника,Программное обеспечение средств вычислительной техники и автоматизированных систем,Факультет Филиал РТУ МИРЭА в г. Ставрополе,Бакалавриат,Ставропольский филиал Российского технологического университета МИРЭА,Ставрополь,,15.0,140000.0,,119.0,0.0,Очная,Русский,государственный,,0.0,11.849404844423074,0,0,2,1
1256,09.03.01 | Информатика и вычислительная техника,Программное обеспечение средств вычислительной техники и автоматизированных систем,Факультет Филиал РТУ МИРЭА в г. Ставрополе,Бакалавриат,Ставропольский филиал Российского технологического университета МИРЭА,Ставрополь,15.0,45.0,45000.0,173.0,,0.0,Очно-заочная,Русский,государственный,60.0,0.25,10.714439990727769,0,0,2,1
1257,09.03.01 | Информатика и вычислительная техника,Программное обеспечение средств вычислительной техники и автоматизированных систем,Факультет Филиал РТУ МИРЭА в г. Ставрополе,Бакалавриат,Ставропольский филиал Российского технологического университета МИРЭА,Ставрополь,,15.0,45000.0,,119.0,0.0,Очно-заочная,Русский,государственный,,0.0,10.714439990727769,0,0,2,1
1258,09.03.01 | Информатика и вычислительная техника,Программное обеспечение средств вычислительной техники и автоматизированных систем,Факультет Филиал РТУ МИРЭА в г. Ставрополе,Бакалавриат,Ставропольский филиал Российского технологического университета МИРЭА,Ставрополь,,15.0,140000.0,,119.0,0.0,Очная,Русский,государственный,,0.0,11.849404844423074,0,0,2,1
1259,09.03.01 | Информатика и вычислительная техника,Программное обеспечение средств вычислительной техники и автоматизированных систем,Факультет Филиал РТУ МИРЭА в г. Ставрополе,Бакалавриат,Ставропольский филиал Российского технологического университета МИРЭА,Ставрополь,,15.0,45000.0,,119.0,0.0,Очно-заочная,Русский,государственный,,0.0,10.714439990727769,0,0,2,1
1260,09.03.01 | Информатика и вычислительная техника,Программное обеспечение средств вычислительной техники и автоматизированных систем,"Факультет техники, технологии и управления БФ ПНИПУ",Бакалавриат,Березниковский филиал Пермского национального исследовательского политехнического университета,Березники,20.0,5.0,180000.0,184.0,,0.0,Очная,Русский,государственный,25.0,0.8,12.100717685412471,0,0,0,0
1261,09.03.01 | Информатика и вычислительная техника,Программное обеспечение средств вычислительной техники и автоматизированных систем,Факультет КТИ ЮРГПУ,Бакалавриат,Каменский технологический институт (филиал) Южно-Российского государственного политехнического университета (НПИ) им. М.И. Платова,Каменск-Ша..,10.0,5.0,153225.0,192.0,119.0,0.0,Очная,Русский,государственный,15.0,0.6666666666666666,11.939669234682775,0,0,0,0
1262,09.03.01 | Информатика и вычислительная техника,Программное обеспечение средств вычислительной техники и автоматизированных систем,Факультет КТИ ЮРГПУ,Бакалавриат,Каменский технологический институт (филиал) Южно-Российского государственного политехнического университета (НПИ) им. М.И. Платова,Каменск-Ша..,,35.0,58512.0,,,0.0,Заочная,Русский,государственный,,0.0,10.977004230754469,0,0,2,1
1263,09.03.01 | Информатика и вычислительная техника,Программное обеспечение средств вычислительной техники и автоматизированных систем,Факультет ЭТИ СГТУ,Бакалавриат,Энгельсский технологический институт (филиал) СГТУ,Энгельс,10.0,25.0,68380.0,,119.0,0.0,Заочная,Русский,государственный,35.0,0.2857142857142857,11.132850287245471,0,0,2,1
1264,01.03.02 | Прикладная математика и информатика,"Анализ, порождение и преобразование программного кода","Факультет Информатика, искусственный интеллект и системы управления (ИУ)",Бакалавриат,Московский государственный технический университет им. Н.Э. Баумана,Москва,34.0,22.0,549000.0,298.0,,0.0,Очная,Русский,государственный,56.0,0.6071428571428571,13.215855541983634,0,0,1,2
1265,01.03.02 | Прикладная математика и информатика,"Анализ, порождение и преобразование программного кода",Космический факультет МГУЛ,Бакалавриат,Московский государственный университет леса (Мытищинский филиал МГТУ им. Н. Э. Баумана),Москва,17.0,7.0,459000.0,,135.0,0.0,Очная,Русский,государственный,24.0,0.7083333333333334,13.036807667689546,0,0,0,0
1266,01.03.04 | Прикладная математика,Математическое моделирование в науке и технике,Факультет цифровых промышленных технологий СПбГМТУ,Бакалавриат,"Санкт-Петербургский государственный морской технический университет ""Корабелка""",Санкт-Пете..,3.0,20.0,238500.0,243.0,,0.0,Очная,Русский,государственный,23.0,0.13043478260869565,12.38212878217386,0,0,0,0
1267,02.03.01 | Математика и компьютерные науки,Математическое и компьютерное моделирование в экономике,Факультет Фундаментальные науки(ФН),Бакалавриат,Московский государственный технический университет им. Н.Э. Баумана,Москва,10.0,8.0,459000.0,281.0,,0.0,Очная,Русский,государственный,18.0,0.5555555555555556,13.036807667689546,0,0,1,2
1268,02.03.01 | Математика и компьютерные науки,Математическое и компьютерное моделирование в аэрокосмической технике,Факультет Фундаментальные науки(ФН),Бакалавриат,Московский государственный технический университет им. Н.Э. Баумана,Москва,10.0,8.0,459000.0,281.0,,0.0,Очная,Русский,государственный,18.0,0.5555555555555556,13.036807667689546,0,0,1,2
1269,09.03.03 | Прикладная информатика,Информационная аналитика,Факультет Социально-гуманитарные науки(СГН),Бакалавриат,Московский государственный технический университет им. Н.Э. Баумана,Москва,49.0,65.0,399000.0,280.0,,0.0,Очная,Русский,государственный,114.0,0.4298245614035088,12.896719202134523,0,0,1,2
1270,09.03.03 | Прикладная информатика,Информационная аналитика,Институт компьютерных наук НИТУ МИСИС,Бакалавриат,Университет науки и технологий МИСИС,Москва,10.0,11.0,379000.0,284.0,,0.0,Очная,Русский,государственный,21.0,0.47619047619047616,12.84529412258351,0,0,0,0
1271,09.03.03 | Прикладная информатика,Информационная аналитика,Институт информационных систем управления,Бакалавриат,Государственный университет управления,Москва,,48.0,347000.0,,,0.0,Очная,Русский,государственный,,0.0,12.757082940769225,0,0,0,0
1272,09.03.03 | Прикладная информатика,Информационная аналитика,Школа перспективных исследований ТюмГУ,Бакалавриат,Тюменский государственный университет,Тюмень,15.0,15.0,355951.0,217.0,145.0,0.0,Очная,Русский,государственный,30.0,0.5,12.782551169282915,0,0,0,0
1273,09.03.03 | Прикладная информатика,Программно-технические средства информатизации,Факультет высшего образования МТИ,Бакалавриат,Московский технологический институт МосТех,Москва,,150.0,295000.0,,99.0,0.0,Очная,Русский,негосударственный,,0.0,12.59473402514672,0,0,0,0
1274,09.03.03 | Прикладная информатика,Программно-технические средства информатизации,Факультет высшего образования МТИ,Бакалавриат,Московский технологический институт МосТех,Москва,,443.0,80000.0,,99.0,0.0,Дистанционная,Русский,негосударственный,,0.0,11.289794413577894,0,0,2,1
1275,09.03.03 | Прикладная информатика,Программно-технические средства информатизации,Инженерно-технологический институт Брянского ГАУ,Бакалавриат,Брянский государственный аграрный университет,Брянск,,12.0,137100.0,,,0.0,Очная,Русский,государственный,,0.0,11.82847315946983,0,0,2,1
1276,09.03.03 | Прикладная информатика,Программно-технические средства информатизации,Инженерно-технологический институт Брянского ГАУ,Бакалавриат,Брянский государственный аграрный университет,Брянск,,7.0,50000.0,,,0.0,Заочная,Русский,государственный,,0.0,10.819798284210286,0,0,2,1
1277,09.03.03 | Прикладная информатика,Программно-технические средства информатизации,Факультет информатики и управления Калужского филиала МГТУ им. Н.Э. Баумана,Бакалавриат,Московский государственный технический университет имени Н.Э. Баумана (Калужский филиал),Калуга,21.0,10.0,219000.0,218.0,,0.0,Очная,Русский,государственный,31.0,0.6774193548387096,12.296831574998258,0,0,0,0
1278,15.03.03 | Прикладная механика,Математическое и компьютерное моделирование механических систем и процессов,Факультет Робототехника и комплексная автоматизация(РК),Бакалавриат,Московский государственный технический университет им. Н.Э. Баумана,Москва,20.0,8.0,439000.0,269.0,135.0,0.0,Очная,Русский,государственный,28.0,0.7142857142857143,12.992256969959042,0,0,1,2
1279,15.03.03 | Прикладная механика,Математическое и компьютерное моделирование механических систем и процессов,"Факультет ""Е"" Оружие и системы вооружения",Бакалавриат,Балтийский государственный технический университет «ВОЕНМЕХ» имени Д. Ф. Устинова,Санкт-Пете..,20.0,10.0,266200.0,197.0,,0.0,Очная,Русский,государственный,30.0,0.6666666666666666,12.492006941510096,0,0,0,0
1280,15.03.03 | Прикладная механика,Математическое и компьютерное моделирование механических систем и процессов,Технологический институт ТИУ,Бакалавриат,Тюменский индустриальный университет,Тюмень,24.0,6.0,241300.0,189.0,,0.0,Очная,Русский,государственный,30.0,0.8,12.39380039582335,0,0,0,0
1281,09.03.03 | Прикладная информатика,Прикладная информатика в информационной сфере,Факультет Информационных технологий МТУСИ,Бакалавриат,Московский технический университет связи и информатики,Москва,30.0,200.0,375000.0,270.0,,0.0,Очная,Русский,государственный,230.0,0.13043478260869565,12.834683971615659,0,0,1,2
1282,09.03.03 | Прикладная информатика,Прикладная информатика в информационной сфере,Российская открытая академия транспорта (МИИТ),Бакалавриат,Российский университет транспорта,Москва,,70.0,104000.0,,,0.0,Заочная,Русский,государственный,,0.0,11.552155793461898,0,0,2,1
1283,09.03.03 | Прикладная информатика,Прикладная информатика в информационной сфере,Институт компьютерных наук и кибербезопасности СПбПУ,Бакалавриат,Санкт-Петербургский политехнический университет Петра Великого,Санкт-Пете..,44.0,30.0,360000.0,279.0,,0.0,Очная,Русский,государственный,74.0,0.5945945945945946,12.793862088206213,0,0,1,2
1284,09.03.03 | Прикладная информатика,Прикладная информатика в информационной сфере,Институт компьютерных наук и кибербезопасности СПбПУ,Бакалавриат,Санкт-Петербургский политехнический университет Петра Великого,Санкт-Пете..,,50.0,124000.0,,,0.0,Заочная,Русский,государственный,,0.0,11.728044909070785,0,0,2,1
1285,09.03.03 | Прикладная информатика,Прикладная информатика в информационной сфере,Институт информационных технологий и программирования ГУАП,Бакалавриат,Санкт-Петербургский государственный университет аэрокосмического приборостроения,Санкт-Пете..,90.0,10.0,290000.0,247.0,,0.0,Очная,Русский,государственный,100.0,0.9,12.577639650232573,0,0,1,2
1286,09.03.03 | Прикладная информатика,Прикладная информатика в информационной сфере,Институт информационных технологий и программирования ГУАП,Бакалавриат,Санкт-Петербургский государственный университет аэрокосмического приборостроения,Санкт-Пете..,17.0,10.0,96000.0,266.0,,0.0,Заочная,Русский,государственный,27.0,0.6296296296296297,11.472113887062386,0,0,2,1
1287,09.03.03 | Прикладная информатика,Прикладная информатика в информационной сфере,Институт информационных технологий и программирования ГУАП,Бакалавриат,Санкт-Петербургский государственный университет аэрокосмического приборостроения,Санкт-Пете..,15.0,,,219.0,,0.0,Очно-заочная,Русский,государственный,,0.0,,0,0,2,1
1288,09.03.03 | Прикладная информатика,Прикладная информатика в информационной сфере,Факультет экономики и управления СИБУПК,Бакалавриат,Сибирский университет потребительской кооперации,Новосибирс..,,20.0,149000.0,,,0.0,Очная,Русский,негосударственный,,0.0,11.91170829631447,0,0,2,1
1289,09.03.03 | Прикладная информатика,Прикладная информатика в информационной сфере,Факультет экономики и управления СИБУПК,Бакалавриат,Сибирский университет потребительской кооперации,Новосибирс..,,30.0,79000.0,,,0.0,Заочная,Русский,негосударственный,,0.0,11.277215789596893,0,0,2,1
1290,09.03.03 | Прикладная информатика,Прикладная информатика в информационной сфере,Факультет «Авиастроение» ДГТУ,Бакалавриат,Донской государственный технический университет,Ростов-на-..,43.0,20.0,153300.0,200.0,119.0,0.0,Очная,Русский,государственный,63.0,0.6825396825396826,11.940158587995837,0,0,0,0
1291,09.03.03 | Прикладная информатика,Прикладная информатика в информационной сфере,Факультет «Авиастроение» ДГТУ,Бакалавриат,Донской государственный технический университет,Ростов-на-..,15.0,100.0,55000.0,213.0,,0.0,Заочная,Русский,государственный,115.0,0.13043478260869565,10.915106645867503,0,0,2,1
1292,09.03.03 | Прикладная информатика,Прикладная информатика в информационной сфере,Факультет «Авиастроение» ДГТУ,Бакалавриат,Донской государственный технический университет,Ростов-на-..,20.0,20.0,75000.0,180.0,,0.0,Очно-заочная,Русский,государственный,40.0,0.5,11.225256725762893,0,0,2,1
1293,09.03.03 | Прикладная информатика,Прикладная информатика в информационной сфере,Факультет информатики и вычислительной техники ИГЭУ имени В.И. Ленина,Бакалавриат,Ивановский государственный энергетический университет имени В.И. Ленина,Иваново,42.0,20.0,141200.0,224.0,,0.0,Очная,Русский,государственный,62.0,0.6774193548387096,11.857939686169175,0,0,0,0
1294,09.03.03 | Прикладная информатика,Прикладная информатика в информационной сфере,"Факультет экономики, менеджмента и информационных технологий КИПУ имени Февзи Якубова",Бакалавриат,Крымский инженерно-педагогический университет имени Февзи Якубова,Симферопол..,40.0,40.0,140120.0,175.0,99.0,0.0,Очная,Русский,государственный,80.0,0.5,11.850261614025895,0,0,0,0
1295,09.03.03 | Прикладная информатика,Прикладная информатика в информационной сфере,"Факультет экономики, менеджмента и информационных технологий КИПУ имени Февзи Якубова",Бакалавриат,Крымский инженерно-педагогический университет имени Февзи Якубова,Симферопол..,,25.0,78800.0,,99.0,0.0,Заочная,Русский,государственный,,0.0,11.274680966120778,0,0,2,1
1296,09.03.03 | Прикладная информатика,Прикладная информатика в информационной сфере,Факультет высшего образования АФ КНИТУ-КАИ,Бакалавриат,Альметьевский филиал Казанского национального исследовательского технического университета им. А.Н.Туполева-КАИ,Альметьевс..,17.0,10.0,173735.0,209.0,,0.0,Очная,Русский,государственный,27.0,0.6296296296296297,12.065292184641088,0,0,0,0
1297,09.03.03 | Прикладная информатика,Прикладная информатика в информационной сфере,Факультет высшего образования АФ КНИТУ-КАИ,Бакалавриат,Альметьевский филиал Казанского национального исследовательского технического университета им. А.Н.Туполева-КАИ,Альметьевс..,,25.0,61000.0,,,0.0,Заочная,Русский,государственный,,0.0,11.0186455364637,0,0,2,1
1298,09.03.03 | Прикладная информатика,Прикладная информатика в информационной сфере,Факультет физики и математики Бирского филиала УУНиТ,Бакалавриат,Бирский филиал Уфимского университета науки и технологий,Бирск,10.0,20.0,167700.0,187.0,119.0,0.0,Очная,Русский,государственный,30.0,0.3333333333333333,12.02993791082274,0,0,0,0
1299,09.03.03 | Прикладная информатика,Прикладная информатика в информационной сфере,Факультет физики и математики Бирского филиала УУНиТ,Бакалавриат,Бирский филиал Уфимского университета науки и технологий,Бирск,,25.0,50000.0,,,0.0,Заочная,Русский,государственный,,0.0,10.819798284210286,0,0,2,1
1300,09.03.03 | Прикладная информатика,Прикладная информатика в информационной сфере,Факультет физики и математики Бирского филиала УУНиТ,Бакалавриат,Бирский филиал Уфимского университета науки и технологий,Бирск,,20.0,52100.0,,119.0,0.0,Очно-заочная,Русский,государственный,,0.0,10.860939421415225,0,0,2,1
1301,09.03.03 | Прикладная информатика,Прикладная информатика в информационной сфере,Факультет физики и математики Бирского филиала УУНиТ,Бакалавриат,Бирский филиал Уфимского университета науки и технологий,Бирск,,25.0,167700.0,,119.0,0.0,Очная,Русский,государственный,,0.0,12.02993791082274,0,0,2,1
1302,09.03.03 | Прикладная информатика,Прикладная информатика в информационной сфере,Факультет физики и математики Бирского филиала УУНиТ,Бакалавриат,Бирский филиал Уфимского университета науки и технологий,Бирск,,30.0,52100.0,,119.0,0.0,Очно-заочная,Русский,государственный,,0.0,10.860939421415225,0,0,2,1
1303,09.03.03 | Прикладная информатика,Прикладная информатика в информационной сфере,Факультет физики и математики Бирского филиала УУНиТ,Бакалавриат,Бирский филиал Уфимского университета науки и технологий,Бирск,,30.0,50000.0,,119.0,0.0,Заочная,Русский,государственный,,0.0,10.819798284210286,0,0,2,1
1304,09.03.03 | Прикладная информатика,Прикладная информатика в информационной сфере,Факультет физики и математики Бирского филиала УУНиТ,Бакалавриат,Бирский филиал Уфимского университета науки и технологий,Бирск,,25.0,167700.0,,119.0,0.0,Очная,Русский,государственный,,0.0,12.02993791082274,0,0,2,1
1305,09.03.03 | Прикладная информатика,Прикладная информатика в информационной сфере,Факультет физики и математики Бирского филиала УУНиТ,Бакалавриат,Бирский филиал Уфимского университета науки и технологий,Бирск,,30.0,52100.0,,119.0,0.0,Очно-заочная,Русский,государственный,,0.0,10.860939421415225,0,0,2,1
1306,09.03.03 | Прикладная информатика,Прикладная информатика в информационной сфере,Факультет физики и математики Бирского филиала УУНиТ,Бакалавриат,Бирский филиал Уфимского университета науки и технологий,Бирск,,30.0,50000.0,,119.0,0.0,Заочная,Русский,государственный,,0.0,10.819798284210286,0,0,2,1
1307,09.03.03 | Прикладная информатика,Прикладная информатика в информационной сфере,Экономико-математический факультет Нефтекамского филиала УУНиТ,Бакалавриат,Нефтекамский филиал Уфимского университета науки и технологий,Нефтекамск,,5.0,68000.0,,119.0,0.0,Заочная,Русский,государственный,,0.0,11.127277689932466,0,0,2,1
1308,09.03.03 | Прикладная информатика,Прикладная информатика в информационной сфере,Экономико-математический факультет Нефтекамского филиала УУНиТ,Бакалавриат,Нефтекамский филиал Уфимского университета науки и технологий,Нефтекамск,,20.0,68000.0,,119.0,0.0,Заочная,Русский,государственный,,0.0,11.127277689932466,0,0,2,1
1309,09.03.03 | Прикладная информатика,Прикладная информатика в информационной сфере,Экономико-математический факультет Нефтекамского филиала УУНиТ,Бакалавриат,Нефтекамский филиал Уфимского университета науки и технологий,Нефтекамск,,10.0,68000.0,,119.0,0.0,Заочная,Русский,государственный,,0.0,11.127277689932466,0,0,2,1
1310,38.03.01 | Экономика,Экономика и статистика,Факультет экономических наук НИУ ВШЭ,Бакалавриат,Национальный исследовательский университет «Высшая школа экономики»,Москва,35.0,135.0,660000.0,,,0.0,Очная,Русский,государственный,170.0,0.20588235294117646,13.399996629152975,0,0,1,2
1311,01.03.02 | Прикладная математика и информатика,Математическое моделирование и компьютерные технологии,Институт информационных и вычислительных технологий НИУ МЭИ,Бакалавриат,Национальный исследовательский университет «МЭИ»,Москва,40.0,15.0,350000.0,256.0,,0.0,Очная,Русский,государственный,55.0,0.7272727272727273,12.765691290604371,0,0,1,2
1312,01.03.02 | Прикладная математика и информатика,Математическое моделирование и компьютерные технологии,Физико-механический институт СПбПУ,Бакалавриат,Санкт-Петербургский политехнический университет Петра Великого,Санкт-Пете..,26.0,8.0,302000.0,271.0,,0.0,Очная,Русский,государственный,34.0,0.7647058823529411,12.618185607609803,0,0,0,0
1313,01.03.02 | Прикладная математика и информатика,Математическое моделирование и компьютерные технологии,Институт системного анализа и управления,Бакалавриат,Государственный университет «Дубна»,Москва,,15.0,214800.0,,,0.0,Очная,Русский,государственный,,0.0,12.277467297099491,0,0,0,0
1314,01.03.02 | Прикладная математика и информатика,Математическое моделирование и компьютерные технологии,Факультет прикладной математики и информатики НГТУ,Бакалавриат,Новосибирский государственный технический университет,Новосибирс..,120.0,30.0,183000.0,228.0,,0.0,Очная,Русский,государственный,150.0,0.8,12.117246896289503,0,0,1,2
1315,01.03.02 | Прикладная математика и информатика,Математическое моделирование и компьютерные технологии,Механико-математический факультет НГУ,Бакалавриат,Новосибирский национальный исследовательский государственный университет,Новосибирс..,5.0,2.0,210000.0,222.0,,0.0,Очная,Русский,государственный,7.0,0.7142857142857143,12.25486757159303,0,0,0,0
1316,01.03.02 | Прикладная математика и информатика,Математическое моделирование и компьютерные технологии,Институт радиоэлектроники и информационных технологий НГТУ им. Алексеева,Бакалавриат,Нижегородский государственный технический университет им. Р.Е. Алексеева,Нижний Нов..,38.0,5.0,146280.0,219.0,119.0,0.0,Очная,Русский,государственный,43.0,0.8837209302325582,11.89328470844449,0,0,0,0
1317,01.03.02 | Прикладная математика и информатика,Математическое моделирование и компьютерные технологии,Факультет прикладной математики и механики ПНИПУ,Бакалавриат,Пермский национальный исследовательский политехнический университет,Пермь,29.0,5.0,154900.0,190.0,,0.0,Очная,Русский,государственный,34.0,0.8529411764705882,11.950541482162043,0,0,0,0
1318,01.03.02 | Прикладная математика и информатика,Математическое моделирование и компьютерные технологии,Механико-математический факультет СГУ им. Чернышевского,Бакалавриат,Саратовский национальный исследовательский государственный университет имени Н.Г. Чернышевского,Саратов,23.0,5.0,119052.0,180.0,,0.0,Очная,Русский,государственный,28.0,0.8214285714285714,11.687324051093517,0,0,0,0
1319,01.03.02 | Прикладная математика и информатика,Математическое моделирование и компьютерные технологии,Физико-математический факультет СмолГУ,Бакалавриат,Смоленский государственный университет,Смоленск,30.0,50.0,133000.0,176.0,,0.0,Очная,Русский,государственный,80.0,0.375,11.798111925972618,0,0,0,0
1320,01.03.02 | Прикладная математика и информатика,Математическое моделирование и компьютерные технологии,Факультет цифровых технологий ПущГЕНИ,Бакалавриат,Пущинский государственный естественно-научный институт,Пущино,7.0,18.0,215000.0,,119.0,0.0,Очная,Русский,государственный,25.0,0.28,12.278397958261774,0,0,0,0
1321,01.03.02 | Прикладная математика и информатика,Математическое и информационное обеспечение экономической деятельности,Факультет прикладной математики и механики ПНИПУ,Бакалавриат,Пермский национальный исследовательский политехнический университет,Пермь,23.0,5.0,154900.0,191.0,,0.0,Очная,Русский,государственный,28.0,0.8214285714285714,11.950541482162043,0,0,0,0
1322,01.03.02 | Прикладная математика и информатика,Математическое и информационное обеспечение экономической деятельности,Механико-математический факультет СГУ им. Чернышевского,Бакалавриат,Саратовский национальный исследовательский государственный университет имени Н.Г. Чернышевского,Саратов,22.0,5.0,119052.0,180.0,,0.0,Очная,Русский,государственный,27.0,0.8148148148148148,11.687324051093517,0,0,0,0
1323,01.03.02 | Прикладная математика и информатика,Математическое и информационное обеспечение экономической деятельности,Институт математики и компьютерных технологий ДВФУ,Бакалавриат,Дальневосточный федеральный университет,Владивосто..,20.0,,,192.0,,0.0,Очная,Русский,государственный,,0.0,,0,0,2,1
1324,01.03.02 | Прикладная математика и информатика,Математическое и информационное обеспечение экономической деятельности,Факультет компьютерных технологий и энергетики ДГТУ в г. Махачкала,Бакалавриат,Дагестанский государственный технический университет,Махачкала,13.0,3.0,106410.0,184.0,,0.0,Очная,Русский,государственный,16.0,0.8125,11.575064234004627,0,0,0,0
1325,01.03.02 | Прикладная математика и информатика,Математическое и информационное обеспечение экономической деятельности,Факультет ВФ ВолГУ,Бакалавриат,Волжский филиал Волгоградского государственного университета,Волжский,25.0,9.0,135000.0,136.0,119.0,0.0,Очная,Русский,государственный,34.0,0.7352941176470589,11.813037464800539,0,0,0,0
1326,01.03.02 | Прикладная математика и информатика,Биоинформатика,Физико-механический институт СПбПУ,Бакалавриат,Санкт-Петербургский политехнический университет Петра Великого,Санкт-Пете..,28.0,9.0,302000.0,271.0,,0.0,Очная,Русский,государственный,37.0,0.7567567567567568,12.618185607609803,0,0,0,0
1327,01.03.02 | Прикладная математика и информатика,Биоинформатика,Высшая школа технологии и энергетики СПбГУПТД,Бакалавриат,Санкт-Петербургский государственный университет промышленных технологий и дизайна,Санкт-Пете..,,14.0,200000.0,,,0.0,Очная,Русский,государственный,,0.0,12.206077645517674,0,0,0,0
1328,01.03.03 | Механика и математическое моделирование,Механика и математическое моделирование сред с микроструктурой,Физико-механический институт СПбПУ,Бакалавриат,Санкт-Петербургский политехнический университет Петра Великого,Санкт-Пете..,26.0,8.0,302000.0,259.0,,0.0,Очная,Русский,государственный,34.0,0.7647058823529411,12.618185607609803,0,0,0,0
1329,01.03.03 | Механика и математическое моделирование,Биомеханика и медицинская инженерия,"Передовая инженерная школа ""Интеллектуальные системы тераностики"" Первый МГМУ им. И.М. Сеченова",Бакалавриат,Первый Московский государственный медицинский университет имени И.М. Сеченова Министерства здравоохранения Российской Федерации (Сеченовский Университет),Москва,20.0,40.0,330000.0,203.0,110.0,0.0,Очная,Русский,государственный,60.0,0.3333333333333333,12.706850963741102,0,0,0,0
1330,01.03.03 | Механика и математическое моделирование,Биомеханика и медицинская инженерия,Физико-механический институт СПбПУ,Бакалавриат,Санкт-Петербургский политехнический университет Петра Великого,Санкт-Пете..,26.0,8.0,302000.0,259.0,,0.0,Очная,Русский,государственный,34.0,0.7647058823529411,12.618185607609803,0,0,0,0
1331,02.03.01 | Математика и компьютерные науки,"Вычислительные, программные, информационные системы и компьютерные технологии",Механико-математический факультет НГУ,Бакалавриат,Новосибирский национальный исследовательский государственный университет,Новосибирс..,8.0,4.0,210000.0,239.0,,0.0,Очная,Русский,государственный,12.0,0.6666666666666666,12.25486757159303,0,0,0,0
1332,02.03.01 | Математика и компьютерные науки,"Вычислительные, программные, информационные системы и компьютерные технологии",Факультет математики и компьютерных наук КубГУ,Бакалавриат,Кубанский государственный университет,Краснодар,20.0,6.0,170000.0,197.0,,0.0,Очная,Русский,государственный,26.0,0.7692307692307693,12.04355959836804,0,0,0,0
1333,02.03.01 | Математика и компьютерные науки,"Вычислительные, программные, информационные системы и компьютерные технологии",Факультет математики и компьютерных наук имени профессора Н.И. Червякова СКФУ,Бакалавриат,Северо-Кавказский федеральный университет,Ставрополь,24.0,2.0,167000.0,179.0,,0.0,Очная,Русский,государственный,26.0,0.9230769230769231,12.025755079404917,0,0,0,0
1334,09.03.04 | Программная инженерия,Технология разработки и сопровождения качественного программного продукта,Факультет Информационных технологий МТУСИ,Бакалавриат,Московский технический университет связи и информатики,Москва,70.0,250.0,380000.0,278.0,,0.0,Очная,Русский,государственный,320.0,0.21875,12.847929163278053,0,0,1,2
1335,09.03.04 | Программная инженерия,Технология разработки и сопровождения качественного программного продукта,Институт компьютерных наук и кибербезопасности СПбПУ,Бакалавриат,Санкт-Петербургский политехнический университет Петра Великого,Санкт-Пете..,108.0,125.0,360000.0,284.0,,0.0,Очная,Русский,государственный,233.0,0.463519313304721,12.793862088206213,0,0,1,2
1336,09.03.04 | Программная инженерия,Технология разработки и сопровождения качественного программного продукта,Институт компьютерных систем и информационной безопасности КубГТУ,Бакалавриат,Кубанский государственный технологический университет,Краснодар,20.0,35.0,197000.0,236.0,,0.0,Очная,Русский,государственный,55.0,0.36363636363636365,12.190964083849375,0,0,0,0
1337,09.03.04 | Программная инженерия,Технология разработки и сопровождения качественного программного продукта,Институт компьютерных систем и информационной безопасности КубГТУ,Бакалавриат,Кубанский государственный технологический университет,Краснодар,5.0,38.0,74816.0,236.0,,0.0,Заочная,Русский,государственный,43.0,0.11627906976744186,11.222800410867308,0,0,2,1
1338,09.03.04 | Программная инженерия,Технология разработки и сопровождения качественного программного продукта,Институт информационных технологий и телекоммуникаций СКФУ,Бакалавриат,Северо-Кавказский федеральный университет,Ставрополь,24.0,5.0,200000.0,214.0,119.0,0.0,Очная,Русский,государственный,29.0,0.8275862068965517,12.206077645517674,0,0,0,0
1339,09.03.04 | Программная инженерия,Технология разработки и сопровождения качественного программного продукта,Институт информатики и телекоммуникаций СибГУ им. М.Ф. Решетнева,Бакалавриат,Сибирский государственный университет науки и технологий имени академика М.Ф. Решетнева,Красноярск,50.0,6.0,246000.0,197.0,119.0,0.0,Очная,Русский,государственный,56.0,0.8928571428571429,12.413090879946887,0,0,0,0
1340,09.03.04 | Программная инженерия,Технология разработки и сопровождения качественного программного продукта,Институт информатики и телекоммуникаций СибГУ им. М.Ф. Решетнева,Бакалавриат,Сибирский государственный университет науки и технологий имени академика М.Ф. Решетнева,Красноярск,20.0,10.0,67600.0,234.0,,0.0,Заочная,Русский,государственный,30.0,0.6666666666666666,11.121378054821049,0,0,2,1
1341,38.03.04 | Государственное и муниципальное управление,Организация государственного и муниципального управления,Факультет подготовки специалистов для судебной системы РГУП,Бакалавриат,Российский государственный университет правосудия имени В.М. Лебедева,Москва,,50.0,129000.0,,,0.0,Очно-заочная,Русский,государственный,,0.0,11.767575435251748,0,0,2,1
1342,38.03.04 | Государственное и муниципальное управление,Организация государственного и муниципального управления,Факультет экономики и управления МГЭИ,Бакалавриат,Московский гуманитарно-экономический университет,Москва,,15.0,174000.0,,100.0,0.0,Очная,Русский,негосударственный,,0.0,12.066816325306588,0,0,2,1
1343,38.03.04 | Государственное и муниципальное управление,Организация государственного и муниципального управления,Факультет экономики и управления МГЭИ,Бакалавриат,Московский гуманитарно-экономический университет,Москва,,15.0,100000.0,,100.0,0.0,Очно-заочная,Русский,негосударственный,,0.0,11.51293546492023,0,0,2,1
1344,38.03.04 | Государственное и муниципальное управление,Организация государственного и муниципального управления,Факультет экономики и управления МГЭИ,Бакалавриат,Московский гуманитарно-экономический университет,Москва,,10.0,92000.0,,100.0,0.0,Заочная,Русский,негосударственный,,0.0,11.429554725537322,0,0,2,1
1345,38.03.04 | Государственное и муниципальное управление,Организация государственного и муниципального управления,"Институт промышленного менеджмента, экономики и торговли СПбПУ",Бакалавриат,Санкт-Петербургский политехнический университет Петра Великого,Санкт-Пете..,12.0,5.0,302000.0,254.0,,0.0,Очная,Русский,государственный,17.0,0.7058823529411765,12.618185607609803,0,0,0,0
1346,38.03.04 | Государственное и муниципальное управление,Организация государственного и муниципального управления,Факультет высшего профессионального образования МУБиНТ,Бакалавриат,Международная академия бизнеса и новых технологий (МУБиНТ),Ярославль,,35.0,144400.0,,,0.0,Очная,Русский,негосударственный,,0.0,11.88034943062464,0,0,2,1
1347,38.03.04 | Государственное и муниципальное управление,Организация государственного и муниципального управления,Факультет высшего профессионального образования МУБиНТ,Бакалавриат,Международная академия бизнеса и новых технологий (МУБиНТ),Ярославль,,150.0,65000.0,,,0.0,Очно-заочная,Русский,негосударственный,,0.0,11.082157933374816,0,0,2,1
1348,38.03.04 | Государственное и муниципальное управление,Организация государственного и муниципального управления,Факультет высшего профессионального образования МУБиНТ,Бакалавриат,Международная академия бизнеса и новых технологий (МУБиНТ),Ярославль,,30.0,55000.0,,100.0,0.0,Заочная,Русский,негосударственный,,0.0,10.915106645867503,0,0,2,1
1349,38.03.04 | Государственное и муниципальное управление,Организация государственного и муниципального управления,"Институт менеджмента, экономики и агротехнологий ХГУ",Бакалавриат,Хакасский государственный университет им. Н.Ф. Катанова,Абакан,,30.0,85000.0,,,0.0,Очно-заочная,Русский,государственный,,0.0,11.350418300109132,0,0,2,1
1350,38.03.04 | Государственное и муниципальное управление,Организация государственного и муниципального управления,Факультет курской академии государственной и муниципальной службы,Бакалавриат,Курская академия государственной и муниципальной службы,Курск,9.0,6.0,123000.0,191.0,,0.0,Очная,Русский,государственный,15.0,0.6,11.719947764402807,0,0,0,0
1351,38.03.04 | Государственное и муниципальное управление,Организация государственного и муниципального управления,Факультет курской академии государственной и муниципальной службы,Бакалавриат,Курская академия государственной и муниципальной службы,Курск,,15.0,50000.0,,,0.0,Очно-заочная,Русский,государственный,,0.0,10.819798284210286,0,0,2,1
1352,38.03.05 | Бизнес-информатика,Информационные технологии в управлении предприятием,Факультет экономики и управления ИГА,Бакалавриат,Институт государственного администрирования,Москва,,10.0,198000.0,,116.0,0.0,Очная,Русский,негосударственный,,0.0,12.19602736016897,0,0,0,0
1353,38.03.05 | Бизнес-информатика,Информационные технологии в управлении предприятием,Факультет экономики и управления ИГА,Бакалавриат,Институт государственного администрирования,Москва,,15.0,104000.0,,,0.0,Очно-заочная,Русский,негосударственный,,0.0,11.552155793461898,0,0,2,1
1354,38.03.05 | Бизнес-информатика,Информационные технологии в управлении предприятием,Факультет экономики и управления ИГА,Бакалавриат,Институт государственного администрирования,Москва,,10.0,96000.0,,116.0,0.0,Заочная,Русский,негосударственный,,0.0,11.472113887062386,0,0,2,1
1355,38.03.05 | Бизнес-информатика,Информационные технологии в управлении предприятием,"Факультет управления ""ТИСБИ""",Бакалавриат,"Университет управления ""ТИСБИ""",Казань,,30.0,130000.0,,,0.0,Очная,Русский,негосударственный,,0.0,11.775297421715827,0,0,2,1
1356,38.03.05 | Бизнес-информатика,Информационные технологии в управлении предприятием,"Факультет управления ""ТИСБИ""",Бакалавриат,"Университет управления ""ТИСБИ""",Казань,,15.0,67000.0,,95.0,0.0,Очно-заочная,Русский,негосударственный,,0.0,11.112462823634855,0,0,2,1
1357,01.03.01 | Математика,Математическая экономика и теория управления,Механико-математический факультет НГУ,Бакалавриат,Новосибирский национальный исследовательский государственный университет,Новосибирс..,6.0,2.0,210000.0,222.0,,0.0,Очная,Русский,государственный,8.0,0.75,12.25486757159303,0,0,0,0
1358,01.03.01 | Математика,Дифференциальные уравнения и вычислительные методы,Механико-математический факультет НГУ,Бакалавриат,Новосибирский национальный исследовательский государственный университет,Новосибирс..,6.0,2.0,210000.0,222.0,,0.0,Очная,Русский,государственный,8.0,0.75,12.25486757159303,0,0,0,0
1359,01.03.01 | Математика,Дифференциальные уравнения и вычислительные методы,Математический факультет ВГУ,Бакалавриат,Воронежский государственный университет,Воронеж,25.0,10.0,150000.0,126.0,119.0,0.0,Очная,Русский,государственный,35.0,0.7142857142857143,11.918397239722838,0,0,0,0
1360,01.03.02 | Прикладная математика и информатика,Индустриальная математика,Факультет математики и информационных технологий АлтГУ,Бакалавриат,Алтайский государственный университет,Барнаул,20.0,3.0,151390.0,182.0,,0.0,Очная,Русский,государственный,23.0,0.8695652173913043,11.927621173040215,0,0,0,0
1361,01.03.02 | Прикладная математика и информатика,Прикладная теория вероятностей и моделирование инфокоммуникаций,Механико-математический факультет НГУ,Бакалавриат,Новосибирский национальный исследовательский государственный университет,Новосибирс..,13.0,3.0,210000.0,222.0,,0.0,Очная,Русский,государственный,16.0,0.8125,12.25486757159303,0,0,0,0
1362,01.03.02 | Прикладная математика и информатика,Математические методы механики полета ракет-носителей и космических аппаратов,Институт инфокоммуникационных систем и технологий ТУ им. А.А. Леонова,Бакалавриат,"Технологический университет имени дважды Героя Советского Союза, летчика-космонавта А.А. Леонова",Королёв,,10.0,216300.0,,,0.0,Очная,Русский,государственный,,0.0,12.28442623513897,0,0,0,0
1363,02.03.02 | Фундаментальные информатика и информационные технологии,Сетевые технологии и вычислительные комплексы,Институт системного анализа и управления,Бакалавриат,Государственный университет «Дубна»,Москва,,15.0,214800.0,,,0.0,Очная,Русский,государственный,,0.0,12.277467297099491,0,0,0,0
1364,02.03.02 | Фундаментальные информатика и информационные технологии,Сетевые технологии и вычислительные комплексы,Физико-математический факультет БГУ,Бакалавриат,Брянский государственный университет имени академика И.Г. Петровского,Брянск,,15.0,144540.0,,,0.0,Очная,Русский,государственный,,0.0,11.881318483313109,0,0,2,1
1365,02.03.02 | Фундаментальные информатика и информационные технологии,Искусственный интеллект и экспертные системы,Институт кибербезопасности и цифровых технологий РТУ МИРЭА,Бакалавриат,МИРЭА - Российский технологический университет,Москва,22.0,308.0,299000.0,284.0,,0.0,Очная,Русский,государственный,330.0,0.06666666666666667,12.608202196848836,0,0,1,2
1366,02.03.02 | Фундаментальные информатика и информационные технологии,Искусственный интеллект и экспертные системы,Институт кибербезопасности и цифровых технологий РТУ МИРЭА,Бакалавриат,МИРЭА - Российский технологический университет,Москва,,15.0,299000.0,,134.0,0.0,Очная,Русский,государственный,,0.0,12.608202196848836,0,0,0,0
1367,02.03.02 | Фундаментальные информатика и информационные технологии,Искусственный интеллект и экспертные системы,Факультет информационных технологий и компьютерных систем ОмГТУ,Бакалавриат,Омский государственный технический университет,Омск,55.0,5.0,142600.0,234.0,,0.0,Очная,Русский,государственный,60.0,0.9166666666666666,11.867805799560465,0,0,0,0
1368,01.03.02 | Прикладная математика и информатика,Математические методы в экономике,Механико-математический факультет НГУ,Бакалавриат,Новосибирский национальный исследовательский государственный университет,Новосибирс..,5.0,2.0,210000.0,222.0,,0.0,Очная,Русский,государственный,7.0,0.7142857142857143,12.25486757159303,0,0,0,0
1369,01.03.02 | Прикладная математика и информатика,Математические методы в экономике,Факультет компьютерных технологий и прикладной математики КубГУ,Бакалавриат,Кубанский государственный университет,Краснодар,20.0,9.0,189000.0,233.0,,0.0,Очная,Русский,государственный,29.0,0.6896551724137931,12.149507585033072,0,0,0,0
1370,01.03.02 | Прикладная математика и информатика,Математические методы в экономике,Институт прикладной математики и компьютерных наук ТГУ,Бакалавриат,Национальный исследовательский Томский государственный университет,Томск,18.0,10.0,177000.0,191.0,124.0,0.0,Очная,Русский,государственный,28.0,0.6428571428571429,12.083910661257521,0,0,0,0
1371,02.03.01 | Математика и компьютерные науки,Сквозные цифровые технологии,Институт математики и компьютерных технологий ДВФУ,Бакалавриат,Дальневосточный федеральный университет,Владивосто..,50.0,,,187.0,,0.0,Очная,Русский,государственный,,0.0,,0,0,2,1
1372,02.03.01 | Математика и компьютерные науки,Сквозные цифровые технологии,Институт математики и информационных технологий ОГУ,Бакалавриат,Оренбургский государственный университет,Оренбург,19.0,100.0,153000.0,154.0,119.0,0.0,Очная,Русский,государственный,119.0,0.15966386554621848,11.938199736300925,0,0,2,1
1373,02.03.01 | Математика и компьютерные науки,Сквозные цифровые технологии,Институт математики и информатики БГУ,Бакалавриат,Бурятский государственный университет имени Доржи Банзарова,Улан-Удэ,26.0,25.0,159000.0,134.0,119.0,0.0,Очная,Русский,государственный,51.0,0.5098039215686274,11.976665770490767,0,0,0,0
1374,02.03.01 | Математика и компьютерные науки,Сквозные цифровые технологии,Физико-математический и инженерно-технологический институт ГАГУ,Бакалавриат,Горно-Алтайский государственный университет,Горно-Алтайск,21.0,5.0,151923.0,150.0,119.0,0.0,Очная,Русский,государственный,26.0,0.8076923076923077,11.93113567478673,0,0,0,0
1375,09.03.03 | Прикладная информатика,Инжиниринг предприятий и информационных систем,"Высшая школа кибертехнологий, математики и статистики РЭУ им. Г. В. Плеханова",Бакалавриат,Российский экономический университет имени Г.В. Плеханова,Москва,21.0,34.0,380000.0,258.0,,0.0,Очная,Русский,государственный,55.0,0.38181818181818183,12.847929163278053,0,0,1,2
1376,09.03.03 | Прикладная информатика,Инжиниринг предприятий и информационных систем,Институт цифровых технологий управления и информационной безопасности УрГЭУ,Бакалавриат,Уральский государственный экономический университет,Екатеринбург,30.0,50.0,190000.0,197.0,,0.0,Очная,Русский,государственный,80.0,0.375,12.154784614286667,0,0,0,0
1377,09.03.03 | Прикладная информатика,Инжиниринг предприятий и информационных систем,Институт цифровых технологий управления и информационной безопасности УрГЭУ,Бакалавриат,Уральский государственный экономический университет,Екатеринбург,20.0,125.0,69000.0,199.0,,0.0,Заочная,Русский,государственный,145.0,0.13793103448275862,11.141876276228,0,0,2,1
1378,09.03.03 | Прикладная информатика,Инжиниринг предприятий и информационных систем,Эколого-мелиоративный факультет ВолГАУ,Бакалавриат,Волгоградский государственный аграрный университет,Волгоград,18.0,10.0,150531.0,165.0,118.0,0.0,Очная,Русский,государственный,28.0,0.6428571428571429,11.921930965154381,0,0,0,0
1379,09.03.03 | Прикладная информатика,Инжиниринг предприятий и информационных систем,Эколого-мелиоративный факультет ВолГАУ,Бакалавриат,Волгоградский государственный аграрный университет,Волгоград,,10.0,42000.0,,118.0,0.0,Заочная,Русский,государственный,,0.0,10.645448706505872,0,0,2,1
1380,09.03.03 | Прикладная информатика,Инжиниринг предприятий и информационных систем,Институт математики и информационных технологий ИГУ,Бакалавриат,Иркутский государственный университет,Иркутск,50.0,25.0,215800.0,172.0,119.0,0.0,Очная,Русский,государственный,75.0,0.6666666666666666,12.282111965715732,0,0,0,0
1381,09.03.03 | Прикладная информатика,Инжиниринг предприятий и информационных систем,Физико-математический и инженерно-технологический институт ГАГУ,Бакалавриат,Горно-Алтайский государственный университет,Горно-Алтайск,21.0,5.0,171358.0,163.0,,0.0,Очная,Русский,государственный,26.0,0.8076923076923077,12.051516049996948,0,0,0,0
1382,38.03.05 | Бизнес-информатика,Управление ИТ-инфраструктурой предприятия,Высшая школа цифровых технологий ТИУ,Бакалавриат,Тюменский индустриальный университет,Тюмень,,30.0,223100.0,,,0.0,Очная,Русский,государственный,,0.0,12.315379862705514,0,0,0,0
1383,38.03.05 | Бизнес-информатика,Управление ИТ-инфраструктурой предприятия,Институт ядерной физики и технологий ИАТЭ НИЯУ МИФИ,Бакалавриат,Обнинский институт атомной энергетики (филиал НИЯУ МИФИ),Обнинск,6.0,5.0,158800.0,229.0,,0.0,Очная,Русский,государственный,11.0,0.5454545454545454,11.975407125004564,0,0,0,0
1384,38.03.01 | Экономика,Бизнес-статистика и аналитика,"Высшая школа кибертехнологий, математики и статистики РЭУ им. Г. В. Плеханова",Бакалавриат,Российский экономический университет имени Г.В. Плеханова,Москва,12.0,4.0,520000.0,282.0,,0.0,Очная,Русский,государственный,16.0,0.75,13.161586013632684,0,0,1,2
1385,38.03.01 | Экономика,Бизнес-статистика и аналитика,Институт экономики и финансов,Бакалавриат,Государственный университет управления,Москва,2.0,27.0,315000.0,263.0,,0.0,Очная,Русский,государственный,29.0,0.06896551724137931,12.660331092405906,0,0,0,0
1386,38.03.01 | Экономика,Бизнес-статистика и аналитика,Инженерно-экономический факультет СГУПС,Бакалавриат,Сибирский государственный университет путей сообщения,Новосибирс..,,60.0,167500.0,,,0.0,Очная,Русский,государственный,,0.0,12.02874460037869,0,0,2,1
1387,38.03.01 | Экономика,Бизнес-статистика и аналитика,Инженерно-экономический факультет СГУПС,Бакалавриат,Сибирский государственный университет путей сообщения,Новосибирс..,,25.0,75500.0,,,0.0,Очно-заочная,Русский,государственный,,0.0,11.231901180182515,0,0,2,1
1388,38.03.01 | Экономика,Бизнес-статистика и аналитика,Институт экономики и управления МГТУ им. Носова,Бакалавриат,Магнитогорский государственный технический университет им. Г.И. Носова,Магнитогорск,,25.0,156000.0,,,0.0,Очная,Русский,государственный,,0.0,11.957617696467539,0,0,2,1
1389,38.03.01 | Экономика,Бизнес-статистика и аналитика,Факультет очной формы обучения ОмГА,Бакалавриат,Омская гуманитарная академия,Омск,,1.0,112400.0,,95.0,0.0,Очная,Русский,негосударственный,,0.0,11.629828113199304,0,0,2,1
1390,38.03.01 | Экономика,Бизнес-статистика и аналитика,Факультет очной формы обучения ОмГА,Бакалавриат,Омская гуманитарная академия,Омск,,125.0,44000.0,,,0.0,Очно-заочная,Русский,негосударственный,,0.0,10.691967639914864,0,0,2,1
1391,38.03.01 | Экономика,Бизнес-статистика и аналитика,Факультет очной формы обучения ОмГА,Бакалавриат,Омская гуманитарная академия,Омск,,2.0,40000.0,,95.0,0.0,Заочная,Русский,негосударственный,,0.0,10.596659732783579,0,0,2,1
1392,38.03.01 | Экономика,Бизнес-статистика и аналитика,Учетно-финансовый факультет КубГАУ,Бакалавриат,Кубанский государственный аграрный университет имени И.Т. Трубилина,Краснодар,,70.0,187500.0,,,0.0,Очная,Русский,государственный,,0.0,12.141539457711714,0,0,2,1
1393,38.03.01 | Экономика,Бизнес-статистика и аналитика,Учетно-финансовый факультет КубГАУ,Бакалавриат,Кубанский государственный аграрный университет имени И.Т. Трубилина,Краснодар,,30.0,85500.0,,,0.0,Очно-заочная,Русский,государственный,,0.0,11.356283350762888,0,0,2,1
1394,38.03.01 | Экономика,Бизнес-статистика и аналитика,Бизнес-школа ТПУ,Бакалавриат,Национальный исследовательский Томский политехнический университет,Томск,25.0,30.0,181500.0,230.0,,0.0,Очная,Русский,государственный,55.0,0.45454545454545453,12.109016442313738,0,0,0,0
1395,38.03.01 | Экономика,Бизнес-статистика и аналитика,Институт экономики и менеджмента ТГУ,Бакалавриат,Национальный исследовательский Томский государственный университет,Томск,30.0,35.0,177000.0,235.0,,0.0,Очная,Русский,государственный,65.0,0.46153846153846156,12.083910661257521,0,0,0,0
1396,38.03.01 | Экономика,Бизнес-статистика и аналитика,Факультет высшего профессионального образования МУБиНТ,Бакалавриат,Международная академия бизнеса и новых технологий (МУБиНТ),Ярославль,,13.0,144400.0,,,0.0,Очная,Русский,негосударственный,,0.0,11.88034943062464,0,0,2,1
1397,38.03.01 | Экономика,Бизнес-статистика и аналитика,Факультет высшего профессионального образования МУБиНТ,Бакалавриат,Международная академия бизнеса и новых технологий (МУБиНТ),Ярославль,,50.0,65000.0,,,0.0,Очно-заочная,Русский,негосударственный,,0.0,11.082157933374816,0,0,2,1
1398,38.03.01 | Экономика,Бизнес-статистика и аналитика,Факультет высшего профессионального образования МУБиНТ,Бакалавриат,Международная академия бизнеса и новых технологий (МУБиНТ),Ярославль,,10.0,55000.0,,85.0,0.0,Заочная,Русский,негосударственный,,0.0,10.915106645867503,0,0,2,1
1399,38.03.01 | Экономика,Бизнес-статистика и аналитика,Факультет Брянского филиала РЭУ им Г.В. Плеханова,Бакалавриат,Брянский филиал Российского экономического университета имени Г.В. Плеханова,Брянск,,6.0,128330.0,,,0.0,Очная,Русский,государственный,,0.0,11.762368142618339,0,0,2,1
1400,38.03.01 | Экономика,Бизнес-статистика и аналитика,Факультет Брянского филиала РЭУ им Г.В. Плеханова,Бакалавриат,Брянский филиал Российского экономического университета имени Г.В. Плеханова,Брянск,,6.0,76359.0,,,0.0,Очно-заочная,Русский,государственный,,0.0,11.243214277839684,0,0,2,1
1401,38.03.01 | Экономика,Бизнес-статистика и аналитика,Факультет Пятигорского филиала РЭУ им. Г.В. Плеханова,Бакалавриат,Пятигорский филиал Российского экономического университета имени Г.В. Плеханова,Пятигорск,,8.0,130000.0,,,0.0,Очная,Русский,государственный,,0.0,11.775297421715827,0,0,2,1
1402,38.03.01 | Экономика,Бизнес-статистика и аналитика,Факультет Пятигорского филиала РЭУ им. Г.В. Плеханова,Бакалавриат,Пятигорский филиал Российского экономического университета имени Г.В. Плеханова,Пятигорск,,8.0,80000.0,,,0.0,Очно-заочная,Русский,государственный,,0.0,11.289794413577894,0,0,2,1
1403,38.03.01 | Экономика,Бизнес-статистика и аналитика,Факультет экономики и права Филиал РАНХиГС в Челябинске,Бакалавриат,Челябинский филиал Российской академии народного хозяйства и государственной службы при Президенте РФ,Челябинск,6.0,25.0,155000.0,232.0,,0.0,Очная,Русский,государственный,31.0,0.1935483870967742,11.951186847493476,0,0,0,0
1404,38.03.01 | Экономика,Бизнес-статистика и аналитика,Факультет экономики и права Филиал РАНХиГС в Челябинске,Бакалавриат,Челябинский филиал Российской академии народного хозяйства и государственной службы при Президенте РФ,Челябинск,,50.0,74700.0,,,0.0,Очно-заочная,Русский,государственный,,0.0,11.221248757912162,0,0,2,1
1405,01.03.02 | Прикладная математика и информатика,Информатика и программирование,Факультет Информационных технологий МТУСИ,Бакалавриат,Московский технический университет связи и информатики,Москва,,25.0,330000.0,,,0.0,Очная,Русский,государственный,,0.0,12.706850963741102,0,0,0,0
1406,01.03.02 | Прикладная математика и информатика,Информатика и программирование,Механико-математический факультет НГУ,Бакалавриат,Новосибирский национальный исследовательский государственный университет,Новосибирс..,5.0,2.0,210000.0,222.0,,0.0,Очная,Русский,государственный,7.0,0.7142857142857143,12.25486757159303,0,0,0,0
1407,01.03.02 | Прикладная математика и информатика,Информатика и программирование,Институт экономики и управления НГТУ им. Алексеева,Бакалавриат,Нижегородский государственный технический университет им. Р.Е. Алексеева,Нижний Нов..,20.0,18.0,146280.0,219.0,119.0,0.0,Очная,Русский,государственный,38.0,0.5263157894736842,11.89328470844449,0,0,0,0
1408,01.03.02 | Прикладная математика и информатика,Информатика и программирование,Факультет цифровых технологий и кибербезопасности ОмГУ,Бакалавриат,Омский государственный университет им. Ф.М. Достоевского,Омск,55.0,100.0,153720.0,168.0,,0.0,Очная,Русский,государственный,155.0,0.3548387096774194,11.942894549991994,0,0,1,2
1409,01.03.02 | Прикладная математика и информатика,Информатика и программирование,Факультет компьютерных технологий и прикладной математики КубГУ,Бакалавриат,Кубанский государственный университет,Краснодар,20.0,9.0,189000.0,233.0,,0.0,Очная,Русский,государственный,29.0,0.6896551724137931,12.149507585033072,0,0,0,0
1410,01.03.02 | Прикладная математика и информатика,Информатика и программирование,Математический факультет ЯрГУ,Бакалавриат,Ярославский государственный университет имени П. Г. Демидова,Ярославль,65.0,10.0,145000.0,198.0,123.0,0.0,Очная,Русский,государственный,75.0,0.8666666666666667,11.884495917930655,0,0,0,0
1411,01.03.02 | Прикладная математика и информатика,Информатика и программирование,Высшая школа компьютерных наук и искусственного интеллекта БФУ им. И. Канта,Бакалавриат,Балтийский федеральный университет имени Иммануила Канта,Калинингра..,75.0,40.0,151500.0,201.0,147.0,0.0,Очная,Русский,государственный,115.0,0.6521739130434783,11.928347504569842,0,0,1,2
1412,09.03.01 | Информатика и вычислительная техника,Вычислительные системы и сети,Институт информационных и вычислительных технологий НИУ МЭИ,Бакалавриат,Национальный исследовательский университет «МЭИ»,Москва,47.0,18.0,390000.0,248.0,,0.0,Очная,Русский,государственный,65.0,0.7230769230769231,12.873904582205107,0,0,1,2
1413,09.03.01 | Информатика и вычислительная техника,Вычислительные системы и сети,Институт компьютерных систем и информационной безопасности КубГТУ,Бакалавриат,Кубанский государственный технологический университет,Краснодар,30.0,70.0,187038.0,212.0,,0.0,Очная,Русский,государственный,100.0,0.3,12.139072430241646,0,0,0,0
1414,09.03.01 | Информатика и вычислительная техника,Вычислительные системы и сети,Институт компьютерных систем и информационной безопасности КубГТУ,Бакалавриат,Кубанский государственный технологический университет,Краснодар,10.0,51.0,74816.0,212.0,,0.0,Заочная,Русский,государственный,61.0,0.16393442622950818,11.222800410867308,0,0,2,1
1415,09.03.01 | Информатика и вычислительная техника,Вычислительные системы и сети,"Институт приборостроения, автоматизации и информационных технологий ОГУ имени И.С. Тургенева",Бакалавриат,Орловский государственный университет имени И.С. Тургенева,Орел,15.0,10.0,145510.0,192.0,119.0,0.0,Очная,Русский,государственный,25.0,0.6,11.888006964110614,0,0,0,0
1416,09.03.01 | Информатика и вычислительная техника,Вычислительные системы и сети,Факультет высшего образования СПИ (филиал) ИжГТУ имени М.Т. Калашникова,Бакалавриат,Сарапульский политехнический институт Ижевский государственный технический университет имени М.Т. Калашникова,Сарапул,,15.0,51940.0,,,0.0,Заочная,Русский,государственный,,0.0,10.857863738015615,0,0,2,1
1417,09.03.02 | Информационные системы и технологии,Программирование и интернет-технологии,"Институт автоматики, телекоммуникаций и информационных технологий ОмГУПС",Бакалавриат,Омский государственный университет путей сообщения,Омск,46.0,10.0,161400.0,156.0,,0.0,Очная,Русский,государственный,56.0,0.8214285714285714,11.991647230585656,0,0,0,0
1418,09.03.02 | Информационные системы и технологии,Программирование и интернет-технологии,"Институт автоматики, телекоммуникаций и информационных технологий ОмГУПС",Бакалавриат,Омский государственный университет путей сообщения,Омск,25.0,10.0,61100.0,205.0,,0.0,Заочная,Русский,государственный,35.0,0.7142857142857143,11.020283511637867,0,0,2,1
1419,09.03.02 | Информационные системы и технологии,Программирование и интернет-технологии,Факультет информационных технологий управления,Бакалавриат,Ростовский государственный университет путей сообщения,Ростов-на-..,32.0,60.0,170000.0,207.0,,0.0,Очная,Русский,государственный,92.0,0.34782608695652173,12.04355959836804,0,0,0,0
1420,09.03.02 | Информационные системы и технологии,Программирование и интернет-технологии,Факультет информационных технологий управления,Бакалавриат,Ростовский государственный университет путей сообщения,Ростов-на-..,,30.0,75600.0,,,0.0,Заочная,Русский,государственный,,0.0,11.233224789593368,0,0,2,1
1421,09.03.02 | Информационные системы и технологии,Программирование и интернет-технологии,"Институт приборостроения, автоматизации и информационных технологий ОГУ имени И.С. Тургенева",Бакалавриат,Орловский государственный университет имени И.С. Тургенева,Орел,16.0,15.0,145510.0,190.0,,0.0,Очная,Русский,государственный,31.0,0.5161290322580645,11.888006964110614,0,0,0,0
1422,09.03.03 | Прикладная информатика,Мобильные и сетевые технологии,Факультет инфокоммуникационных технологий Университета ИТМО,Бакалавриат,Национальный исследовательский университет ИТМО,Санкт-Пете..,28.0,70.0,459000.0,284.0,180.0,0.0,Очная,Русский,государственный,98.0,0.2857142857142857,13.036807667689546,0,0,1,2
1423,09.03.03 | Прикладная информатика,Мобильные и сетевые технологии,Институт космических и информационных технологий СФУ,Бакалавриат,Сибирский федеральный университет,Красноярск,50.0,20.0,246000.0,225.0,,0.0,Очная,Русский,государственный,70.0,0.7142857142857143,12.413090879946887,0,0,0,0
1424,09.03.03 | Прикладная информатика,Мобильные и сетевые технологии,Факультет математики и информационных технологий Стерлитамакского филиала УУНиТ,Бакалавриат,Стерлитамакский филиал Уфимского университета науки и технологий,Стерлитама..,,50.0,43600.0,,119.0,0.0,Заочная,Русский,государственный,,0.0,10.682835364853922,0,0,2,1
1425,01.03.01 | Математика,Математика. Механика,"Институт математики, механики и компьютерных наук им. И.И. Воровича ЮФУ",Бакалавриат,Южный федеральный университет,Ростов-на-..,30.0,5.0,159000.0,209.0,150.0,0.0,Очная,Русский,государственный,35.0,0.8571428571428571,11.976665770490767,0,0,0,0
1426,01.03.03 | Механика и математическое моделирование,Математика. Механика,Механико-математический факультет НГУ,Бакалавриат,Новосибирский национальный исследовательский государственный университет,Новосибирс..,8.0,3.0,210000.0,222.0,,0.0,Очная,Русский,государственный,11.0,0.7272727272727273,12.25486757159303,0,0,0,0
1427,09.03.03 | Прикладная информатика,Современные методы разработки приложений,Факультет цифровых технологий и кибербезопасности ОмГУ,Бакалавриат,Омский государственный университет им. Ф.М. Достоевского,Омск,25.0,100.0,161640.0,181.0,,0.0,Очная,Русский,государственный,125.0,0.2,11.993133105760752,0,0,2,1
1428,09.03.03 | Прикладная информатика,Современные методы разработки приложений,Институт высоких технологий и пьезотехники ЮФУ,Бакалавриат,Южный федеральный университет,Ростов-на-..,54.0,10.0,200000.0,214.0,,0.0,Очная,Русский,государственный,64.0,0.84375,12.206077645517674,0,0,0,0
1429,09.03.03 | Прикладная информатика,Современные методы разработки приложений,Факультет бизнес-коммуникаций и информатики ИГУ,Бакалавриат,Иркутский государственный университет,Иркутск,25.0,25.0,215800.0,210.0,,0.0,Очная,Русский,государственный,50.0,0.5,12.282111965715732,0,0,0,0
1430,09.03.03 | Прикладная информатика,Прикладная информатика в информационной безопасности,"Факультет экономики, управления и международных отношений МосГУ",Бакалавриат,Московский гуманитарный университет,Москва,,75.0,260000.0,,,0.0,Очная,Русский,негосударственный,,0.0,12.468440756144114,0,0,0,0
1431,09.03.03 | Прикладная информатика,Прикладная информатика в информационной безопасности,"Факультет экономики, управления и международных отношений МосГУ",Бакалавриат,Московский гуманитарный университет,Москва,,75.0,100000.0,,,0.0,Заочная,Русский,негосударственный,,0.0,11.51293546492023,0,0,2,1
1432,09.03.03 | Прикладная информатика,Прикладная информатика в информационной безопасности,"Институт математики, физики и информационных технологий ТГУ",Бакалавриат,Тольяттинский государственный университет,Тольятти,13.0,,,183.0,,0.0,Очная,Русский,государственный,,0.0,,0,0,2,1
1433,09.03.03 | Прикладная информатика,Прикладная информатика в информационной безопасности,Высшая школа информационных и социальных технологий (Вышка ИнСоТех) УГНТУ,Бакалавриат,Уфимский государственный нефтяной технический университет,Уфа,22.0,15.0,168000.0,209.0,,0.0,Очная,Русский,государственный,37.0,0.5945945945945946,12.031725210748633,0,0,0,0
1434,09.03.03 | Прикладная информатика,Прикладная информатика в информационной безопасности,Высшая школа информационных и социальных технологий (Вышка ИнСоТех) УГНТУ,Бакалавриат,Уфимский государственный нефтяной технический университет,Уфа,16.0,50.0,90000.0,240.0,,0.0,Заочная,Русский,государственный,66.0,0.24242424242424243,11.407576060361786,0,0,2,1
1435,09.03.03 | Прикладная информатика,Прикладная информатика в информационной безопасности,"Факультет филиала НИУ ""МЭИ"" в Смоленске",Бакалавриат,Смоленский филиал Национального исследовательского университета «МЭИ»,Смоленск,18.0,9.0,150000.0,180.0,119.0,0.0,Очная,Русский,государственный,27.0,0.6666666666666666,11.918397239722838,0,0,0,0
1436,09.03.03 | Прикладная информатика,Прикладная информатика в информационной безопасности,"Институт математики, естественных и компьютерных наук ВоГУ",Бакалавриат,Вологодский государственный университет,Вологда,25.0,5.0,173940.0,145.0,119.0,0.0,Очная,Русский,государственный,30.0,0.8333333333333334,12.066471440236118,0,0,0,0
1437,09.03.03 | Прикладная информатика,Прикладная информатика в информационной безопасности,Физико-математический факультет ТувГУ,Бакалавриат,Тувинский государственный университет,Кызыл,26.0,4.0,220214.0,171.0,119.0,0.0,Очная,Русский,государственный,30.0,0.8666666666666667,12.30235962084167,0,0,0,0
1438,09.03.03 | Прикладная информатика,Прикладная информатика в энергетических системах,"Факультет филиала НИУ ""МЭИ"" в Смоленске",Бакалавриат,Смоленский филиал Национального исследовательского университета «МЭИ»,Смоленск,16.0,8.0,150000.0,180.0,119.0,0.0,Очная,Русский,государственный,24.0,0.6666666666666666,11.918397239722838,0,0,0,0
1439,09.03.03 | Прикладная информатика,Прикладная информатика в энергетических системах,Факультет электроэнергетики и технического сервиса Университет Вернадского,Бакалавриат,Российский государственный университет народного хозяйства имени В.И.Вернадского,Балашиха,,25.0,160000.0,,,0.0,Очная,Русский,государственный,,0.0,11.982935344196433,0,0,2,1
1440,09.03.03 | Прикладная информатика,Прикладная информатика в энергетических системах,Факультет электроэнергетики и технического сервиса Университет Вернадского,Бакалавриат,Российский государственный университет народного хозяйства имени В.И.Вернадского,Балашиха,13.0,12.0,90000.0,,,0.0,Очно-заочная,Русский,государственный,25.0,0.52,11.407576060361786,0,0,2,1
1441,38.03.01 | Экономика,Системный анализ и экономика,Факультет экономических наук НИУ ВШЭ,Бакалавриат,Национальный исследовательский университет «Высшая школа экономики»,Москва,,70.0,510000.0,,,0.0,Очная,Русский,государственный,,0.0,13.1421679654829,0,0,1,2
1442,02.03.03 | Математическое обеспечение и администрирование информационных систем,Информационные системы и базы данных,Факультет информационных технологий,Бакалавриат,Московский государственный психолого-педагогический университет,Москва,15.0,5.0,312420.0,208.0,126.0,0.0,Очная,Русский,государственный,20.0,0.75,12.652106916199287,0,0,0,0
1443,02.03.03 | Математическое обеспечение и администрирование информационных систем,Информационные системы и базы данных,"Институт управления, автоматизации и информационных технологий КНИТУ",Бакалавриат,Казанский национальный исследовательский технологический университет,Казань,36.0,3.0,168000.0,217.0,,0.0,Очная,Русский,государственный,39.0,0.9230769230769231,12.031725210748633,0,0,0,0
1444,02.03.03 | Математическое обеспечение и администрирование информационных систем,Информационные системы и базы данных,Высшая школа компьютерных наук и искусственного интеллекта БФУ им. И. Канта,Бакалавриат,Балтийский федеральный университет имени Иммануила Канта,Калинингра..,60.0,15.0,151500.0,191.0,147.0,0.0,Очная,Русский,государственный,75.0,0.8,11.928347504569842,0,0,0,0
1445,02.03.03 | Математическое обеспечение и администрирование информационных систем,Информационные системы и базы данных,"Факультет прикладной математики, физики и информационных технологий ЧувГУ",Бакалавриат,Чувашский государственный университет имени И.Н. Ульянова,Чебоксары,49.0,8.0,122300.0,181.0,,0.0,Очная,Русский,государственный,57.0,0.8596491228070176,11.714240498256716,0,0,0,0
1446,02.03.03 | Математическое обеспечение и администрирование информационных систем,Информационные системы и базы данных,"Факультет прикладной математики, физики и информационных технологий ЧувГУ",Бакалавриат,Чувашский государственный университет имени И.Н. Ульянова,Чебоксары,,12.0,43000.0,,,0.0,Очно-заочная,Русский,государственный,,0.0,10.668978650219241,0,0,2,1
1447,09.03.03 | Прикладная информатика,Прикладная информатика в психологии,Факультет информационных технологий,Бакалавриат,Московский государственный психолого-педагогический университет,Москва,15.0,5.0,346820.0,217.0,126.0,0.0,Очная,Русский,государственный,20.0,0.75,12.756564075688445,0,0,0,0
1448,38.03.05 | Бизнес-информатика,Информационные системы в бизнесе и логистике,Факультет экономики и управления МЭИ,Бакалавриат,Московский экономический институт,Москва,,75.0,180000.0,,103.0,0.0,Очная,Русский,негосударственный,,0.0,12.100717685412471,0,0,2,1
1449,38.03.05 | Бизнес-информатика,Информационные системы в бизнесе и логистике,Факультет экономики и управления МЭИ,Бакалавриат,Московский экономический институт,Москва,,250.0,100000.0,,103.0,0.0,Очно-заочная,Русский,негосударственный,,0.0,11.51293546492023,0,0,2,1
1450,38.03.05 | Бизнес-информатика,Информационные системы в бизнесе и логистике,Факультет экономики и управления МЭИ,Бакалавриат,Московский экономический институт,Москва,,50.0,70000.0,,103.0,0.0,Заочная,Русский,негосударственный,,0.0,11.156264806643742,0,0,2,1
1451,38.03.05 | Бизнес-информатика,Информационные системы в бизнесе и логистике,Факультет МФЮА,Бакалавриат,Московский финансово-юридический университет,Москва,,500.0,314000.0,,85.0,0.0,Очная,Русский,негосударственный,,0.0,12.657151449598695,0,0,2,1
1452,38.03.05 | Бизнес-информатика,Информационные системы в бизнесе и логистике,Факультет МФЮА,Бакалавриат,Московский финансово-юридический университет,Москва,,250.0,134000.0,,85.0,0.0,Очно-заочная,Русский,негосударственный,,0.0,11.80560254159177,0,0,2,1
1453,38.03.05 | Бизнес-информатика,Информационные системы в бизнесе и логистике,Факультет МФЮА,Бакалавриат,Московский финансово-юридический университет,Москва,,50.0,90000.0,,85.0,0.0,Заочная,Русский,негосударственный,,0.0,11.407576060361786,0,0,2,1
1454,38.03.05 | Бизнес-информатика,Информационные системы в бизнесе и логистике,Факультет МФЮА,Бакалавриат,Московский финансово-юридический университет,Москва,,100.0,80000.0,,85.0,0.0,Дистанционная,Русский,негосударственный,,0.0,11.289794413577894,0,0,2,1
1455,38.03.05 | Бизнес-информатика,Информационные системы в бизнесе и логистике,Экономический факультет БашГАУ,Бакалавриат,Башкирский государственный аграрный университет,Уфа,,25.0,148250.0,,,0.0,Очная,Русский,государственный,,0.0,11.906662062199786,0,0,2,1
1456,38.03.05 | Бизнес-информатика,Информационные системы в бизнесе и логистике,Экономический факультет БашГАУ,Бакалавриат,Башкирский государственный аграрный университет,Уфа,,25.0,63000.0,,,0.0,Очно-заочная,Русский,государственный,,0.0,11.050905878263567,0,0,2,1
1457,38.03.05 | Бизнес-информатика,Информационные системы в бизнесе и логистике,Факультет управления ДГУ,Бакалавриат,Дагестанский государственный университет,Махачкала,,10.0,106410.0,,,0.0,Очная,Русский,государственный,,0.0,11.575064234004627,0,0,2,1
1458,38.03.05 | Бизнес-информатика,Информационные системы в бизнесе и логистике,Высшая школа управления ПГУ,Бакалавриат,Пятигорский государственный университет,Пятигорск,,20.0,202000.0,,114.0,0.0,Очная,Русский,государственный,,0.0,12.216027926866138,0,0,0,0
1459,09.03.02 | Информационные системы и технологии,Информационные системы и технологии в экономической сфере,Факультет информатики и прикладной математики СПбГЭУ,Бакалавриат,Санкт-Петербургский государственный экономический университет,Санкт-Пете..,,100.0,304000.0,,,0.0,Очная,Русский,государственный,,0.0,12.624786269856633,0,0,0,0
1460,09.03.02 | Информационные системы и технологии,Информационные системы и технологии в экономической сфере,Институт информационных технологий и программирования ГУАП,Бакалавриат,Санкт-Петербургский государственный университет аэрокосмического приборостроения,Санкт-Пете..,29.0,9.0,290000.0,255.0,,0.0,Очная,Русский,государственный,38.0,0.7631578947368421,12.577639650232573,0,0,0,0
1461,09.03.02 | Информационные системы и технологии,Информационные системы и технологии в экономической сфере,Институт информационных технологий и программирования ГУАП,Бакалавриат,Санкт-Петербургский государственный университет аэрокосмического приборостроения,Санкт-Пете..,17.0,15.0,96000.0,278.0,,0.0,Заочная,Русский,государственный,32.0,0.53125,11.472113887062386,0,0,2,1
1462,09.03.02 | Информационные системы и технологии,Информационные системы и технологии в экономической сфере,Факультет компьютерных технологий и информационной безопасности РГЭУ (РИНХ),Бакалавриат,Ростовский государственный экономический университет (РИНХ),Ростов-на-..,21.0,30.0,154000.0,170.0,,0.0,Очная,Русский,государственный,51.0,0.4117647058823529,11.944714374881176,0,0,0,0
1463,09.03.02 | Информационные системы и технологии,Информационные системы и технологии в экономической сфере,Факультет компьютерных технологий и информационной безопасности РГЭУ (РИНХ),Бакалавриат,Ростовский государственный экономический университет (РИНХ),Ростов-на-..,32.0,30.0,65000.0,143.0,119.0,0.0,Очно-заочная,Русский,государственный,62.0,0.5161290322580645,11.082157933374816,0,0,2,1
1464,09.03.02 | Информационные системы и технологии,Информационные системы и технологии в экономической сфере,Факультет компьютерных технологий и информационной безопасности РГЭУ (РИНХ),Бакалавриат,Ростовский государственный экономический университет (РИНХ),Ростов-на-..,,50.0,65000.0,,119.0,0.0,Очно-заочная,Русский,государственный,,0.0,11.082157933374816,0,0,2,1
1465,09.03.02 | Информационные системы и технологии,Информационные системы и технологии в экономической сфере,Факультет компьютерных технологий и информационной безопасности РГЭУ (РИНХ),Бакалавриат,Ростовский государственный экономический университет (РИНХ),Ростов-на-..,,10.0,65000.0,,119.0,0.0,Очно-заочная,Русский,государственный,,0.0,11.082157933374816,0,0,2,1
1466,09.03.02 | Информационные системы и технологии,Информационные системы и технологии в экономической сфере,"Институт математики, информационных технологий и физики УдГУ",Бакалавриат,Удмуртский государственный университет,Ижевск,20.0,15.0,159400.0,140.0,,0.0,Очная,Русский,государственный,35.0,0.5714285714285714,11.979178318844294,0,0,0,0
1467,09.03.02 | Информационные системы и технологии,Информационные системы и технологии в экономической сфере,Факультет прикладной математики и механики ПНИПУ,Бакалавриат,Пермский национальный исследовательский политехнический университет,Пермь,70.0,15.0,183000.0,200.0,,0.0,Очная,Русский,государственный,85.0,0.8235294117647058,12.117246896289503,0,0,0,0
1468,09.03.02 | Информационные системы и технологии,Информационные системы и технологии в экономической сфере,Факультет прикладной математики и механики ПНИПУ,Бакалавриат,Пермский национальный исследовательский политехнический университет,Пермь,,30.0,75000.0,,,0.0,Заочная,Русский,государственный,,0.0,11.225256725762893,0,0,2,1
1469,09.03.02 | Информационные системы и технологии,Информационные системы и технологии в экономической сфере,Факультет филиала УГНТУ в г. Стерлитамаке,Бакалавриат,"Уфимский государственный нефтяной технический университет, филиал в г. Стерлитамаке",Стерлитама..,,10.0,90000.0,,119.0,0.0,Заочная,Русский,государственный,,0.0,11.407576060361786,0,0,2,1
1470,01.03.02 | Прикладная математика и информатика,Математическое и программное обеспечение киберфизических систем,Институт интеллектуальных кибернетических систем НИЯУ МИФИ,Бакалавриат,Национальный исследовательский ядерный университет «МИФИ»,Москва,27.0,17.0,440000.0,305.0,,0.0,Очная,Русский,государственный,44.0,0.6136363636363636,12.994532278619134,0,0,1,2
1471,03.03.01 | Прикладные математика и физика,Теоретическая физика и математическое моделирование,Институт лазерных и плазменных технологий НИЯУ МИФИ,Бакалавриат,Национальный исследовательский ядерный университет «МИФИ»,Москва,14.0,2.0,420000.0,281.0,,0.0,Очная,Русский,государственный,16.0,0.875,12.948012371209098,0,0,0,0
1472,09.03.01 | Информатика и вычислительная техника,Защищенные высокопроизводительные вычислительные системы,Центр индивидуального обучения МТУСИ,Бакалавриат,Московский технический университет связи и информатики,Москва,10.0,500.0,130000.0,281.0,,0.0,Очно-заочная,Русский,государственный,510.0,0.0196078431372549,11.775297421715827,0,0,1,2
1473,09.03.01 | Информатика и вычислительная техника,Защищенные высокопроизводительные вычислительные системы,Центр индивидуального обучения МТУСИ,Бакалавриат,Московский технический университет связи и информатики,Москва,10.0,55.0,150000.0,,99.0,0.0,Очно-заочная,Русский,государственный,65.0,0.15384615384615385,11.918397239722838,0,0,2,1
1474,09.03.01 | Информатика и вычислительная техника,Защищенные высокопроизводительные вычислительные системы,Институт интеллектуальных кибернетических систем НИЯУ МИФИ,Бакалавриат,Национальный исследовательский ядерный университет «МИФИ»,Москва,,50.0,100000.0,,,0.0,Очно-заочная,Русский,государственный,,0.0,11.51293546492023,0,0,2,1
1475,38.03.05 | Бизнес-информатика,Бизнес-информатика в цифровой экономике,Институт компьютерных наук НИТУ МИСИС,Бакалавриат,Университет науки и технологий МИСИС,Москва,5.0,14.0,337000.0,287.0,,0.0,Очная,Русский,государственный,19.0,0.2631578947368421,12.727841176689147,0,0,0,0
1476,38.03.05 | Бизнес-информатика,Бизнес-информатика в цифровой экономике,Институт экономики и финансов МИИТ,Бакалавриат,Российский университет транспорта,Москва,,30.0,312600.0,,,0.0,Очная,Русский,государственный,,0.0,12.652682895940725,0,0,0,0
1477,38.03.05 | Бизнес-информатика,Бизнес-информатика в цифровой экономике,Институт экономики и финансов МИИТ,Бакалавриат,Российский университет транспорта,Москва,,34.0,312600.0,,,0.0,Дистанционная,Русский,государственный,,0.0,12.652682895940725,0,0,0,0
1478,38.03.05 | Бизнес-информатика,Бизнес-информатика в цифровой экономике,Факультет бизнес-информатики и управления комплексными системами (НИЯУ МИФИ),Бакалавриат,Национальный исследовательский ядерный университет «МИФИ»,Москва,6.0,5.0,340000.0,273.0,,0.0,Очная,Русский,государственный,11.0,0.5454545454545454,12.73670383776449,0,0,0,0
1479,38.03.05 | Бизнес-информатика,Бизнес-информатика в цифровой экономике,Факультет социальных технологий и экономики данных СПбГУТ,Бакалавриат,Санкт-Петербургский государственный университет телекоммуникаций им. проф. М.А.Бонч-Бруевича,Санкт-Пете..,,100.0,240000.0,,,0.0,Очная,Русский,государственный,,0.0,12.388398368982115,0,0,0,0
1480,38.03.05 | Бизнес-информатика,Бизнес-информатика в цифровой экономике,Факультет высшего профессионального образования БГУ,Бакалавриат,Байкальский государственный университет,Иркутск,6.0,30.0,192500.0,220.0,,0.0,Очная,Русский,государственный,36.0,0.16666666666666666,12.167856627501678,0,0,0,0
1481,38.03.05 | Бизнес-информатика,Бизнес-информатика в цифровой экономике,Факультет информационных технологий АлтГТУ,Бакалавриат,Алтайский государственный технический университет им. И.И. Ползунова,Барнаул,,25.0,140000.0,,,0.0,Очная,Русский,государственный,,0.0,11.849404844423074,0,0,2,1
1482,38.03.05 | Бизнес-информатика,Бизнес-информатика в цифровой экономике,Институт экономики и управления ПГУ,Бакалавриат,Пензенский государственный университет,Пенза,,55.0,127067.0,,,0.0,Очная,Русский,государственный,,0.0,11.752477655218454,0,0,2,1
1483,38.03.05 | Бизнес-информатика,Бизнес-информатика в цифровой экономике,Институт экономики и управления ПГУ,Бакалавриат,Пензенский государственный университет,Пенза,,30.0,67140.0,,116.0,0.0,Очно-заочная,Русский,государственный,,0.0,11.114550164673927,0,0,2,1
1484,38.03.05 | Бизнес-информатика,Бизнес-информатика в цифровой экономике,Институт экономики и управления КФУ им. В.И. Вернадского,Бакалавриат,Крымский федеральный университет имени В.И. Вернадского,Симферопол..,20.0,20.0,175000.0,206.0,,0.0,Очная,Русский,государственный,40.0,0.5,12.07254696717504,0,0,0,0
1485,38.03.05 | Бизнес-информатика,Технологическое предпринимательство,Институт финансовых технологий и экономической безопасности НИЯУ МИФИ,Бакалавриат,Национальный исследовательский ядерный университет «МИФИ»,Москва,6.0,5.0,380000.0,273.0,,0.0,Очная,Русский,государственный,11.0,0.5454545454545454,12.847929163278053,0,0,0,0
1486,38.03.05 | Бизнес-информатика,Технологическое предпринимательство,Институт информационных технологий и управляющих систем БГТУ им. В.Г. Шухова,Бакалавриат,Белгородский государственный технологический университет им. В.Г. Шухова,Белгород,2.0,20.0,140000.0,257.0,,0.0,Очная,Русский,государственный,22.0,0.09090909090909091,11.849404844423074,0,0,2,1
1487,38.03.05 | Бизнес-информатика,Технологическое предпринимательство,Факультет математики и информационных технологий Стерлитамакского филиала УУНиТ,Бакалавриат,Стерлитамакский филиал Уфимского университета науки и технологий,Стерлитама..,,22.0,148300.0,,116.0,0.0,Очная,Русский,государственный,,0.0,11.906999271191623,0,0,2,1
1488,01.03.04 | Прикладная математика,Применение математических методов к решению инженерных и экономических задач,Факультет «Авиастроение» ДГТУ,Бакалавриат,Донской государственный технический университет,Ростов-на-..,33.0,10.0,135000.0,177.0,119.0,0.0,Очная,Русский,государственный,43.0,0.7674418604651163,11.813037464800539,0,0,0,0
1489,01.03.04 | Прикладная математика,Применение математических методов к решению инженерных и экономических задач,Факультет математики и естественных наук ИжГТУ имени М. Т. Калашникова,Бакалавриат,Ижевский государственный технический университет им. М.Т. Калашникова,Ижевск,17.0,2.0,140700.0,169.0,119.0,0.0,Очная,Русский,государственный,19.0,0.8947368421052632,11.854392350397763,0,0,0,0
1490,01.03.04 | Прикладная математика,Применение математических методов к решению инженерных и экономических задач,Математический факультет ВГУ,Бакалавриат,Воронежский государственный университет,Воронеж,25.0,10.0,150000.0,158.0,119.0,0.0,Очная,Русский,государственный,35.0,0.7142857142857143,11.918397239722838,0,0,0,0
1491,09.03.01 | Информатика и вычислительная техника,Системотехника и автоматизация проектирования и управления в строительстве,Факультет дорожных и технологических машин МАДИ,Бакалавриат,Московский автомобильно-дорожный государственный технический университет (МАДИ),Москва,29.0,20.0,381600.0,217.0,,0.0,Очная,Русский,государственный,49.0,0.5918367346938775,12.852130839097908,0,0,0,0
1492,09.03.02 | Информационные системы и технологии,Информационные системы и технологии в энергетике,Факультет Саяно-Шушенского филиала СФУ,Бакалавриат,Саяно-Шушенский филиал Сибирского федерального университета,Саяногорск,18.0,2.0,189290.0,167.0,,0.0,Очная,Русский,государственный,20.0,0.9,12.151040792485565,0,0,0,0
1493,09.03.02 | Информационные системы и технологии,Информационные системы и технологии в энергетике,Институт информатики и телекоммуникаций СибГУ им. М.Ф. Решетнева,Бакалавриат,Сибирский государственный университет науки и технологий имени академика М.Ф. Решетнева,Красноярск,25.0,5.0,246000.0,172.0,,0.0,Очная,Русский,государственный,30.0,0.8333333333333334,12.413090879946887,0,0,0,0
1494,01.03.02 | Прикладная математика и информатика,Высокопроизводительные вычисления и технологии параллельного программирования,Высшая школа информационных технологий и автоматизированных систем САФУ,Бакалавриат,Северный (Арктический) федеральный университет имени М.В. Ломоносова,Архангельс..,30.0,5.0,195000.0,217.0,,0.0,Очная,Русский,государственный,35.0,0.8571428571428571,12.180759965737863,0,0,0,0
1495,01.03.02 | Прикладная математика и информатика,Высокопроизводительные вычисления и технологии параллельного программирования,Факультет информационных технологий и электроники СарФТИ НИЯУ МИФИ,Бакалавриат,Саровский физико-технический институт (филиал НИЯУ МИФИ),Саров,15.0,10.0,149170.0,222.0,,0.0,Очная,Русский,государственный,25.0,0.6,11.912848577886315,0,0,0,0
1496,01.03.01 | Математика,Преподавание математики и информатики,Институт математики и информатики МПГУ,Бакалавриат,Московский педагогический государственный университет,Москва,20.0,25.0,270000.0,228.0,,0.0,Очная,Русский,государственный,45.0,0.4444444444444444,12.506180941677357,0,0,0,0
1497,01.03.01 | Математика,Преподавание математики и информатики,Факультет математики и компьютерных наук КубГУ,Бакалавриат,Кубанский государственный университет,Краснодар,13.0,3.0,170000.0,183.0,130.0,0.0,Очная,Русский,государственный,16.0,0.8125,12.04355959836804,0,0,0,0
1498,01.03.01 | Математика,Преподавание математики и информатики,Математический факультет ТвГУ,Бакалавриат,Тверской государственный университет,Тверь,7.0,8.0,139900.0,160.0,,0.0,Очная,Русский,государственный,15.0,0.4666666666666667,11.848690308590857,0,0,0,0
1499,01.03.01 | Математика,Математическое моделирование,Факультет математики и компьютерных наук КубГУ,Бакалавриат,Кубанский государственный университет,Краснодар,12.0,2.0,170000.0,183.0,130.0,0.0,Очная,Русский,государственный,14.0,0.8571428571428571,12.04355959836804,0,0,0,0
1500,02.03.01 | Математика и компьютерные науки,"Алгебра, теория чисел и дискретный анализ",Механико-математический факультет НГУ,Бакалавриат,Новосибирский национальный исследовательский государственный университет,Новосибирс..,8.0,4.0,210000.0,239.0,,0.0,Очная,Русский,государственный,12.0,0.6666666666666666,12.25486757159303,0,0,0,0
1501,02.03.01 | Математика и компьютерные науки,"Алгебра, теория чисел и дискретный анализ",Факультет математики и компьютерных наук КубГУ,Бакалавриат,Кубанский государственный университет,Краснодар,20.0,6.0,170000.0,197.0,,0.0,Очная,Русский,государственный,26.0,0.7692307692307693,12.04355959836804,0,0,0,0
1502,01.05.01 | Фундаментальная математика и механика,Математическое моделирование,Институт естественных и математических наук СГАУ,Специалитет,Самарский национальный исследовательский университет имени академика С.П. Королева,Самара,17.0,25.0,155700.0,176.0,119.0,0.0,Очная,Русский,государственный,42.0,0.40476190476190477,11.955692780409043,0,0,0,0
1503,01.05.01 | Фундаментальная математика и механика,Математическое моделирование,Факультет математики и компьютерных наук КубГУ,Специалитет,Кубанский государственный университет,Краснодар,9.0,1.0,170000.0,209.0,,0.0,Очная,Русский,государственный,10.0,0.9,12.04355959836804,0,0,0,0
1504,01.05.01 | Фундаментальная математика и механика,Математическое моделирование,Политехнический институт ПГУ,Специалитет,Пензенский государственный университет,Пенза,10.0,10.0,127067.0,187.0,119.0,0.0,Очная,Русский,государственный,20.0,0.5,11.752477655218454,0,0,0,0
1505,01.03.02 | Прикладная математика и информатика,Математическое и компьютерное моделирование в физике,Факультет компьютерных технологий и прикладной математики КубГУ,Бакалавриат,Кубанский государственный университет,Краснодар,20.0,9.0,189000.0,233.0,,0.0,Очная,Русский,государственный,29.0,0.6896551724137931,12.149507585033072,0,0,0,0
1506,01.03.04 | Прикладная математика,Математическая экономика,Компьютерные науки и прикладная математика МАИ,Бакалавриат,Московский авиационный институт,Москва,28.0,4.0,353740.0,262.0,,0.0,Очная,Русский,государственный,32.0,0.875,12.776320285919827,0,0,0,0
1507,01.03.04 | Прикладная математика,Математическое моделирование динамических систем,Факультет Фундаментальные науки(ФН),Бакалавриат,Московский государственный технический университет им. Н.Э. Баумана,Москва,19.0,10.0,459000.0,288.0,,0.0,Очная,Русский,государственный,29.0,0.6551724137931034,13.036807667689546,0,0,1,2
1508,01.03.04 | Прикладная математика,Математическое и компьютерное моделирование в механике,Компьютерные науки и прикладная математика МАИ,Бакалавриат,Московский авиационный институт,Москва,26.0,3.0,353740.0,262.0,,0.0,Очная,Русский,государственный,29.0,0.896551724137931,12.776320285919827,0,0,0,0
1509,01.03.04 | Прикладная математика,Математическое и программное обеспечение систем обработки информации и управления,Компьютерные науки и прикладная математика МАИ,Бакалавриат,Московский авиационный институт,Москва,26.0,3.0,353740.0,262.0,,0.0,Очная,Русский,государственный,29.0,0.896551724137931,12.776320285919827,0,0,0,0
1510,01.03.04 | Прикладная математика,Математическое и программное обеспечение систем обработки информации и управления,"Факультет филиала ""Восход"" МАИ в Байконуре",Бакалавриат,Байконурский филиал «Восход» Московского авиационного института (национального исследовательского университета),Астана,15.0,10.0,240870.0,157.0,119.0,0.0,Очная,Русский,государственный,25.0,0.6,12.392016799455277,0,0,0,0
1511,01.03.04 | Прикладная математика,Математическое и программное обеспечение систем обработки информации и управления,Факультет филиала НГТУ в г. Арзамас,Бакалавриат,Арзамасский политехнический институт Нижегородского Государственного Политехнического Университета им. Р.Е. Алексеева,Арзамас,15.0,5.0,137060.0,162.0,119.0,0.0,Очная,Русский,государственный,20.0,0.75,11.82818136118791,0,0,0,0
1512,09.03.01 | Информатика и вычислительная техника,Автоматизированное управление бизнес-процессами и финансами,"Информатика, кибернетика и электроэнергетика МАИ",Бакалавриат,Московский авиационный институт,Москва,25.0,5.0,406210.0,253.0,,0.0,Очная,Русский,государственный,30.0,0.8333333333333334,12.91462800801779,0,0,0,0
1513,09.03.01 | Информатика и вычислительная техника,Автоматизированное управление бизнес-процессами и финансами,Высшая школа электроники и компьютерных наук ЮУрГУ,Бакалавриат,Южно-Уральский государственный университет (национальный исследовательский университет),Челябинск,25.0,10.0,191000.0,203.0,119.0,0.0,Очная,Русский,государственный,35.0,0.7142857142857143,12.160033942617156,0,0,0,0
1514,09.03.01 | Информатика и вычислительная техника,Автоматизированное управление бизнес-процессами и финансами,Факультет вычислительных систем ТУСУР,Бакалавриат,Томский государственный университет систем управления и радиоэлектроники,Томск,20.0,40.0,198500.0,195.0,,0.0,Очная,Русский,государственный,60.0,0.3333333333333333,12.198549416880068,0,0,0,0
1515,09.03.01 | Информатика и вычислительная техника,Автоматизированное управление бизнес-процессами и финансами,Факультет филиала УГНТУ в г. Салавате,Бакалавриат,"Уфимский государственный нефтяной технический университет, филиал в г. Салавате",Салават,17.0,8.0,168000.0,163.0,119.0,0.0,Очная,Русский,государственный,25.0,0.68,12.031725210748633,0,0,0,0
1516,09.03.01 | Информатика и вычислительная техника,Автоматизированное управление бизнес-процессами и финансами,Факультет филиала УГНТУ в г. Салавате,Бакалавриат,"Уфимский государственный нефтяной технический университет, филиал в г. Салавате",Салават,,10.0,90000.0,,,0.0,Заочная,Русский,государственный,,0.0,11.407576060361786,0,0,2,1
1517,09.03.03 | Прикладная информатика,Прикладная информатика в государственном и муниципальном управлении,Факультет таможенного дела Российской таможенной академии,Бакалавриат,Российская таможенная академия,Москва,,25.0,241000.0,,,0.0,Очная,Русский,государственный,,0.0,12.392556361841777,0,0,0,0
1518,09.03.03 | Прикладная информатика,Прикладная информатика в государственном и муниципальном управлении,Факультет ХТИ СФУ,Бакалавриат,Хакасский технический институт Сибирского федерального университета,Абакан,25.0,1.0,186432.0,189.0,,0.0,Очная,Русский,государственный,26.0,0.9615384615384616,12.135827204190749,0,0,0,0
1519,09.03.03 | Прикладная информатика,Прикладная информатика в государственном и муниципальном управлении,Факультет экономики и управления КЧГУ имени У.Д. Алиева,Бакалавриат,Карачаево-Черкесский государственный университет имени У.Д. Алиева,Карачаевск,24.0,20.0,134000.0,137.0,119.0,0.0,Очная,Русский,государственный,44.0,0.5454545454545454,11.80560254159177,0,0,0,0
1520,09.03.03 | Прикладная информатика,Прикладная информатика в государственном и муниципальном управлении,Факультет экономики и управления КЧГУ имени У.Д. Алиева,Бакалавриат,Карачаево-Черкесский государственный университет имени У.Д. Алиева,Карачаевск,,20.0,40700.0,,119.0,0.0,Заочная,Русский,государственный,,0.0,10.614007941153417,0,0,2,1
1521,09.03.03 | Прикладная информатика,Прикладная информатика в государственном и муниципальном управлении,Факультет экономики и управления КЧГУ имени У.Д. Алиева,Бакалавриат,Карачаево-Черкесский государственный университет имени У.Д. Алиева,Карачаевск,,15.0,103000.0,,119.0,0.0,Очно-заочная,Русский,государственный,,0.0,11.542493975902508,0,0,2,1
1522,09.03.03 | Прикладная информатика,Прикладная информатика в государственном и муниципальном управлении,Институт математики и информатики СВФУ,Бакалавриат,Северо-Восточный федеральный университет имени М. К. Аммосова,Якутск,25.0,1.0,342000.0,173.0,,0.0,Очная,Русский,государственный,26.0,0.9615384615384616,12.742568940017076,0,0,0,0
1523,09.03.03 | Прикладная информатика,Прикладная информатика в государственном и муниципальном управлении,Факультет информационных систем в экономике и управлении ДГТУ в г. Махачкала,Бакалавриат,Дагестанский государственный технический университет,Махачкала,20.0,3.0,122184.0,169.0,,0.0,Очная,Русский,государственный,23.0,0.8695652173913043,11.71329156859445,0,0,0,0
1524,09.03.03 | Прикладная информатика,Прикладная информатика в государственном и муниципальном управлении,Факультет информационных систем в экономике и управлении ДГТУ в г. Махачкала,Бакалавриат,Дагестанский государственный технический университет,Махачкала,11.0,5.0,38100.0,192.0,,0.0,Заочная,Русский,государственный,16.0,0.6875,10.547995807489514,0,0,2,1
1525,09.03.03 | Прикладная информатика,Прикладная информатика в технических системах,"Информатика, кибернетика и электроэнергетика МАИ",Бакалавриат,Московский авиационный институт,Москва,40.0,15.0,406210.0,263.0,,0.0,Очная,Русский,государственный,55.0,0.7272727272727273,12.91462800801779,0,0,1,2
1526,09.03.03 | Прикладная информатика,Прикладная информатика в технических системах,Факультет филиала «МИСИС» в Новотроицке,Бакалавриат,Новотроицкий филиал Национального исследовательского технологического университета «МИСИС»,Оренбург,17.0,1.0,165000.0,198.0,,0.0,Очная,Русский,государственный,18.0,0.9444444444444444,12.013706813470414,0,0,0,0
1527,09.03.03 | Прикладная информатика,Прикладная информатика в технических системах,Факультет филиала «МИСИС» в Новотроицке,Бакалавриат,Новотроицкий филиал Национального исследовательского технологического университета «МИСИС»,Оренбург,,10.0,54400.0,,,0.0,Заочная,Русский,государственный,,0.0,10.904137815028022,0,0,2,1
1528,38.03.05 | Бизнес-информатика,Информационно-аналитическое обеспечение бизнеса,"Факультет управления, бизнеса и права ИМЭС",Бакалавриат,Институт международных экономических связей,Москва,,85.0,310000.0,,,0.0,Очная,Русский,негосударственный,,0.0,12.644330802262578,0,0,0,0
1529,38.03.05 | Бизнес-информатика,Информационно-аналитическое обеспечение бизнеса,"Факультет управления, бизнеса и права ИМЭС",Бакалавриат,Институт международных экономических связей,Москва,,100.0,80000.0,,,0.0,Дистанционная,Русский,негосударственный,,0.0,11.289794413577894,0,0,2,1
1530,38.03.05 | Бизнес-информатика,Информационно-аналитическое обеспечение бизнеса,Факультет компьютерных технологий и информационной безопасности РГЭУ (РИНХ),Бакалавриат,Ростовский государственный экономический университет (РИНХ),Ростов-на-..,,30.0,135000.0,,,0.0,Очная,Русский,государственный,,0.0,11.813037464800539,0,0,2,1
1531,38.03.05 | Бизнес-информатика,Информационно-аналитическое обеспечение бизнеса,Факультет компьютерных технологий и информационной безопасности РГЭУ (РИНХ),Бакалавриат,Ростовский государственный экономический университет (РИНХ),Ростов-на-..,,40.0,65000.0,,116.0,0.0,Очно-заочная,Русский,государственный,,0.0,11.082157933374816,0,0,2,1
1532,38.03.05 | Бизнес-информатика,Информационно-аналитическое обеспечение бизнеса,Факультет компьютерных технологий и информационной безопасности РГЭУ (РИНХ),Бакалавриат,Ростовский государственный экономический университет (РИНХ),Ростов-на-..,,50.0,65000.0,,116.0,0.0,Очно-заочная,Русский,государственный,,0.0,11.082157933374816,0,0,2,1
1533,38.03.05 | Бизнес-информатика,Информационно-аналитическое обеспечение бизнеса,Факультет компьютерных технологий и информационной безопасности РГЭУ (РИНХ),Бакалавриат,Ростовский государственный экономический университет (РИНХ),Ростов-на-..,,10.0,65000.0,,116.0,0.0,Очно-заочная,Русский,государственный,,0.0,11.082157933374816,0,0,2,1
1534,38.03.05 | Бизнес-информатика,Информационно-аналитическое обеспечение бизнеса,Институт информационных технологий и коммуникаций АГТУ,Бакалавриат,Астраханский государственный технический университет,Астрахань,,25.0,164000.0,,,0.0,Очная,Русский,государственный,,0.0,12.00762780434872,0,0,2,1
1535,09.03.01 | Информатика и вычислительная техника,Технологии разработки программного обеспечения,Институт дистанционного и дополнительного образования НИУ МЭИ,Бакалавриат,Национальный исследовательский университет «МЭИ»,Москва,,200.0,144000.0,,,0.0,Заочная,Русский,государственный,,0.0,11.87757552297847,0,0,2,1
1536,09.03.01 | Информатика и вычислительная техника,Технологии разработки программного обеспечения,Институт управления и цифровых технологий ИУЦТ МИИТ,Бакалавриат,Российский университет транспорта,Москва,39.0,7.0,350000.0,223.0,,0.0,Очная,Русский,государственный,46.0,0.8478260869565217,12.765691290604371,0,0,0,0
1537,09.03.01 | Информатика и вычислительная техника,Технологии разработки программного обеспечения,Физтех-школа аэрокосмических технологий,Бакалавриат,Московский физико-технический институт (Государственный университет),Москва,36.0,4.0,767000.0,282.0,240.0,0.0,Очная,Русский,государственный,40.0,0.9,13.550243384129509,0,0,1,2
1538,09.03.01 | Информатика и вычислительная техника,Технологии разработки программного обеспечения,Институт информационных технологий и технологического образования РГПУ,Бакалавриат,Российский государственный педагогический университет имени А. И. Герцена,Санкт-Пете..,10.0,20.0,266200.0,259.0,,0.0,Очная,Русский,государственный,30.0,0.3333333333333333,12.492006941510096,0,0,0,0
1539,09.03.01 | Информатика и вычислительная техника,Технологии разработки программного обеспечения,Институт информационных технологий и технологического образования РГПУ,Бакалавриат,Российский государственный педагогический университет имени А. И. Герцена,Санкт-Пете..,,10.0,89000.0,,,0.0,Заочная,Русский,государственный,,0.0,11.39640288460621,0,0,2,1
1540,09.03.01 | Информатика и вычислительная техника,Технологии разработки программного обеспечения,Высшая школа печати и медиатехнологий СПбГУПТД,Бакалавриат,Санкт-Петербургский государственный университет промышленных технологий и дизайна,Санкт-Пете..,8.0,50.0,224000.0,248.0,,0.0,Очная,Русский,государственный,58.0,0.13793103448275862,12.319405795112926,0,0,0,0
1541,09.03.01 | Информатика и вычислительная техника,Технологии разработки программного обеспечения,Институт системного анализа и управления,Бакалавриат,Государственный университет «Дубна»,Москва,20.0,8.0,240200.0,123.0,119.0,0.0,Очная,Русский,государственный,28.0,0.7142857142857143,12.38923135181669,0,0,0,0
1542,09.03.01 | Информатика и вычислительная техника,Технологии разработки программного обеспечения,Факультет информационных технологий НГУ,Бакалавриат,Новосибирский национальный исследовательский государственный университет,Новосибирс..,137.0,36.0,225000.0,247.0,,0.0,Очная,Русский,государственный,173.0,0.791907514450867,12.323860125621126,0,0,1,2
1543,09.03.01 | Информатика и вычислительная техника,Технологии разработки программного обеспечения,Институт цифровых технологий и экономики КГЭУ,Бакалавриат,Казанский государственный энергетический университет,Казань,56.0,25.0,173740.0,228.0,,0.0,Очная,Русский,государственный,81.0,0.691358024691358,12.065320963524295,0,0,0,0
1544,09.03.01 | Информатика и вычислительная техника,Технологии разработки программного обеспечения,Институт цифровых технологий и экономики КГЭУ,Бакалавриат,Казанский государственный энергетический университет,Казань,,75.0,67400.0,,,0.0,Заочная,Русский,государственный,,0.0,11.118415133585586,0,0,2,1
1545,09.03.01 | Информатика и вычислительная техника,Технологии разработки программного обеспечения,Факультет информационных технологий и компьютерных систем ОмГТУ,Бакалавриат,Омский государственный технический университет,Омск,52.0,8.0,161400.0,200.0,,0.0,Очная,Русский,государственный,60.0,0.8666666666666667,11.991647230585656,0,0,0,0
1546,09.03.01 | Информатика и вычислительная техника,Технологии разработки программного обеспечения,Факультет цифровых технологий и кибербезопасности ОмГУ,Бакалавриат,Омский государственный университет им. Ф.М. Достоевского,Омск,24.0,100.0,161640.0,171.0,,0.0,Очная,Русский,государственный,124.0,0.1935483870967742,11.993133105760752,0,0,2,1
1547,09.03.01 | Информатика и вычислительная техника,Технологии разработки программного обеспечения,Факультет цифровых технологий и кибербезопасности ОмГУ,Бакалавриат,Омский государственный университет им. Ф.М. Достоевского,Омск,,100.0,61560.0,,,0.0,Заочная,Русский,государственный,,0.0,11.027783832135368,0,0,2,1
1548,09.03.01 | Информатика и вычислительная техника,Технологии разработки программного обеспечения,Факультет вычислительных систем ТУСУР,Бакалавриат,Томский государственный университет систем управления и радиоэлектроники,Томск,50.0,10.0,198500.0,195.0,,0.0,Очная,Русский,государственный,60.0,0.8333333333333334,12.198549416880068,0,0,0,0
1549,09.03.01 | Информатика и вычислительная техника,Технологии разработки программного обеспечения,Факультет информационных технологий,Бакалавриат,Московский политехнический университет,Москва,35.0,30.0,426100.0,260.0,,0.0,Очная,Русский,государственный,65.0,0.5384615384615384,12.962431686352183,0,0,1,2
1550,09.03.01 | Информатика и вычислительная техника,Технологии разработки программного обеспечения,Институт математики и информатики СВФУ,Бакалавриат,Северо-Восточный федеральный университет имени М. К. Аммосова,Якутск,40.0,5.0,342000.0,141.0,124.0,0.0,Очная,Русский,государственный,45.0,0.8888888888888888,12.742568940017076,0,0,0,0
1551,09.03.01 | Информатика и вычислительная техника,Технологии разработки программного обеспечения,Технический факультет РИИ АлтГТУ,Бакалавриат,Рубцовский индустриальный институт (филиал) Алтайского государственного технического университета имени И.И.Ползунова,Рубцовск,15.0,5.0,150000.0,182.0,,0.0,Очная,Русский,государственный,20.0,0.75,11.918397239722838,0,0,0,0
1552,09.03.01 | Информатика и вычислительная техника,Технологии разработки программного обеспечения,Технический факультет РИИ АлтГТУ,Бакалавриат,Рубцовский индустриальный институт (филиал) Алтайского государственного технического университета имени И.И.Ползунова,Рубцовск,,10.0,65000.0,,119.0,0.0,Заочная,Русский,государственный,,0.0,11.082157933374816,0,0,2,1
1553,09.03.01 | Информатика и вычислительная техника,Технологии разработки программного обеспечения,Инженерно-экономический факультет ВПИ (филиал) ВолгГТУ,Бакалавриат,Волжский политехнический институт (филиал) Волгоградского государственного технического университета,Волжский,21.0,20.0,149530.0,184.0,119.0,0.0,Очная,Русский,государственный,41.0,0.5121951219512195,11.91525900817674,0,0,0,0
1554,09.03.01 | Информатика и вычислительная техника,Технологии разработки программного обеспечения,Инженерно-экономический факультет ВПИ (филиал) ВолгГТУ,Бакалавриат,Волжский политехнический институт (филиал) Волгоградского государственного технического университета,Волжский,,60.0,58000.0,,,0.0,Заочная,Русский,государственный,,0.0,10.968215530759236,0,0,2,1
1555,09.03.01 | Информатика и вычислительная техника,Технологии разработки программного обеспечения,Факультет высшего образования Чукотский филиал СВФУ,Бакалавриат,Чукотский филиал Северо-Восточного федерального университета имени М.К. Аммосова,Анадырь,8.0,,,141.0,,0.0,Очная,Русский,государственный,,0.0,,0,0,2,1
1556,09.03.01 | Информатика и вычислительная техника,Технологии разработки программного обеспечения,Факультет высшего образования Чукотский филиал СВФУ,Бакалавриат,Чукотский филиал Северо-Восточного федерального университета имени М.К. Аммосова,Анадырь,,8.0,100000.0,,,0.0,Заочная,Русский,государственный,,0.0,11.51293546492023,0,0,2,1
1557,09.03.03 | Прикладная информатика,Прикладная информатика в управлении корпоративными системами,Институт системной и программной инженерии и информационных технологий МИЭТ,Бакалавриат,Национальный исследовательский университет «МИЭТ»,Москва,50.0,25.0,348000.0,252.0,,0.0,Очная,Русский,государственный,75.0,0.6666666666666666,12.759960632315702,0,0,1,2
1558,09.03.03 | Прикладная информатика,Прикладная информатика в управлении корпоративными системами,Институт системной и программной инженерии и информационных технологий МИЭТ,Бакалавриат,Национальный исследовательский университет «МИЭТ»,Москва,,50.0,194000.0,,,0.0,Заочная,Русский,государственный,,0.0,12.175618592671356,0,0,2,1
1559,09.03.03 | Прикладная информатика,Прикладная информатика в управлении корпоративными системами,Институт системного анализа и управления,Бакалавриат,Государственный университет «Дубна»,Москва,13.0,5.0,240200.0,149.0,119.0,0.0,Очная,Русский,государственный,18.0,0.7222222222222222,12.38923135181669,0,0,0,0
1560,09.03.03 | Прикладная информатика,Прикладная информатика в управлении корпоративными системами,Институт системного анализа и управления,Бакалавриат,Государственный университет «Дубна»,Москва,,40.0,49000.0,,,0.0,Заочная,Русский,государственный,,0.0,10.799595985047786,0,0,2,1
1561,09.03.03 | Прикладная информатика,Прикладная информатика в управлении корпоративными системами,Факультет бизнес-информатики СГУПС,Бакалавриат,Сибирский государственный университет путей сообщения,Новосибирс..,25.0,35.0,175000.0,190.0,,0.0,Очная,Русский,государственный,60.0,0.4166666666666667,12.07254696717504,0,0,0,0
1562,09.03.03 | Прикладная информатика,Прикладная информатика в управлении корпоративными системами,Факультет Дмитровского института непрерывного образования университета «Дубна»,Бакалавриат,Дмитровский институт непрерывного образования Государственного университета «Дубна»,Дмитров,40.0,5.0,62600.0,217.0,,0.0,Очно-заочная,Русский,государственный,45.0,0.8888888888888888,11.044536531401494,0,0,0,0
1563,09.03.03 | Прикладная информатика,Информационные технологии в управлении цифровой экономикой,Факультет компьютерных технологий и информационной безопасности РГЭУ (РИНХ),Бакалавриат,Ростовский государственный экономический университет (РИНХ),Ростов-на-..,22.0,30.0,154000.0,145.0,119.0,0.0,Очная,Русский,государственный,52.0,0.4230769230769231,11.944714374881176,0,0,0,0
1564,09.03.03 | Прикладная информатика,Информационные технологии в управлении цифровой экономикой,Факультет компьютерных технологий и информационной безопасности РГЭУ (РИНХ),Бакалавриат,Ростовский государственный экономический университет (РИНХ),Ростов-на-..,21.0,30.0,55000.0,183.0,,0.0,Заочная,Русский,государственный,51.0,0.4117647058823529,10.915106645867503,0,0,2,1
1565,09.03.03 | Прикладная информатика,Информационные технологии в управлении цифровой экономикой,Факультет компьютерных технологий и информационной безопасности РГЭУ (РИНХ),Бакалавриат,Ростовский государственный экономический университет (РИНХ),Ростов-на-..,,50.0,55000.0,,119.0,0.0,Заочная,Русский,государственный,,0.0,10.915106645867503,0,0,2,1
1566,09.03.03 | Прикладная информатика,Информационные технологии в управлении цифровой экономикой,Факультет компьютерных технологий и информационной безопасности РГЭУ (РИНХ),Бакалавриат,Ростовский государственный экономический университет (РИНХ),Ростов-на-..,,10.0,55000.0,,119.0,0.0,Заочная,Русский,государственный,,0.0,10.915106645867503,0,0,2,1
1567,09.03.03 | Прикладная информатика,Информационные технологии в управлении цифровой экономикой,Факультет высшего профессионального образования БГУ,Бакалавриат,Байкальский государственный университет,Иркутск,14.0,30.0,215800.0,172.0,,0.0,Очная,Русский,государственный,44.0,0.3181818181818182,12.282111965715732,0,0,0,0
1568,09.03.03 | Прикладная информатика,Информационные технологии в управлении цифровой экономикой,Факультет высшего профессионального образования БГУ,Бакалавриат,Байкальский государственный университет,Иркутск,,50.0,82000.0,,,0.0,Заочная,Русский,государственный,,0.0,11.314486721293981,0,0,2,1
1569,09.03.03 | Прикладная информатика,Информационные технологии в управлении цифровой экономикой,Факультет информационных технологий и инженерии ДГУНХ,Бакалавриат,Дагестанский государственный университет народного хозяйства,Махачкала,50.0,50.0,122010.0,139.0,,0.0,Очная,Русский,государственный,100.0,0.5,11.711866483585297,0,0,0,0
1570,09.03.03 | Прикладная информатика,Информационные технологии в управлении цифровой экономикой,Факультет информационных технологий и инженерии ДГУНХ,Бакалавриат,Дагестанский государственный университет народного хозяйства,Махачкала,,50.0,48805.0,,,0.0,Очно-заочная,Русский,государственный,,0.0,10.795608535103078,0,0,2,1
1571,09.03.03 | Прикладная информатика,Информационные технологии в управлении цифровой экономикой,Факультет информационных технологий и инженерии ДГУНХ,Бакалавриат,Дагестанский государственный университет народного хозяйства,Махачкала,,60.0,36600.0,,,0.0,Заочная,Русский,государственный,,0.0,10.50783084142058,0,0,2,1
1572,09.03.03 | Прикладная информатика,Информационные технологии в управлении цифровой экономикой,Финансово-экономический факультет БИСТ,Бакалавриат,Башкирский институт социальных технологий (филиал) Образовательного учреждения профсоюзов высшего образования «Академия труда и социальных отношений»,Уфа,,20.0,115000.0,,,0.0,Очная,Русский,негосударственный,,0.0,11.652696102959753,0,0,2,1
1573,09.03.03 | Прикладная информатика,Информационные технологии в управлении цифровой экономикой,Финансово-экономический факультет БИСТ,Бакалавриат,Башкирский институт социальных технологий (филиал) Образовательного учреждения профсоюзов высшего образования «Академия труда и социальных отношений»,Уфа,,20.0,70000.0,,,0.0,Заочная,Русский,негосударственный,,0.0,11.156264806643742,0,0,2,1
1574,09.03.03 | Прикладная информатика,Информационные технологии в управлении цифровой экономикой,Факультет филиала РГЭУ (РИНХ) в г. Черкесске,Бакалавриат,Филиал Ростовский государственный экономический университет (РИНХ) в г. Черкесске,Черкесск,,20.0,120000.0,,119.0,0.0,Очная,Русский,государственный,,0.0,11.695255355062795,0,0,2,1
1575,09.03.03 | Прикладная информатика,Информационные технологии в управлении цифровой экономикой,Факультет филиала РГЭУ (РИНХ) в г. Черкесске,Бакалавриат,Филиал Ростовский государственный экономический университет (РИНХ) в г. Черкесске,Черкесск,,70.0,50000.0,,119.0,0.0,Заочная,Русский,государственный,,0.0,10.819798284210286,0,0,2,1
1576,09.03.03 | Прикладная информатика,Прикладная информатика в менеджменте,Факультет информационных технологий НГПУ,Бакалавриат,Нижегородский государственный педагогический университет им. Козьмы Минина (Мининский университет),Нижний Нов..,25.0,3.0,165540.0,202.0,,0.0,Очная,Русский,государственный,28.0,0.8928571428571429,12.016974177257193,0,0,0,0
1577,09.03.03 | Прикладная информатика,Прикладная информатика в менеджменте,Гуманитарный факультет ПНИПУ,Бакалавриат,Пермский национальный исследовательский политехнический университет,Пермь,20.0,5.0,183000.0,201.0,,0.0,Очная,Русский,государственный,25.0,0.8,12.117246896289503,0,0,0,0
1578,09.03.03 | Прикладная информатика,Прикладная информатика в менеджменте,Гуманитарный факультет ПНИПУ,Бакалавриат,Пермский национальный исследовательский политехнический университет,Пермь,10.0,10.0,75000.0,221.0,,0.0,Заочная,Русский,государственный,20.0,0.5,11.225256725762893,0,0,2,1
1579,09.03.03 | Прикладная информатика,Прикладная информатика в менеджменте,Институт цифровых технологий и естественных наук ТГАСУ,Бакалавриат,Томский государственный архитектурно-строительный университет,Томск,32.0,1.0,198061.0,123.0,,0.0,Очная,Русский,государственный,33.0,0.9696969696969697,12.196335391974426,0,0,0,0
1580,09.03.03 | Прикладная информатика,Прикладная информатика в менеджменте,Институт цифровых технологий и естественных наук ТГАСУ,Бакалавриат,Томский государственный архитектурно-строительный университет,Томск,2.0,10.0,48088.0,,,0.0,Заочная,Русский,государственный,12.0,0.16666666666666666,10.780808739711565,0,0,2,1
1581,09.03.03 | Прикладная информатика,Прикладная информатика в менеджменте,Институт цифровых технологий и естественных наук ТГАСУ,Бакалавриат,Томский государственный архитектурно-строительный университет,Томск,8.0,5.0,67925.0,130.0,,0.0,Очно-заочная,Русский,государственный,13.0,0.6153846153846154,11.126174156306165,0,0,2,1
1582,09.03.03 | Прикладная информатика,Прикладная информатика в менеджменте,"Институт романо-германских языков, информационных и гуманитарных технологий ПГУ",Бакалавриат,Пятигорский государственный университет,Пятигорск,10.0,10.0,193000.0,229.0,,0.0,Очная,Русский,государственный,20.0,0.5,12.170450649220749,0,0,0,0
1583,09.03.03 | Прикладная информатика,Прикладная информатика в менеджменте,"Институт романо-германских языков, информационных и гуманитарных технологий ПГУ",Бакалавриат,Пятигорский государственный университет,Пятигорск,,18.0,82000.0,,,0.0,Заочная,Русский,государственный,,0.0,11.314486721293981,0,0,2,1
1584,09.03.03 | Прикладная информатика,Прикладная информатика в менеджменте,Факультет филиала РАНХиГС в Балаково,Бакалавриат,Балаковский филиал Российской академии народного хозяйства и государственной службы при Президенте РФ,Самара,,15.0,209000.0,,118.0,0.0,Очная,Русский,государственный,,0.0,12.250094315624496,0,0,0,0
1585,09.03.03 | Прикладная информатика,Прикладная информатика в менеджменте,Факультет филиала РАНХиГС в Балаково,Бакалавриат,Балаковский филиал Российской академии народного хозяйства и государственной службы при Президенте РФ,Самара,,30.0,48700.0,,118.0,0.0,Заочная,Русский,государственный,,0.0,10.793454842740767,0,0,2,1
1586,09.03.03 | Прикладная информатика,Прикладная информатика в менеджменте,Факультет политико-правового управления Поволжский институт управления филиал РАНХиГС,Бакалавриат,Поволжский институт управления имени П.А. Столыпина Российской академии народного хозяйства и государственной службы при Президенте РФ,Саратов,15.0,20.0,150800.0,194.0,,0.0,Очная,Русский,государственный,35.0,0.42857142857142855,11.92371636583374,0,0,0,0
1587,09.03.03 | Прикладная информатика,Прикладная информатика в менеджменте,Факультет основных образовательных программ РОСИ,Бакалавриат,Региональный открытый социальный институт,Курск,,10.0,90000.0,,99.0,0.0,Очная,Русский,негосударственный,,0.0,11.407576060361786,0,0,2,1
1588,09.03.03 | Прикладная информатика,Прикладная информатика в менеджменте,Факультет основных образовательных программ РОСИ,Бакалавриат,Региональный открытый социальный институт,Курск,,10.0,40000.0,,,0.0,Заочная,Русский,негосударственный,,0.0,10.596659732783579,0,0,2,1
1589,09.03.03 | Прикладная информатика,Прикладная информатика в менеджменте,Инженерно-мелиоративный факультет НИМИ ДонГАУ,Бакалавриат,Новочеркасский инженерно-мелиоративный институт имени А.К. Кортунова - филиал Донского государственного аграрного университета,Новочеркасск,,30.0,153254.0,,99.0,0.0,Очная,Русский,государственный,,0.0,11.939858479693633,0,0,2,1
1590,09.03.03 | Прикладная информатика,Прикладная информатика в менеджменте,Инженерно-мелиоративный факультет НИМИ ДонГАУ,Бакалавриат,Новочеркасский инженерно-мелиоративный институт имени А.К. Кортунова - филиал Донского государственного аграрного университета,Новочеркасск,,30.0,65000.0,,99.0,0.0,Очно-заочная,Русский,государственный,,0.0,11.082157933374816,0,0,2,1
1591,09.03.03 | Прикладная информатика,Прикладная информатика в менеджменте,Инженерно-мелиоративный факультет НИМИ ДонГАУ,Бакалавриат,Новочеркасский инженерно-мелиоративный институт имени А.К. Кортунова - филиал Донского государственного аграрного университета,Новочеркасск,,30.0,45000.0,,99.0,0.0,Заочная,Русский,государственный,,0.0,10.714439990727769,0,0,2,1
1592,38.03.01 | Экономика,Анализ данных и методы оптимизации в экономике,Факультет экономических наук НИУ ВШЭ,Бакалавриат,Национальный исследовательский университет «Высшая школа экономики»,Москва,45.0,130.0,790000.0,305.0,,0.0,Очная,Русский,государственный,175.0,0.2571428571428571,13.579789490265188,0,0,1,2
1593,38.03.01 | Экономика,Анализ данных и методы оптимизации в экономике,Специальный факультет талантливой молодежи «Высшая школа «Форсайт»» РЭУ им. Г. В. Плеханова,Бакалавриат,Российский экономический университет имени Г.В. Плеханова,Москва,17.0,8.0,480000.0,286.0,,0.0,Очная,Русский,государственный,25.0,0.68,13.081543466215237,0,0,1,2
1594,38.03.01 | Экономика,Анализ данных и методы оптимизации в экономике,Факультет Экономики,Бакалавриат,"Московский Университет ""Синергия""",Москва,,60.0,330000.0,,85.0,0.0,Очная,Русский,негосударственный,,0.0,12.706850963741102,0,0,0,0
1595,38.03.01 | Экономика,Анализ данных и методы оптимизации в экономике,Факультет Экономики,Бакалавриат,"Московский Университет ""Синергия""",Москва,,60.0,310000.0,,85.0,0.0,Очно-заочная,Русский,негосударственный,,0.0,12.644330802262578,0,0,2,1
1596,38.03.01 | Экономика,Анализ данных и методы оптимизации в экономике,Факультет Синергия г. Омск,Бакалавриат,Университет «Синергия» филиал в г. Омск,Омск,,20.0,53000.0,,105.0,0.0,Очная,Русский,негосударственный,,0.0,10.87806606028079,0,0,2,1
1597,01.03.02 | Прикладная математика и информатика,Компьютерные науки,Факультет компьютерных наук НИУ ВШЭ,Бакалавриат,Национальный исследовательский университет «Высшая школа экономики»,Москва,,150.0,550000.0,,,0.0,Очная,Русский,государственный,,0.0,13.217675375388819,0,0,1,2
1598,01.03.02 | Прикладная математика и информатика,Компьютерные науки,Физтех-школа прикладной математики и информатики,Бакалавриат,Московский физико-технический институт (Государственный университет),Москва,,1.0,819000.0,,240.0,0.0,Очная,Русский,государственный,,0.0,13.615840583835682,0,0,1,2
1599,01.03.02 | Прикладная математика и информатика,Компьютерные науки,Политехнический институт ПГУ,Бакалавриат,Пензенский государственный университет,Пенза,15.0,10.0,127067.0,222.0,,0.0,Очная,Русский,государственный,25.0,0.6,11.752477655218454,0,0,0,0
1600,01.03.02 | Прикладная математика и информатика,Компьютерные науки,"Факультет информатики, математики и компьютерных наук филиала НИУ ВШЭ в Нижнем Новгороде",Бакалавриат,Национальный исследовательский университет «Высшая школа экономики» в Нижнем Новгороде,Нижний Нов..,55.0,20.0,390000.0,256.0,,0.0,Очная,Русский,государственный,75.0,0.7333333333333333,12.873904582205107,0,0,1,2
1601,09.03.01 | Информатика и вычислительная техника,Информационные системы,Институт информационных и вычислительных технологий НИУ МЭИ,Бакалавриат,Национальный исследовательский университет «МЭИ»,Москва,47.0,18.0,390000.0,248.0,,0.0,Очная,Русский,государственный,65.0,0.7230769230769231,12.873904582205107,0,0,1,2
1602,09.03.01 | Информатика и вычислительная техника,Информационные системы,Институт цифровых технологий и экономики КГЭУ,Бакалавриат,Казанский государственный энергетический университет,Казань,56.0,25.0,173740.0,228.0,,0.0,Очная,Русский,государственный,81.0,0.691358024691358,12.065320963524295,0,0,0,0
1603,09.03.01 | Информатика и вычислительная техника,Информационные системы,Факультет информационных технологий,Бакалавриат,Московский политехнический университет,Москва,13.0,100.0,151800.0,277.0,,0.0,Заочная,Русский,государственный,113.0,0.11504424778761062,11.930325731537252,0,0,2,1
1604,02.03.03 | Математическое обеспечение и администрирование информационных систем,Разработка и администрирование информационных систем,Институт цифровых технологий управления и информационной безопасности УрГЭУ,Бакалавриат,Уральский государственный экономический университет,Екатеринбург,25.0,25.0,170000.0,195.0,,0.0,Очная,Русский,государственный,50.0,0.5,12.04355959836804,0,0,0,0
1605,02.03.03 | Математическое обеспечение и администрирование информационных систем,Разработка и администрирование информационных систем,Институт естественных и математических наук СГАУ,Бакалавриат,Самарский национальный исследовательский университет имени академика С.П. Королева,Самара,25.0,25.0,155700.0,196.0,119.0,0.0,Очная,Русский,государственный,50.0,0.5,11.955692780409043,0,0,0,0
1606,02.03.03 | Математическое обеспечение и администрирование информационных систем,Разработка и администрирование информационных систем,"Факультет прикладной математики, информатики и механики ВГУ",Бакалавриат,Воронежский государственный университет,Воронеж,35.0,10.0,153200.0,230.0,,0.0,Очная,Русский,государственный,45.0,0.7777777777777778,11.939506063682469,0,0,0,0
1607,02.03.03 | Математическое обеспечение и администрирование информационных систем,Разработка и администрирование информационных систем,Политехнический институт ПГУ,Бакалавриат,Пензенский государственный университет,Пенза,19.0,10.0,127067.0,207.0,,0.0,Очная,Русский,государственный,29.0,0.6551724137931034,11.752477655218454,0,0,0,0
1608,02.03.03 | Математическое обеспечение и администрирование информационных систем,Разработка и администрирование информационных систем,Институт компьютерных наук ЛГТУ,Бакалавриат,Липецкий государственный технический университет,Липецк,23.0,2.0,135497.0,168.0,,0.0,Очная,Русский,государственный,25.0,0.92,11.816712159045359,0,0,0,0
1609,09.03.03 | Прикладная информатика,Прикладная информатика в социологии,Социологический факультет СГУ им. Чернышевского,Бакалавриат,Саратовский национальный исследовательский государственный университет имени Н.Г. Чернышевского,Саратов,10.0,10.0,135888.0,166.0,,0.0,Очная,Русский,государственный,20.0,0.5,11.819593654994243,0,0,0,0
1610,09.03.03 | Прикладная информатика,Прикладная информатика в социологии,Социологический факультет СГУ им. Чернышевского,Бакалавриат,Саратовский национальный исследовательский государственный университет имени Н.Г. Чернышевского,Саратов,10.0,10.0,50004.0,131.0,,0.0,Заочная,Русский,государственный,20.0,0.5,10.819878279410617,0,0,2,1
1611,09.03.03 | Прикладная информатика,Прикладная информатика в социологии,Факультет информационных технологий ТвГТУ,Бакалавриат,Тверской государственный технический университет,Тверь,18.0,15.0,151988.0,141.0,119.0,0.0,Очная,Русский,государственный,33.0,0.5454545454545454,11.93156342878864,0,0,0,0
1612,09.03.02 | Информационные системы и технологии,Аналитические информационные системы,Физико-технический факультет КубГУ,Бакалавриат,Кубанский государственный университет,Краснодар,50.0,3.0,175000.0,210.0,,0.0,Очная,Русский,государственный,53.0,0.9433962264150944,12.07254696717504,0,0,0,0
1613,09.03.02 | Информационные системы и технологии,Аналитические информационные системы,Физико-технический факультет КубГУ,Бакалавриат,Кубанский государственный университет,Краснодар,30.0,2.0,65000.0,185.0,,0.0,Заочная,Русский,государственный,32.0,0.9375,11.082157933374816,0,0,0,0
1614,09.03.02 | Информационные системы и технологии,Аналитические информационные системы,Факультет вычислительных систем ТУСУР,Бакалавриат,Томский государственный университет систем управления и радиоэлектроники,Томск,28.0,22.0,198500.0,185.0,,0.0,Очная,Русский,государственный,50.0,0.56,12.198549416880068,0,0,0,0
1615,01.03.01 | Математика,"Вещественный, комплексный и функциональный анализ",Механико-математический факультет НГУ,Бакалавриат,Новосибирский национальный исследовательский государственный университет,Новосибирс..,6.0,2.0,210000.0,222.0,,0.0,Очная,Русский,государственный,8.0,0.75,12.25486757159303,0,0,0,0
1616,01.03.01 | Математика,"Вещественный, комплексный и функциональный анализ",Школа компьютерных наук ТюмГУ,Бакалавриат,Тюменский государственный университет,Тюмень,25.0,35.0,222738.0,207.0,,0.0,Очная,Русский,государственный,60.0,0.4166666666666667,12.31375596139764,0,0,0,0
1617,01.03.01 | Математика,"Вещественный, комплексный и функциональный анализ",Институт фундаментальных наук КемГУ,Бакалавриат,Кемеровский государственный университет,Кемерово,20.0,2.0,161000.0,136.0,,0.0,Очная,Русский,государственный,22.0,0.9090909090909091,11.989165855127435,0,0,0,0
1618,01.03.01 | Математика,"Алгебра, теория чисел, математическая логика",Механико-математический факультет НГУ,Бакалавриат,Новосибирский национальный исследовательский государственный университет,Новосибирс..,6.0,2.0,210000.0,222.0,,0.0,Очная,Русский,государственный,8.0,0.75,12.25486757159303,0,0,0,0
1619,01.03.02 | Прикладная математика и информатика,Математическое моделирование и вычислительная математика,Институт информационных систем и инженерно-компьютерных технологий,Бакалавриат,Российский новый университет,Москва,,30.0,230000.0,,,0.0,Очная,Русский,негосударственный,,0.0,12.345838935721968,0,0,0,0
1620,01.03.02 | Прикладная математика и информатика,Математическое моделирование и вычислительная математика,Институт искусственного интеллекта РТУ МИРЭА,Бакалавриат,МИРЭА - Российский технологический университет,Москва,56.0,62.0,299000.0,263.0,,0.0,Очная,Русский,государственный,118.0,0.4745762711864407,12.608202196848836,0,0,1,2
1621,01.03.02 | Прикладная математика и информатика,Математическое моделирование и вычислительная математика,Институт искусственного интеллекта РТУ МИРЭА,Бакалавриат,МИРЭА - Российский технологический университет,Москва,,15.0,299000.0,,140.0,0.0,Очная,Русский,государственный,,0.0,12.608202196848836,0,0,0,0
1622,01.03.02 | Прикладная математика и информатика,Математическое моделирование и вычислительная математика,Механико-математический факультет НГУ,Бакалавриат,Новосибирский национальный исследовательский государственный университет,Новосибирс..,5.0,2.0,210000.0,222.0,,0.0,Очная,Русский,государственный,7.0,0.7142857142857143,12.25486757159303,0,0,0,0
1623,01.03.02 | Прикладная математика и информатика,Математическое моделирование и вычислительная математика,"Институт информационных технологий, математики и механики ННГУ им. Лобачевского",Бакалавриат,Национальный исследовательский Нижегородский государственный университет им. Н.И. Лобачевского,Нижний Нов..,55.0,5.0,225000.0,232.0,,0.0,Очная,Русский,государственный,60.0,0.9166666666666666,12.323860125621126,0,0,0,0
1624,01.03.02 | Прикладная математика и информатика,Математическое моделирование и вычислительная математика,Институт математики и фундаментальной информатики СФУ,Бакалавриат,Сибирский федеральный университет,Красноярск,65.0,3.0,222000.0,202.0,,0.0,Очная,Русский,государственный,68.0,0.9558823529411765,12.310437165348775,0,0,0,0
1625,01.03.02 | Прикладная математика и информатика,Математическое моделирование и вычислительная математика,Физико-технический институт СГТУ,Бакалавриат,Саратовский государственный технический университет им. Гагарина Ю.А.,Саратов,15.0,15.0,119050.0,196.0,,0.0,Очная,Русский,государственный,30.0,0.5,11.687307251711735,0,0,0,0
1626,01.03.02 | Прикладная математика и информатика,Математическое моделирование и вычислительная математика,Факультет математики и компьютерных наук ДГУ,Бакалавриат,Дагестанский государственный университет,Махачкала,15.0,5.0,106410.0,175.0,,0.0,Очная,Русский,государственный,20.0,0.75,11.575064234004627,0,0,0,0
1627,01.03.02 | Прикладная математика и информатика,Математическое моделирование и вычислительная математика,Факультет математики и компьютерных наук имени профессора Н.И. Червякова СКФУ,Бакалавриат,Северо-Кавказский федеральный университет,Ставрополь,25.0,2.0,167000.0,195.0,,0.0,Очная,Русский,государственный,27.0,0.9259259259259259,12.025755079404917,0,0,0,0
1628,01.03.02 | Прикладная математика и информатика,Математическое моделирование и вычислительная математика,Институт математики и информатики СВФУ,Бакалавриат,Северо-Восточный федеральный университет имени М. К. Аммосова,Якутск,22.0,3.0,309000.0,173.0,,0.0,Очная,Русский,государственный,25.0,0.88,12.6410997921206,0,0,0,0
1629,09.03.01 | Информатика и вычислительная техника,Системы автоматизированного проектирования в машиностроении,"Информатика, кибернетика и электроэнергетика МАИ",Бакалавриат,Московский авиационный институт,Москва,25.0,5.0,406210.0,253.0,,0.0,Очная,Русский,государственный,30.0,0.8333333333333334,12.91462800801779,0,0,0,0
1630,09.03.03 | Прикладная информатика,Прикладная информатика в искусстве и гуманитарных науках,Факультет искусств СПбГУ,Бакалавриат,Санкт-Петербургский государственный университет,Санкт-Пете..,10.0,12.0,410600.0,263.0,,0.0,Очная,Русский,государственный,22.0,0.45454545454545453,12.925377219024307,0,0,0,0
1631,09.03.03 | Прикладная информатика,Прикладная информатика в искусстве и гуманитарных науках,Гуманитарный институт СФУ,Бакалавриат,Сибирский федеральный университет,Красноярск,40.0,10.0,246000.0,216.0,,0.0,Очная,Русский,государственный,50.0,0.8,12.413090879946887,0,0,0,0
1632,09.03.03 | Прикладная информатика,Математическое и компьютерное моделирование в технических системах,"Институт информационных технологий МГТУ ""Станкин""",Бакалавриат,Московский государственный технологический университет «СТАНКИН»,Москва,61.0,10.0,364200.0,241.0,,0.0,Очная,Русский,государственный,71.0,0.8591549295774648,12.805461192015972,0,0,1,2
1633,09.03.03 | Прикладная информатика,Математическое и компьютерное моделирование в технических системах,Факультет управления и информатики в технологических системах ВГУИТ,Бакалавриат,Воронежский государственный университет инженерных технологий,Воронеж,30.0,25.0,151310.0,179.0,,0.0,Очная,Русский,государственный,55.0,0.5454545454545454,11.927092600372294,0,0,0,0
1634,09.03.03 | Прикладная информатика,Математическое и компьютерное моделирование в технических системах,Факультет управления и информатики в технологических системах ВГУИТ,Бакалавриат,Воронежский государственный университет инженерных технологий,Воронеж,10.0,40.0,50000.0,175.0,,0.0,Заочная,Русский,государственный,50.0,0.2,10.819798284210286,0,0,2,1
1635,38.03.01 | Экономика,Корпоративные финансы и бизнес-аналитика,Институт экономики и финансов,Бакалавриат,Государственный университет управления,Москва,2.0,27.0,315000.0,263.0,,0.0,Очная,Русский,государственный,29.0,0.06896551724137931,12.660331092405906,0,0,0,0
1636,38.03.01 | Экономика,Корпоративные финансы и бизнес-аналитика,Институт экономики и менеджмента РГУ им. А.Н. Косыгина,Бакалавриат,Российский государственный университет им. А.Н. Косыгина (Технологии. Дизайн. Искусство),Москва,,25.0,314000.0,,,0.0,Очная,Русский,государственный,,0.0,12.657151449598695,0,0,0,0
1637,38.03.01 | Экономика,Корпоративные финансы и бизнес-аналитика,Институт экономики и финансов УрГЭУ,Бакалавриат,Уральский государственный экономический университет,Екатеринбург,,30.0,170000.0,,,0.0,Очная,Русский,государственный,,0.0,12.04355959836804,0,0,2,1
1638,38.03.01 | Экономика,Корпоративные финансы и бизнес-аналитика,Институт экономики и финансов УрГЭУ,Бакалавриат,Уральский государственный экономический университет,Екатеринбург,,400.0,69000.0,,,0.0,Очно-заочная,Русский,государственный,,0.0,11.141876276228,0,0,2,1
1639,38.03.01 | Экономика,Корпоративные финансы и бизнес-аналитика,Учетно-экономический факультет РГЭУ (РИНХ),Бакалавриат,Ростовский государственный экономический университет (РИНХ),Ростов-на-..,1.0,17.0,135000.0,240.0,,0.0,Очная,Русский,государственный,18.0,0.05555555555555555,11.813037464800539,0,0,2,1
1640,38.03.01 | Экономика,Корпоративные финансы и бизнес-аналитика,Учетно-экономический факультет РГЭУ (РИНХ),Бакалавриат,Ростовский государственный экономический университет (РИНХ),Ростов-на-..,,3.0,65000.0,,,0.0,Очно-заочная,Русский,государственный,,0.0,11.082157933374816,0,0,2,1
1641,38.03.01 | Экономика,Корпоративные финансы и бизнес-аналитика,Учетно-экономический факультет РГЭУ (РИНХ),Бакалавриат,Ростовский государственный экономический университет (РИНХ),Ростов-на-..,,32.0,65000.0,,110.0,0.0,Очно-заочная,Русский,государственный,,0.0,11.082157933374816,0,0,2,1
1642,38.03.01 | Экономика,Корпоративные финансы и бизнес-аналитика,Институт отраслевой экономики и управления КГТУ,Бакалавриат,Калининградский государственный технический университет,Калинингра..,,10.0,146100.0,,,0.0,Очная,Русский,государственный,,0.0,11.892053442342334,0,0,2,1
1643,38.03.01 | Экономика,Корпоративные финансы и бизнес-аналитика,Институт отраслевой экономики и управления КГТУ,Бакалавриат,Калининградский государственный технический университет,Калинингра..,,15.0,72800.0,,,0.0,Очно-заочная,Русский,государственный,,0.0,11.195484970354173,0,0,2,1
1644,38.03.01 | Экономика,Корпоративные финансы и бизнес-аналитика,Факультет филиала ИЭУП в Набережных Челнах,Бакалавриат,Набережночелнинский филиал Казанского инновационного университета имени В.Г. Тимирясова (ИЭУП),Набережные..,,25.0,120000.0,,85.0,0.0,Очная,Русский,негосударственный,,0.0,11.695255355062795,0,0,2,1
1645,38.03.01 | Экономика,Корпоративные финансы и бизнес-аналитика,Факультет филиала ИЭУП в Набережных Челнах,Бакалавриат,Набережночелнинский филиал Казанского инновационного университета имени В.Г. Тимирясова (ИЭУП),Набережные..,,25.0,88000.0,,85.0,0.0,Очно-заочная,Русский,негосударственный,,0.0,11.385103457032141,0,0,2,1
1646,38.03.01 | Экономика,Корпоративные финансы и бизнес-аналитика,Факультет филиала ИЭУП в Набережных Челнах,Бакалавриат,Набережночелнинский филиал Казанского инновационного университета имени В.Г. Тимирясова (ИЭУП),Набережные..,,15.0,120000.0,,85.0,0.0,Очная,Русский,негосударственный,,0.0,11.695255355062795,0,0,2,1
1647,38.03.01 | Экономика,Корпоративные финансы и бизнес-аналитика,Факультет филиала ИЭУП в Набережных Челнах,Бакалавриат,Набережночелнинский филиал Казанского инновационного университета имени В.Г. Тимирясова (ИЭУП),Набережные..,,30.0,88000.0,,85.0,0.0,Очно-заочная,Русский,негосударственный,,0.0,11.385103457032141,0,0,2,1
1648,38.03.01 | Экономика,Корпоративные финансы и бизнес-аналитика,Факультет филиала ИЭУП в Набережных Челнах,Бакалавриат,Набережночелнинский филиал Казанского инновационного университета имени В.Г. Тимирясова (ИЭУП),Набережные..,,5.0,120000.0,,85.0,0.0,Очная,Русский,негосударственный,,0.0,11.695255355062795,0,0,2,1
1649,38.03.01 | Экономика,Корпоративные финансы и бизнес-аналитика,Факультет филиала ИЭУП в Набережных Челнах,Бакалавриат,Набережночелнинский филиал Казанского инновационного университета имени В.Г. Тимирясова (ИЭУП),Набережные..,,5.0,66000.0,,85.0,0.0,Очно-заочная,Русский,негосударственный,,0.0,11.097425172408931,0,0,2,1
1650,38.03.01 | Экономика,Корпоративные финансы и бизнес-аналитика,Факультет филиала ИЭУП в Набережных Челнах,Бакалавриат,Набережночелнинский филиал Казанского инновационного университета имени В.Г. Тимирясова (ИЭУП),Набережные..,,5.0,66000.0,,85.0,0.0,Заочная,Русский,негосударственный,,0.0,11.097425172408931,0,0,2,1
1651,44.03.01 | Педагогическое образование,Экономическое образование,Институт экономики и управления РГПУ,Бакалавриат,Российский государственный педагогический университет имени А. И. Герцена,Санкт-Пете..,20.0,2.0,245500.0,240.0,,0.0,Очная,Русский,государственный,22.0,0.9090909090909091,12.411056299528171,0,0,0,0
1652,44.03.01 | Педагогическое образование,Экономическое образование,Исторический факультет КГПУ,Бакалавриат,Красноярский государственный педагогический университет им. В.П. Астафьева,Красноярск,25.0,10.0,220900.0,203.0,,0.0,Очная,Русский,государственный,35.0,0.7142857142857143,12.305469916333227,0,0,0,0
1653,44.03.01 | Педагогическое образование,Экономическое образование,Факультет филиала РГПУ в Волхове,Бакалавриат,Волховский филиал Российского государственного педагогического университета им. Герцена,Санкт-Пете..,9.0,10.0,68700.0,163.0,135.0,0.0,Заочная,Русский,государственный,19.0,0.47368421052631576,11.13751903414526,0,0,2,1
1654,44.03.01 | Педагогическое образование,Экономическое образование,"Факультет педагогики, психологии и физической культуры филиала КубГУ в г.Славянске-на-Кубани",Бакалавриат,Кубанский государственный университет филиал в г.Славянске-на-Кубани,Славянск-н..,20.0,,,178.0,,0.0,Очная,Русский,государственный,,0.0,,0,0,2,1
1655,01.03.03 | Механика и математическое моделирование,"Механика и математическое моделирование жидкости, газа и плазмы",Школа компьютерных наук ТюмГУ,Бакалавриат,Тюменский государственный университет,Тюмень,25.0,35.0,222738.0,184.0,,0.0,Очная,Русский,государственный,60.0,0.4166666666666667,12.31375596139764,0,0,0,0
1656,09.03.03 | Прикладная информатика,Прикладная геоинформатика,Институт информационных систем и геотехнологий РГГМУ,Бакалавриат,Российский государственный гидрометеорологический университет,Санкт-Пете..,9.0,18.0,266110.0,181.0,,0.0,Очная,Русский,государственный,27.0,0.3333333333333333,12.491668793954311,0,0,0,0
1657,09.03.03 | Прикладная информатика,Прикладная геоинформатика,Институт информационных систем и геотехнологий РГГМУ,Бакалавриат,Российский государственный гидрометеорологический университет,Санкт-Пете..,4.0,60.0,74100.0,144.0,119.0,0.0,Очно-заочная,Русский,государственный,64.0,0.0625,11.21318430646977,0,0,2,1
1658,09.03.03 | Прикладная информатика,Прикладная геоинформатика,Институт информационных систем и геотехнологий РГГМУ,Бакалавриат,Российский государственный гидрометеорологический университет,Санкт-Пете..,2.0,30.0,73000.0,210.0,,0.0,Заочная,Русский,государственный,32.0,0.0625,11.19822841866684,0,0,2,1
1659,01.03.04 | Прикладная математика,Анализ данных,Институт информационных технологий РТУ МИРЭА,Бакалавриат,МИРЭА - Российский технологический университет,Москва,21.0,65.0,299000.0,274.0,,0.0,Очная,Русский,государственный,86.0,0.2441860465116279,12.608202196848836,0,0,1,2
1660,01.03.04 | Прикладная математика,Анализ данных,Институт информационных технологий РТУ МИРЭА,Бакалавриат,МИРЭА - Российский технологический университет,Москва,,15.0,299000.0,,135.0,0.0,Очная,Русский,государственный,,0.0,12.608202196848836,0,0,0,0
1661,01.03.05 | Статистика,Бизнес-аналитика,Институт технологий управления РТУ МИРЭА,Бакалавриат,МИРЭА - Российский технологический университет,Москва,25.0,125.0,262000.0,259.0,,0.0,Очная,Русский,государственный,150.0,0.16666666666666666,12.476103599529843,0,0,1,2
1662,01.03.05 | Статистика,Бизнес-аналитика,Институт технологий управления РТУ МИРЭА,Бакалавриат,МИРЭА - Российский технологический университет,Москва,,15.0,262000.0,,124.0,0.0,Очная,Русский,государственный,,0.0,12.476103599529843,0,0,0,0
1663,01.03.05 | Статистика,Бизнес-аналитика,Институт управления инновациями КНИТУ,Бакалавриат,Казанский национальный исследовательский технологический университет,Казань,25.0,1.0,168000.0,186.0,124.0,0.0,Очная,Русский,государственный,26.0,0.9615384615384616,12.031725210748633,0,0,0,0
1664,01.03.05 | Статистика,Бизнес-аналитика,Институт менеджмента СГЭУ,Бакалавриат,Самарский государственный экономический университет,Самара,23.0,32.0,145050.0,149.0,124.0,0.0,Очная,Русский,государственный,55.0,0.41818181818181815,11.884840683700208,0,0,0,0
1665,01.03.05 | Статистика,Бизнес-аналитика,Институт менеджмента СГЭУ,Бакалавриат,Самарский государственный экономический университет,Самара,,2.0,145050.0,,124.0,0.0,Очная,Русский,государственный,,0.0,11.884840683700208,0,0,2,1
1666,01.03.05 | Статистика,Бизнес-аналитика,Институт менеджмента СГЭУ,Бакалавриат,Самарский государственный экономический университет,Самара,,10.0,145050.0,,124.0,0.0,Очная,Русский,государственный,,0.0,11.884840683700208,0,0,2,1
1667,01.03.05 | Статистика,Бизнес-аналитика,"Факультет экономики, социологии и управления РГУ",Бакалавриат,Рязанский государственный университет им. С.А. Есенина,Рязань,,20.0,142000.0,,123.0,0.0,Очная,Русский,государственный,,0.0,11.863589378812122,0,0,2,1
1668,01.03.05 | Статистика,Бизнес-аналитика,Институт экономики и туризма ВлГУ,Бакалавриат,Владимирский государственный университет имени Александра Григорьевича и Николая Григорьевича Столетовых,Владимир,17.0,10.0,163700.0,132.0,124.0,0.0,Очная,Русский,государственный,27.0,0.6296296296296297,12.00579687207606,0,0,0,0
1669,09.03.01 | Информатика и вычислительная техника,Промышленная информатика,Институт искусственного интеллекта РТУ МИРЭА,Бакалавриат,МИРЭА - Российский технологический университет,Москва,60.0,90.0,324000.0,261.0,,0.0,Очная,Русский,государственный,150.0,0.4,12.688501881189456,0,0,1,2
1670,09.03.01 | Информатика и вычислительная техника,Промышленная информатика,Институт искусственного интеллекта РТУ МИРЭА,Бакалавриат,МИРЭА - Российский технологический университет,Москва,,15.0,324000.0,,119.0,0.0,Очная,Русский,государственный,,0.0,12.688501881189456,0,0,0,0
1671,09.03.01 | Информатика и вычислительная техника,Промышленная информатика,Институт искусственного интеллекта РТУ МИРЭА,Бакалавриат,МИРЭА - Российский технологический университет,Москва,,15.0,324000.0,,119.0,0.0,Очная,Русский,государственный,,0.0,12.688501881189456,0,0,0,0
1672,09.03.01 | Информатика и вычислительная техника,Промышленная информатика,Институт цифровых технологий КГТУ,Бакалавриат,Калининградский государственный технический университет,Калинингра..,25.0,15.0,165500.0,191.0,,0.0,Очная,Русский,государственный,40.0,0.625,12.016732516077072,0,0,0,0
1673,09.03.01 | Информатика и вычислительная техника,Промышленная информатика,Факультет информационных технологий ТвГТУ,Бакалавриат,Тверской государственный технический университет,Тверь,20.0,15.0,151988.0,163.0,,0.0,Очная,Русский,государственный,35.0,0.5714285714285714,11.93156342878864,0,0,0,0
1674,09.03.03 | Прикладная информатика,Управление данными,"Институт информационных технологий МГТУ ""Станкин""",Бакалавриат,Московский государственный технологический университет «СТАНКИН»,Москва,60.0,10.0,364200.0,241.0,,0.0,Очная,Русский,государственный,70.0,0.8571428571428571,12.805461192015972,0,0,1,2
1675,09.03.03 | Прикладная информатика,Управление данными,Факультет информационных технологий и анализа больших данных Финансовый университет,Бакалавриат,Финансовый университет при Правительстве Российской Федерации,Москва,43.0,80.0,390000.0,243.0,119.0,0.0,Очная,Русский,государственный,123.0,0.34959349593495936,12.873904582205107,0,0,1,2
1676,09.03.03 | Прикладная информатика,Управление данными,Институт информационных систем и инженерно-компьютерных технологий,Бакалавриат,Российский новый университет,Москва,,20.0,400000.0,,99.0,0.0,Очная,Русский,негосударственный,,0.0,12.899222326086994,0,0,0,0
1677,09.03.03 | Прикладная информатика,Управление данными,Институт информационных технологий РТУ МИРЭА,Бакалавриат,МИРЭА - Российский технологический университет,Москва,40.0,80.0,321000.0,260.0,,0.0,Очная,Русский,государственный,120.0,0.3333333333333333,12.679199517372098,0,0,1,2
1678,09.03.03 | Прикладная информатика,Управление данными,Институт информационных технологий РТУ МИРЭА,Бакалавриат,МИРЭА - Российский технологический университет,Москва,,15.0,321000.0,,150.0,0.0,Очная,Русский,государственный,,0.0,12.679199517372098,0,0,0,0
1679,09.03.03 | Прикладная информатика,Управление данными,Факультет математики и информационных технологий АлтГУ,Бакалавриат,Алтайский государственный университет,Барнаул,20.0,3.0,156610.0,205.0,,0.0,Очная,Русский,государственный,23.0,0.8695652173913043,11.96152030272839,0,0,0,0
1680,09.03.03 | Прикладная информатика,Управление данными,"Институт приборостроения, автоматизации и информационных технологий ОГУ имени И.С. Тургенева",Бакалавриат,Орловский государственный университет имени И.С. Тургенева,Орел,20.0,15.0,145510.0,209.0,,0.0,Очная,Русский,государственный,35.0,0.5714285714285714,11.888006964110614,0,0,0,0
1681,09.03.03 | Прикладная информатика,Управление данными,Факультет филиала СамГУПС в Нижнем Новгороде,Бакалавриат,Филиал Самарского государственного университета путей сообщения в Нижнем Новгороде,Нижний Нов..,,30.0,121300.0,,99.0,0.0,Очная,Русский,государственный,,0.0,11.706030338921243,0,0,2,1
1682,09.03.03 | Прикладная информатика,Информатизация организаций,Институт информационных технологий РТУ МИРЭА,Бакалавриат,МИРЭА - Российский технологический университет,Москва,35.0,80.0,359300.0,250.0,,0.0,Очная,Русский,государственный,115.0,0.30434782608695654,12.791915756287272,0,0,1,2
1683,09.03.03 | Прикладная информатика,Информатизация организаций,Институт информационных технологий РТУ МИРЭА,Бакалавриат,МИРЭА - Российский технологический университет,Москва,,15.0,359300.0,,135.0,0.0,Очная,Русский,государственный,,0.0,12.791915756287272,0,0,0,0
1684,09.03.01 | Информатика и вычислительная техника,Автоматизированное проектирование киберфизических систем,Институт искусственного интеллекта РТУ МИРЭА,Бакалавриат,МИРЭА - Российский технологический университет,Москва,30.0,60.0,324000.0,244.0,,0.0,Очная,Русский,государственный,90.0,0.3333333333333333,12.688501881189456,0,0,1,2
1685,09.03.01 | Информатика и вычислительная техника,Автоматизированное проектирование киберфизических систем,Институт искусственного интеллекта РТУ МИРЭА,Бакалавриат,МИРЭА - Российский технологический университет,Москва,,15.0,324000.0,,119.0,0.0,Очная,Русский,государственный,,0.0,12.688501881189456,0,0,0,0
1686,09.03.01 | Информатика и вычислительная техника,Автоматизированное проектирование киберфизических систем,Институт искусственного интеллекта РТУ МИРЭА,Бакалавриат,МИРЭА - Российский технологический университет,Москва,,15.0,324000.0,,119.0,0.0,Очная,Русский,государственный,,0.0,12.688501881189456,0,0,0,0
1687,01.03.02 | Прикладная математика и информатика,Современное программирование,Факультет математики и компьютерных наук СПбГУ,Бакалавриат,Санкт-Петербургский государственный университет,Санкт-Пете..,40.0,8.0,292600.0,286.0,,0.0,Очная,Русский,государственный,48.0,0.8333333333333334,12.586565185197317,0,0,1,2
1688,09.03.01 | Информатика и вычислительная техника,Компьютерные системы и технологии,Институт интеллектуальных кибернетических систем НИЯУ МИФИ,Бакалавриат,Национальный исследовательский ядерный университет «МИФИ»,Москва,50.0,50.0,440000.0,,,0.0,Очная,Русский,государственный,100.0,0.5,12.994532278619134,0,0,1,2
1689,09.03.01 | Информатика и вычислительная техника,Компьютерные системы и технологии,Факультет систем управления и робототехники Университет ИТМО,Бакалавриат,Национальный исследовательский университет ИТМО,Санкт-Пете..,30.0,60.0,459000.0,282.0,180.0,0.0,Очная,Русский,государственный,90.0,0.3333333333333333,13.036807667689546,0,0,1,2
1690,09.03.01 | Информатика и вычислительная техника,Компьютерные системы и технологии,Институт информационных технологий и программирования ГУАП,Бакалавриат,Санкт-Петербургский государственный университет аэрокосмического приборостроения,Санкт-Пете..,84.0,10.0,290000.0,246.0,,0.0,Очная,Русский,государственный,94.0,0.8936170212765957,12.577639650232573,0,0,1,2
1691,09.03.01 | Информатика и вычислительная техника,Компьютерные системы и технологии,Институт информационных технологий и программирования ГУАП,Бакалавриат,Санкт-Петербургский государственный университет аэрокосмического приборостроения,Санкт-Пете..,25.0,3.0,110000.0,222.0,,0.0,Очно-заочная,Русский,государственный,28.0,0.8928571428571429,11.608244735642321,0,0,0,0
1692,09.03.01 | Информатика и вычислительная техника,Компьютерные системы и технологии,Институт информационных технологий и программирования ГУАП,Бакалавриат,Санкт-Петербургский государственный университет аэрокосмического приборостроения,Санкт-Пете..,16.0,15.0,96000.0,280.0,,0.0,Заочная,Русский,государственный,31.0,0.5161290322580645,11.472113887062386,0,0,2,1
1693,09.03.01 | Информатика и вычислительная техника,Компьютерные системы и технологии,Факультет информационных технологий НГУ,Бакалавриат,Новосибирский национальный исследовательский государственный университет,Новосибирс..,48.0,8.0,225000.0,267.0,,0.0,Очная,Русский,государственный,56.0,0.8571428571428571,12.323860125621126,0,0,1,2
1694,09.03.01 | Информатика и вычислительная техника,Компьютерные системы и технологии,Факультет инженерии и цифровых технологий МГУ им. адм. Г.И. Невельского,Бакалавриат,Морской государственный университет им. адм. Г.И. Невельского,Владивосто..,,60.0,200000.0,,,0.0,Очная,Русский,государственный,,0.0,12.206077645517674,0,0,0,0
1695,09.03.01 | Информатика и вычислительная техника,Компьютерные системы и технологии,Факультет инженерии и цифровых технологий МГУ им. адм. Г.И. Невельского,Бакалавриат,Морской государственный университет им. адм. Г.И. Невельского,Владивосто..,,30.0,120000.0,,,0.0,Заочная,Русский,государственный,,0.0,11.695255355062795,0,0,2,1
1696,09.03.01 | Информатика и вычислительная техника,Компьютерные системы и технологии,Факультет компьютерных технологий и энергетики ДГТУ в г. Махачкала,Бакалавриат,Дагестанский государственный технический университет,Махачкала,6.0,1.0,122184.0,183.0,119.0,0.0,Очная,Русский,государственный,7.0,0.8571428571428571,11.71329156859445,0,0,0,0
1697,09.03.01 | Информатика и вычислительная техника,Компьютерные системы и технологии,Факультет компьютерных технологий и энергетики ДГТУ в г. Махачкала,Бакалавриат,Дагестанский государственный технический университет,Махачкала,,7.0,26600.0,,,0.0,Заочная,Русский,государственный,,0.0,10.188704088048116,0,0,2,1
1698,09.03.01 | Информатика и вычислительная техника,Компьютерные системы и технологии,Факультет профессионального образования ﻿ЛФ ПНИПУ,Бакалавриат,Лысьвенский филиал Пермского национального исследовательского политехнического университета,Лысьва,14.0,5.0,180000.0,170.0,119.0,0.0,Очная,Русский,государственный,19.0,0.7368421052631579,12.100717685412471,0,0,0,0
1699,09.03.01 | Информатика и вычислительная техника,Компьютерные системы и технологии,Факультет профессионального образования ﻿ЛФ ПНИПУ,Бакалавриат,Лысьвенский филиал Пермского национального исследовательского политехнического университета,Лысьва,,10.0,75000.0,,,0.0,Заочная,Русский,государственный,,0.0,11.225256725762893,0,0,2,1
1700,09.03.03 | Прикладная информатика,Прикладная информатика в управлении предприятием,"Институт информационных технологий, математики и механики ННГУ им. Лобачевского",Бакалавриат,Национальный исследовательский Нижегородский государственный университет им. Н.И. Лобачевского,Нижний Нов..,10.0,5.0,250000.0,233.0,,0.0,Очная,Русский,государственный,15.0,0.6666666666666666,12.429220196836383,0,0,0,0
1701,09.03.03 | Прикладная информатика,Прикладная информатика в управлении предприятием,Факультет Балахнинского филиала ННГУ им. Лобачевского,Бакалавриат,Балахнинский филиал Национального исследовательского Нижегородского государственного университета им. Н.И. Лобачевского,Балахна,20.0,10.0,190000.0,153.0,,0.0,Очная,Русский,государственный,30.0,0.6666666666666666,12.154784614286667,0,0,0,0
1702,09.03.01 | Информатика и вычислительная техника,Проектирование и эксплуатация ИT-инфраструктуры,Факультет компьютерных технологий и информатики СПбГЭТУ,Бакалавриат,Санкт-Петербургский государственный электротехнический университет «ЛЭТИ» им. В.И. Ульянова (Ленина),Санкт-Пете..,70.0,80.0,284000.0,244.0,,0.0,Очная,Русский,государственный,150.0,0.4666666666666667,12.556733038263905,0,0,1,2
1703,09.03.01 | Информатика и вычислительная техника,Проектирование и эксплуатация ИT-инфраструктуры,Факультет компьютерных технологий и информатики СПбГЭТУ,Бакалавриат,Санкт-Петербургский государственный электротехнический университет «ЛЭТИ» им. В.И. Ульянова (Ленина),Санкт-Пете..,,50.0,110000.0,,150.0,0.0,Заочная,Русский,государственный,,0.0,11.608244735642321,0,0,2,1
1704,01.03.03 | Механика и математическое моделирование,Математическое моделирование процессов нефтегазодобычи,Физико-механический институт СПбПУ,Бакалавриат,Санкт-Петербургский политехнический университет Петра Великого,Санкт-Пете..,28.0,9.0,302000.0,259.0,,0.0,Очная,Русский,государственный,37.0,0.7567567567567568,12.618185607609803,0,0,0,0
1705,09.03.03 | Прикладная информатика,Цифровая экономика,Факультет автоматики и вычислительной техники НГТУ,Бакалавриат,Новосибирский государственный технический университет,Новосибирс..,32.0,60.0,185700.0,246.0,,0.0,Очная,Русский,государственный,92.0,0.34782608695652173,12.131893132355916,0,0,0,0
1706,09.03.03 | Прикладная информатика,Цифровая экономика,Факультет автоматики и вычислительной техники НГТУ,Бакалавриат,Новосибирский государственный технический университет,Новосибирс..,,25.0,80900.0,,,0.0,Заочная,Русский,государственный,,0.0,11.300981463909618,0,0,2,1
1707,09.03.03 | Прикладная информатика,Цифровая экономика,Социально-экономический институт УГЛТУ,Бакалавриат,Уральский государственный лесотехнический университет,Екатеринбург,55.0,15.0,188300.0,179.0,,0.0,Очная,Русский,государственный,70.0,0.7857142857142857,12.145797025305598,0,0,0,0
1708,09.03.03 | Прикладная информатика,Цифровая экономика,Социально-экономический институт УГЛТУ,Бакалавриат,Уральский государственный лесотехнический университет,Екатеринбург,20.0,10.0,65000.0,215.0,,0.0,Заочная,Русский,государственный,30.0,0.6666666666666666,11.082157933374816,0,0,2,1
1709,09.03.03 | Прикладная информатика,Цифровая экономика,Институт энергетики и автоматизированных систем МГТУ им. Носова,Бакалавриат,Магнитогорский государственный технический университет им. Г.И. Носова,Магнитогорск,25.0,5.0,179000.0,192.0,,0.0,Очная,Русский,государственный,30.0,0.8333333333333334,12.095146671399466,0,0,0,0
1710,09.03.03 | Прикладная информатика,Цифровая экономика,Факультет Росдистанта,Бакалавриат,Росдистант,Самара,,534.0,60000.0,,125.0,0.0,Дистанционная,Русский,государственный,,0.0,11.002116507732017,0,0,2,1
1711,09.03.03 | Прикладная информатика,Цифровая экономика,Факультет Росдистанта,Бакалавриат,Росдистант,Самара,,266.0,60000.0,,125.0,0.0,Дистанционная,Русский,государственный,,0.0,11.002116507732017,0,0,2,1
1712,09.03.03 | Прикладная информатика,Цифровая экономика,Факультет Росдистанта,Бакалавриат,Росдистант,Самара,,266.0,60000.0,,125.0,0.0,Дистанционная,Русский,государственный,,0.0,11.002116507732017,0,0,2,1
1713,09.03.03 | Прикладная информатика,Цифровая экономика,Факультет Росдистанта,Бакалавриат,Росдистант,Самара,,50.0,60000.0,,125.0,0.0,Дистанционная,Русский,государственный,,0.0,11.002116507732017,0,0,2,1
1714,09.03.03 | Прикладная информатика,Цифровая экономика,Институт высшего профессионального образования ТАУ,Бакалавриат,Тольяттинская академия управления,Тольятти,2.0,14.0,164400.0,222.0,,0.0,Очная,Русский,негосударственный,16.0,0.125,12.010063844310778,0,0,0,0
1715,09.03.03 | Прикладная информатика,Цифровая экономика,Институт высшего профессионального образования ТАУ,Бакалавриат,Тольяттинская академия управления,Тольятти,10.0,5.0,72000.0,169.0,110.0,0.0,Очно-заочная,Русский,негосударственный,15.0,0.6666666666666666,11.184435286790631,0,0,2,1
1716,09.03.03 | Прикладная информатика,Цифровая экономика,Институт высшего профессионального образования ТАУ,Бакалавриат,Тольяттинская академия управления,Тольятти,,5.0,64800.0,,110.0,0.0,Заочная,Русский,негосударственный,,0.0,11.079076314320059,0,0,2,1
1717,09.03.03 | Прикладная информатика,Цифровая экономика,Институт высшего профессионального образования ТАУ,Бакалавриат,Тольяттинская академия управления,Тольятти,,8.0,164400.0,,110.0,0.0,Очная,Русский,негосударственный,,0.0,12.010063844310778,0,0,2,1
1718,09.03.03 | Прикладная информатика,Цифровая экономика,Институт высшего профессионального образования ТАУ,Бакалавриат,Тольяттинская академия управления,Тольятти,,5.0,72000.0,,110.0,0.0,Очно-заочная,Русский,негосударственный,,0.0,11.184435286790631,0,0,2,1
1719,09.03.03 | Прикладная информатика,Цифровая экономика,Институт высшего профессионального образования ТАУ,Бакалавриат,Тольяттинская академия управления,Тольятти,,5.0,64800.0,,110.0,0.0,Заочная,Русский,негосударственный,,0.0,11.079076314320059,0,0,2,1
1720,09.03.03 | Прикладная информатика,Цифровая экономика,Уфимская высшая школа экономики и управления (УВШЭУ) УГНТУ,Бакалавриат,Уфимский государственный нефтяной технический университет,Уфа,19.0,15.0,168000.0,211.0,,0.0,Очная,Русский,государственный,34.0,0.5588235294117647,12.031725210748633,0,0,0,0
1721,09.03.03 | Прикладная информатика,Цифровая экономика,Уфимская высшая школа экономики и управления (УВШЭУ) УГНТУ,Бакалавриат,Уфимский государственный нефтяной технический университет,Уфа,12.0,30.0,90000.0,234.0,,0.0,Заочная,Русский,государственный,42.0,0.2857142857142857,11.407576060361786,0,0,2,1
1722,09.03.03 | Прикладная информатика,Цифровая экономика,Институт управления бизнес-процессами и экономики СФУ,Бакалавриат,Сибирский федеральный университет,Красноярск,30.0,40.0,246000.0,213.0,,0.0,Очная,Русский,государственный,70.0,0.42857142857142855,12.413090879946887,0,0,0,0
1723,09.03.03 | Прикладная информатика,Цифровая экономика,Факультет экономики и строительства БрГУ,Бакалавриат,Братский государственный университет,Братск,25.0,10.0,282160.0,142.0,119.0,0.0,Очная,Русский,государственный,35.0,0.7142857142857143,12.550233108992114,0,0,0,0
1724,09.03.03 | Прикладная информатика,Информационные системы в управлении организацией и бизнес-процессами,"Факультет Информатика, искусственный интеллект и системы управления (ИУ)",Бакалавриат,Московский государственный технический университет им. Н.Э. Баумана,Москва,15.0,7.0,399000.0,293.0,,0.0,Очная,Русский,государственный,22.0,0.6818181818181818,12.896719202134523,0,0,1,2
1725,09.03.03 | Прикладная информатика,Информационные системы в управлении организацией и бизнес-процессами,Факультет компьютерных технологий ГУ,Бакалавриат,Гуманитарный университет в Екатеринбурге,Екатеринбург,,40.0,222360.0,,123.0,0.0,Очная,Русский,негосударственный,,0.0,12.312057466269023,0,0,0,0
1726,09.03.03 | Прикладная информатика,Информационные системы в управлении организацией и бизнес-процессами,Факультет компьютерных технологий ГУ,Бакалавриат,Гуманитарный университет в Екатеринбурге,Екатеринбург,,30.0,88560.0,,123.0,0.0,Заочная,Русский,негосударственный,,0.0,11.391446859098352,0,0,2,1
1727,09.03.03 | Прикладная информатика,Информационные системы в управлении организацией и бизнес-процессами,Факультет компьютерных технологий ГУ,Бакалавриат,Гуманитарный университет в Екатеринбурге,Екатеринбург,,10.0,222360.0,,123.0,0.0,Очная,Русский,негосударственный,,0.0,12.312057466269023,0,0,0,0
1728,09.03.03 | Прикладная информатика,Информационные системы в управлении организацией и бизнес-процессами,Факультет компьютерных технологий ГУ,Бакалавриат,Гуманитарный университет в Екатеринбурге,Екатеринбург,,3.0,222360.0,,123.0,0.0,Очная,Русский,негосударственный,,0.0,12.312057466269023,0,0,0,0
1729,09.03.03 | Прикладная информатика,Информационные системы в управлении организацией и бизнес-процессами,Факультет компьютерных технологий ГУ,Бакалавриат,Гуманитарный университет в Екатеринбурге,Екатеринбург,,20.0,88560.0,,123.0,0.0,Заочная,Русский,негосударственный,,0.0,11.391446859098352,0,0,2,1
1730,09.03.03 | Прикладная информатика,Информационные системы в управлении организацией и бизнес-процессами,Факультет компьютерных технологий ГУ,Бакалавриат,Гуманитарный университет в Екатеринбурге,Екатеринбург,,3.0,88560.0,,123.0,0.0,Заочная,Русский,негосударственный,,0.0,11.391446859098352,0,0,2,1
1731,09.03.03 | Прикладная информатика,Информационные системы в управлении организацией и бизнес-процессами,Факультет информационных технологий и компьютерных систем ОмГТУ,Бакалавриат,Омский государственный технический университет,Омск,52.0,8.0,161400.0,208.0,,0.0,Очная,Русский,государственный,60.0,0.8666666666666667,11.991647230585656,0,0,0,0
1732,09.03.03 | Прикладная информатика,Информационные системы в управлении организацией и бизнес-процессами,Факультет информационных технологий и компьютерных систем ОмГТУ,Бакалавриат,Омский государственный технический университет,Омск,,100.0,80000.0,,,0.0,Заочная,Русский,государственный,,0.0,11.289794413577894,0,0,2,1
1733,09.03.03 | Прикладная информатика,Информационные системы в управлении организацией и бизнес-процессами,Институт экосистем бизнеса и креативных индустрий (ИЭС) УГНТУ,Бакалавриат,Уфимский государственный нефтяной технический университет,Уфа,10.0,12.0,168000.0,195.0,,0.0,Очная,Русский,государственный,22.0,0.45454545454545453,12.031725210748633,0,0,0,0
1734,09.03.03 | Прикладная информатика,Информационные системы в управлении организацией и бизнес-процессами,Институт экосистем бизнеса и креативных индустрий (ИЭС) УГНТУ,Бакалавриат,Уфимский государственный нефтяной технический университет,Уфа,12.0,30.0,90000.0,227.0,,0.0,Заочная,Русский,государственный,42.0,0.2857142857142857,11.407576060361786,0,0,2,1
1735,09.03.03 | Прикладная информатика,Информационные системы в управлении организацией и бизнес-процессами,Институт экономики и управления ВолГУ,Бакалавриат,Волгоградский государственный университет,Волгоград,30.0,4.0,185000.0,141.0,119.0,0.0,Очная,Русский,государственный,34.0,0.8823529411764706,12.128116509451258,0,0,0,0
1736,09.03.03 | Прикладная информатика,Информационные системы в управлении организацией и бизнес-процессами,Школа компьютерных наук ТюмГУ,Бакалавриат,Тюменский государственный университет,Тюмень,65.0,25.0,355951.0,225.0,,0.0,Очная,Русский,государственный,90.0,0.7222222222222222,12.782551169282915,0,0,1,2
1737,09.03.03 | Прикладная информатика,Информационные системы в управлении организацией и бизнес-процессами,Физико-математический факультет СмолГУ,Бакалавриат,Смоленский государственный университет,Смоленск,25.0,50.0,151000.0,183.0,,0.0,Очная,Русский,государственный,75.0,0.3333333333333333,11.92504173829169,0,0,0,0
1738,09.03.03 | Прикладная информатика,Информационные системы в управлении организацией и бизнес-процессами,Факультет экономики и управления,Бакалавриат,Московский политехнический университет,Москва,50.0,50.0,386800.0,243.0,,0.0,Очная,Русский,государственный,100.0,0.5,12.865665627873343,0,0,1,2
1739,38.03.01 | Экономика,Экономика и контроль в АПК,Экономический факультет Смоленской ГСХА,Бакалавриат,Смоленская государственная сельскохозяйственная академия,Смоленск,,15.0,132012.0,,,0.0,Очная,Русский,государственный,,0.0,11.790655681567678,0,0,2,1
1740,38.03.01 | Экономика,Экономика и контроль в АПК,Экономический факультет Смоленской ГСХА,Бакалавриат,Смоленская государственная сельскохозяйственная академия,Смоленск,,20.0,45000.0,,,0.0,Очно-заочная,Русский,государственный,,0.0,10.714439990727769,0,0,2,1
1741,44.03.05 | Педагогическое образование (с двумя профилями подготовки),Информатика и Экономика,Институт гуманитарного образования МГТУ им. Носова,Бакалавриат,Магнитогорский государственный технический университет им. Г.И. Носова,Магнитогорск,21.0,5.0,156000.0,152.0,145.0,0.0,Очная,Русский,государственный,26.0,0.8076923076923077,11.957617696467539,0,0,0,0
1742,44.03.05 | Педагогическое образование (с двумя профилями подготовки),Информатика и Экономика,Факультет экономики и управления ЧелГУ,Бакалавриат,Челябинский государственный университет,Челябинск,16.0,30.0,159000.0,209.0,,0.0,Очная,Русский,государственный,46.0,0.34782608695652173,11.976665770490767,0,0,0,0
1743,44.03.05 | Педагогическое образование (с двумя профилями подготовки),Информатика и Экономика,Факультет экономики и управления ЧелГУ,Бакалавриат,Челябинский государственный университет,Челябинск,14.0,15.0,62000.0,159.0,130.0,0.0,Заочная,Русский,государственный,29.0,0.4827586206896552,11.034905792929415,0,0,2,1
1744,44.03.05 | Педагогическое образование (с двумя профилями подготовки),Информатика и Экономика,Физико-математический факультет МГПУ им. М.Е. Евсевьева,Бакалавриат,Мордовский государственный педагогический университет имени М.Е. Евсевьева,Саранск,25.0,15.0,118600.0,194.0,,0.0,Очная,Русский,государственный,40.0,0.625,11.68352019721342,0,0,0,0
1745,09.03.03 | Прикладная информатика,Прикладная информатика в образовании,Факультет техники и технологии ИСОиП (филиал) ДГТУ в г. Шахты,Бакалавриат,Институт сферы обслуживания и предпринимательства (филиал ДГТУ в г. Шахты),Шахты,15.0,5.0,153300.0,192.0,119.0,0.0,Очная,Русский,государственный,20.0,0.75,11.940158587995837,0,0,0,0
1746,09.03.03 | Прикладная информатика,Прикладная информатика в образовании,Факультет РУМТ (iSpring),Бакалавриат,Русский университет метатехнологий (Институт iSpring),Йошкар-Ола,,24.0,740000.0,,,0.0,Очная,Русский,негосударственный,,0.0,13.51440681653079,0,0,1,2
1747,09.03.01 | Информатика и вычислительная техника,Компьютерные сети и телекоммуникации,"Институт цифровых технологий, электроники и физики АлтГУ",Бакалавриат,Алтайский государственный университет,Барнаул,25.0,2.0,156610.0,178.0,,0.0,Очная,Русский,государственный,27.0,0.9259259259259259,11.96152030272839,0,0,0,0
1748,09.03.01 | Информатика и вычислительная техника,Компьютерные сети и телекоммуникации,Политехнический институт ТОГУ,Бакалавриат,Тихоокеанский государственный университет,Хабаровск,20.0,50.0,229000.0,126.0,119.0,0.0,Очная,Русский,государственный,70.0,0.2857142857142857,12.34148164933907,0,0,0,0
1749,03.03.01 | Прикладные математика и физика,Вычислительная физика и информационные технологии,"Физтех-школа электроники, фотоники и молекулярной физики",Бакалавриат,Московский физико-технический институт (Государственный университет),Москва,85.0,12.0,767000.0,286.0,,0.0,Очная,Русский,государственный,97.0,0.8762886597938144,13.550243384129509,0,0,1,2
1750,09.03.01 | Информатика и вычислительная техника,Программно-аппаратные комплексы,"Передовая инженерная школа «Российская электроника, инфокоммуникации и радиосвязь» ВГУ",Бакалавриат,Воронежский государственный университет,Воронеж,35.0,10.0,151400.0,,119.0,0.0,Очная,Русский,государственный,45.0,0.7777777777777778,11.927687224983487,0,0,0,0
1751,09.03.01 | Информатика и вычислительная техника,Программно-аппаратные комплексы,Факультет информационных систем МИКТ,Бакалавриат,Международный институт компьютерных технологий,Воронеж,,20.0,97000.0,,119.0,0.0,Очная,Русский,негосударственный,,0.0,11.48247656671073,0,0,2,1
1752,09.03.01 | Информатика и вычислительная техника,Программно-аппаратные комплексы,Факультет информационных систем МИКТ,Бакалавриат,Международный институт компьютерных технологий,Воронеж,,20.0,57000.0,,,0.0,Заочная,Русский,негосударственный,,0.0,10.950824090522445,0,0,2,1
1753,09.03.01 | Информатика и вычислительная техника,Информационные технологии в логистике,"Академия ""Высшая инженерная школа"" АВИШ РУТ (МИИТ)",Бакалавриат,Российский университет транспорта,Москва,35.0,4.0,350000.0,223.0,,0.0,Очная,Русский,государственный,39.0,0.8974358974358975,12.765691290604371,0,0,0,0
1754,09.03.03 | Прикладная информатика,ИТ-решения и обеспечение аналитических бизнес-процессов,Факультет цифровой экономики и массовых коммуникаций ПГУТИ,Бакалавриат,Поволжский государственный университет телекоммуникаций и информатики,Самара,25.0,25.0,190000.0,197.0,,0.0,Очная,Русский,государственный,50.0,0.5,12.154784614286667,0,0,0,0
1755,09.03.03 | Прикладная информатика,ИТ-решения и обеспечение аналитических бизнес-процессов,Факультет цифровой экономики и массовых коммуникаций ПГУТИ,Бакалавриат,Поволжский государственный университет телекоммуникаций и информатики,Самара,,50.0,100000.0,,,0.0,Заочная,Русский,государственный,,0.0,11.51293546492023,0,0,2,1
1756,09.03.03 | Прикладная информатика,ИТ-решения и обеспечение аналитических бизнес-процессов,Физико-математический факультет АГПУ,Бакалавриат,Армавирский государственный педагогический университет,Краснодар,,50.0,67000.0,,120.0,0.0,Заочная,Русский,государственный,,0.0,11.112462823634855,0,0,2,1
1757,09.03.03 | Прикладная информатика,ИТ-технологии создания цифрового контента,Институт информационных технологий и автоматизации СПбГУПТД,Бакалавриат,Санкт-Петербургский государственный университет промышленных технологий и дизайна,Санкт-Пете..,4.0,50.0,224000.0,266.0,,0.0,Очная,Русский,государственный,54.0,0.07407407407407407,12.319405795112926,0,0,0,0
1758,09.03.02 | Информационные системы и технологии,Информационные системы в промышленности и бизнесе,Факультет автоматики и вычислительной техники НГТУ,Бакалавриат,Новосибирский государственный технический университет,Новосибирс..,32.0,40.0,185700.0,246.0,,0.0,Очная,Русский,государственный,72.0,0.4444444444444444,12.131893132355916,0,0,0,0
1759,09.03.02 | Информационные системы и технологии,Информационные системы в промышленности и бизнесе,Факультет автоматики и вычислительной техники НГТУ,Бакалавриат,Новосибирский государственный технический университет,Новосибирс..,,40.0,254000.0,,,0.0,Очная,Русский,государственный,,0.0,12.445093483000798,0,0,0,0
1760,09.03.02 | Информационные системы и технологии,Информационные системы в промышленности и бизнесе,"Институт информационных технологий, машиностроения и автотранспорта КузГТУ им. Горбачева",Бакалавриат,Кузбасский государственный технический университет,Кемерово,25.0,10.0,170449.0,176.0,,0.0,Очная,Русский,государственный,35.0,0.7142857142857143,12.04619727756605,0,0,0,0
1761,09.03.02 | Информационные системы и технологии,Информационные системы в промышленности и бизнесе,Факультет информационных технологий и математики НВГУ,Бакалавриат,Нижневартовский государственный университет,Нижневартовск,22.0,10.0,329000.0,154.0,,0.0,Очная,Русский,государственный,32.0,0.6875,12.703816069256568,0,0,0,0
1762,09.03.02 | Информационные системы и технологии,Информационные системы в промышленности и бизнесе,Факультет информационных технологий и математики НВГУ,Бакалавриат,Нижневартовский государственный университет,Нижневартовск,,50.0,79000.0,,,0.0,Заочная,Русский,государственный,,0.0,11.277215789596893,0,0,2,1
1763,09.03.02 | Информационные системы и технологии,"Информационные технологии и Big Data (программа, реализуемая на английском языке)",Институт экономики и управления АПК РГАУ-МСХА,Бакалавриат,Российский государственный аграрный университет - МСХА имени К.А. Тимирязева,Москва,25.0,25.0,347000.0,228.0,99.0,0.0,Очная,Русский,государственный,50.0,0.5,12.757082940769225,0,0,0,0
1764,45.03.03 | Фундаментальная и прикладная лингвистика,Математическая и прикладная лингвистика,Гуманитарный факультет НГУ,Бакалавриат,Новосибирский национальный исследовательский государственный университет,Новосибирс..,20.0,20.0,210000.0,256.0,,0.0,Очная,Русский,государственный,40.0,0.5,12.25486757159303,0,0,0,0
1765,01.03.02 | Прикладная математика и информатика,Прикладная математика в инженерии,Инженерная школа ядерных технологий ТПУ,Бакалавриат,Национальный исследовательский Томский политехнический университет,Томск,50.0,4.0,181500.0,218.0,,0.0,Очная,Русский,государственный,54.0,0.9259259259259259,12.109016442313738,0,0,0,0
1766,09.03.03 | Прикладная информатика,Прикладная информатика в строительной отрасли,Институт цифровых и инженерных технологий НГАСУ,Бакалавриат,Новосибирский государственный архитектурно-строительный университет (Сибстрин),Новосибирс..,27.0,3.0,174612.0,171.0,,0.0,Очная,Русский,государственный,30.0,0.9,12.070327375515134,0,0,0,0
1767,09.03.03 | Прикладная информатика,Прикладная информатика в строительной отрасли,Институт цифровых технологий и естественных наук ТГАСУ,Бакалавриат,Томский государственный архитектурно-строительный университет,Томск,31.0,1.0,198061.0,125.0,,0.0,Очная,Русский,государственный,32.0,0.96875,12.196335391974426,0,0,0,0
1768,09.03.03 | Прикладная информатика,Прикладная информатика в строительной отрасли,Институт цифровых технологий и естественных наук ТГАСУ,Бакалавриат,Томский государственный архитектурно-строительный университет,Томск,1.0,10.0,48088.0,250.0,,0.0,Заочная,Русский,государственный,11.0,0.09090909090909091,10.780808739711565,0,0,2,1
1769,09.03.03 | Прикладная информатика,Прикладная информатика в строительной отрасли,Институт цифровых технологий и естественных наук ТГАСУ,Бакалавриат,Томский государственный архитектурно-строительный университет,Томск,7.0,5.0,67925.0,171.0,119.0,0.0,Очно-заочная,Русский,государственный,12.0,0.5833333333333334,11.126174156306165,0,0,2,1
1770,01.03.05 | Статистика,Анализ больших данных,Учетно-экономический факультет РГЭУ (РИНХ),Бакалавриат,Ростовский государственный экономический университет (РИНХ),Ростов-на-..,,30.0,135000.0,,124.0,0.0,Очная,Русский,государственный,,0.0,11.813037464800539,0,0,2,1
1771,01.03.05 | Статистика,Анализ больших данных,Учетно-экономический факультет РГЭУ (РИНХ),Бакалавриат,Ростовский государственный экономический университет (РИНХ),Ростов-на-..,,20.0,65000.0,,124.0,0.0,Очно-заочная,Русский,государственный,,0.0,11.082157933374816,0,0,2,1
1772,01.03.05 | Статистика,Анализ больших данных,Учетно-экономический факультет РГЭУ (РИНХ),Бакалавриат,Ростовский государственный экономический университет (РИНХ),Ростов-на-..,,30.0,65000.0,,124.0,0.0,Очно-заочная,Русский,государственный,,0.0,11.082157933374816,0,0,2,1
1773,01.03.05 | Статистика,Анализ больших данных,Учетно-экономический факультет РГЭУ (РИНХ),Бакалавриат,Ростовский государственный экономический университет (РИНХ),Ростов-на-..,,10.0,65000.0,,124.0,0.0,Очно-заочная,Русский,государственный,,0.0,11.082157933374816,0,0,2,1
1774,01.03.05 | Статистика,Анализ больших данных,Институт экономики и управления ВолГУ,Бакалавриат,Волгоградский государственный университет,Волгоград,30.0,4.0,165000.0,121.0,124.0,0.0,Очная,Русский,государственный,34.0,0.8823529411764706,12.013706813470414,0,0,0,0
1775,01.03.05 | Статистика,Анализ больших данных,Факультет математики и компьютерных наук ДГУ,Бакалавриат,Дагестанский государственный университет,Махачкала,,10.0,37020.0,,,0.0,Заочная,Русский,государственный,,0.0,10.519240598188375,0,0,2,1
1776,01.03.05 | Статистика,Анализ больших данных,Физико-математический факультет ОГУ имени И.С. Тургенева,Бакалавриат,Орловский государственный университет имени И.С. Тургенева,Орел,10.0,8.0,128240.0,178.0,124.0,0.0,Очная,Русский,государственный,18.0,0.5555555555555556,11.761666585132009,0,0,0,0
1777,01.03.05 | Статистика,Анализ больших данных,Институт экономики и управления УУНиТ,Бакалавриат,Уфимский университет науки и технологий,Уфа,20.0,5.0,148300.0,207.0,124.0,0.0,Очная,Русский,государственный,25.0,0.8,11.906999271191623,0,0,0,0
1778,38.03.05 | Бизнес-информатика,Искусственный интеллект и большие данные,Экономический факультет ПГНИУ,Бакалавриат,Пермский государственный национальный исследовательский университет,Пермь,,25.0,255510.0,,69.0,0.0,Очная,Русский,государственный,,0.0,12.451020740536723,0,0,2,1
1779,09.03.03 | Прикладная информатика,Искусственный интеллект и большие данные,Институт экономики и управления АПК РГАУ-МСХА,Бакалавриат,Российский государственный аграрный университет - МСХА имени К.А. Тимирязева,Москва,50.0,25.0,347000.0,226.0,99.0,0.0,Очная,Русский,государственный,75.0,0.6666666666666666,12.757082940769225,0,0,1,2
1780,09.03.03 | Прикладная информатика,Искусственный интеллект и большие данные,Факультет информационных технологий МУ им.С.Ю. Витте,Бакалавриат,Московский университет имени С.Ю. Витте (МУИВ),Москва,,13.0,220000.0,,,0.0,Очная,Русский,негосударственный,,0.0,12.301387370778713,0,0,0,0
1781,09.03.03 | Прикладная информатика,Искусственный интеллект и большие данные,Факультет информационных технологий МУ им.С.Ю. Витте,Бакалавриат,Московский университет имени С.Ю. Витте (МУИВ),Москва,,54.0,76000.0,,103.0,0.0,Дистанционная,Русский,негосударственный,,0.0,11.23850177707664,0,0,2,1
1782,09.03.03 | Прикладная информатика,Искусственный интеллект и большие данные,Факультет информационных технологий МУ им.С.Ю. Витте,Бакалавриат,Московский университет имени С.Ю. Витте (МУИВ),Москва,,14.0,220000.0,,103.0,0.0,Очная,Русский,негосударственный,,0.0,12.301387370778713,0,0,0,0
1783,09.03.03 | Прикладная информатика,Искусственный интеллект и большие данные,Факультет информационных технологий МУ им.С.Ю. Витте,Бакалавриат,Московский университет имени С.Ю. Витте (МУИВ),Москва,,54.0,76000.0,,,0.0,Дистанционная,Русский,негосударственный,,0.0,11.23850177707664,0,0,2,1
1784,09.03.03 | Прикладная информатика,Искусственный интеллект и большие данные,Факультет информационных технологий МУ им.С.Ю. Витте,Бакалавриат,Московский университет имени С.Ю. Витте (МУИВ),Москва,,53.0,76000.0,,103.0,0.0,Дистанционная,Русский,негосударственный,,0.0,11.23850177707664,0,0,2,1
1785,09.03.03 | Прикладная информатика,Искусственный интеллект и большие данные,Факультет математики и компьютерных наук СПбГУ,Бакалавриат,Санкт-Петербургский государственный университет,Санкт-Пете..,55.0,12.0,378300.0,271.0,,0.0,Очная,Русский,государственный,67.0,0.8208955223880597,12.843445454022332,0,0,1,2
1786,09.03.03 | Прикладная информатика,Искусственный интеллект и большие данные,Высшая школа технологии и энергетики СПбГУПТД,Бакалавриат,Санкт-Петербургский государственный университет промышленных технологий и дизайна,Санкт-Пете..,4.0,20.0,224000.0,254.0,,0.0,Очная,Русский,государственный,24.0,0.16666666666666666,12.319405795112926,0,0,0,0
1787,09.03.03 | Прикладная информатика,Искусственный интеллект и большие данные,Высшая школа технологии и энергетики СПбГУПТД,Бакалавриат,Санкт-Петербургский государственный университет промышленных технологий и дизайна,Санкт-Пете..,,60.0,70000.0,,,0.0,Заочная,Русский,государственный,,0.0,11.156264806643742,0,0,2,1
1788,09.03.03 | Прикладная информатика,Искусственный интеллект и большие данные,Факультет Информационных технологий,Бакалавриат,"Московский Университет ""Синергия""",Москва,,150.0,110000.0,,85.0,0.0,Дистанционная,Русский,негосударственный,,0.0,11.608244735642321,0,0,2,1
1789,09.03.03 | Прикладная информатика,Искусственный интеллект и большие данные,Факультет Информационных технологий,Бакалавриат,"Московский Университет ""Синергия""",Москва,,150.0,110000.0,,85.0,0.0,Дистанционная,Русский,негосударственный,,0.0,11.608244735642321,0,0,2,1
1790,09.03.03 | Прикладная информатика,Искусственный интеллект и большие данные,"Институт математики, физики и информационных технологий ТГУ",Бакалавриат,Тольяттинский государственный университет,Тольятти,30.0,,,158.0,,0.0,Очная,Русский,государственный,,0.0,,0,0,2,1
1791,09.03.03 | Прикладная информатика,Искусственный интеллект и большие данные,"Институт математики, физики и информационных технологий ТГУ",Бакалавриат,Тольяттинский государственный университет,Тольятти,,400.0,80000.0,,131.0,0.0,Дистанционная,Русский,государственный,,0.0,11.289794413577894,0,0,2,1
1792,09.03.03 | Прикладная информатика,Искусственный интеллект и большие данные,"Институт математики, информационных технологий и физики УдГУ",Бакалавриат,Удмуртский государственный университет,Ижевск,16.0,5.0,159400.0,183.0,,0.0,Очная,Русский,государственный,21.0,0.7619047619047619,11.979178318844294,0,0,0,0
1793,09.03.03 | Прикладная информатика,Искусственный интеллект и большие данные,"Институт математики, информационных технологий и физики УдГУ",Бакалавриат,Удмуртский государственный университет,Ижевск,,18.0,41500.0,,119.0,0.0,Заочная,Русский,государственный,,0.0,10.633472802314019,0,0,2,1
1794,09.03.03 | Прикладная информатика,Искусственный интеллект и большие данные,Институт прикладной математики и компьютерных наук ТГУ,Бакалавриат,Национальный исследовательский Томский государственный университет,Томск,38.0,10.0,199000.0,231.0,,0.0,Очная,Русский,государственный,48.0,0.7916666666666666,12.201065128819632,0,0,0,0
1795,09.03.03 | Прикладная информатика,Искусственный интеллект и большие данные,Факультет информационных технологий,Бакалавриат,Московский политехнический университет,Москва,50.0,50.0,386800.0,250.0,,0.0,Очная,Русский,государственный,100.0,0.5,12.865665627873343,0,0,1,2
1796,09.03.03 | Прикладная информатика,Искусственный интеллект и большие данные,Факультет информационных технологий,Бакалавриат,Московский политехнический университет,Москва,12.0,100.0,151800.0,280.0,,0.0,Заочная,Русский,государственный,112.0,0.10714285714285714,11.930325731537252,0,0,2,1
1797,09.03.03 | Прикладная информатика,Искусственный интеллект и большие данные,Факультет Еврейского университета,Бакалавриат,Еврейский университет,Москва,,30.0,420000.0,,,0.0,Очная,Русский,негосударственный,,0.0,12.948012371209098,0,0,0,0
1798,09.03.03 | Прикладная информатика,Искусственный интеллект и большие данные,Факультет Синергия г. Омск,Бакалавриат,Университет «Синергия» филиал в г. Омск,Омск,,20.0,53000.0,,103.0,0.0,Очная,Русский,негосударственный,,0.0,10.87806606028079,0,0,2,1
1799,02.03.01 | Математика и компьютерные науки,Вычислительная математика и математическая физика,Механико-математический факультет НГУ,Бакалавриат,Новосибирский национальный исследовательский государственный университет,Новосибирс..,8.0,4.0,210000.0,239.0,,0.0,Очная,Русский,государственный,12.0,0.6666666666666666,12.25486757159303,0,0,0,0
1800,01.03.04 | Прикладная математика,Высшая математика,Факультет Инженерный бизнес и менеджмент (ИБМ),Бакалавриат,Московский государственный технический университет им. Н.Э. Баумана,Москва,17.0,13.0,459000.0,285.0,,0.0,Очная,Русский,государственный,30.0,0.5666666666666667,13.036807667689546,0,0,1,2
1801,27.03.04 | Управление в технических системах,Системы автоматического управления,"Факультет информационных технологий, экономики и управления КамчатГТУ",Бакалавриат,Камчатский государственный технический университет,Петропавло..,6.0,5.0,415155.0,130.0,99.0,0.0,Очная,Русский,государственный,11.0,0.5454545454545454,12.93640963219323,0,0,0,0
1802,27.03.04 | Управление в технических системах,Системы автоматического управления,"Факультет информационных технологий, экономики и управления КамчатГТУ",Бакалавриат,Камчатский государственный технический университет,Петропавло..,,10.0,88855.0,,,0.0,Заочная,Русский,государственный,,0.0,11.394772360846956,0,0,2,1
1803,01.03.02 | Прикладная математика и информатика,Анализ данных в финансах,Факультет Краснодарского филиала ФУ при Правительстве РФ,Бакалавриат,Краснодарский филиал Финансового университета при Правительстве Российской Федерации,Краснодар,11.0,82.0,168500.0,189.0,99.0,0.0,Очная,Русский,государственный,93.0,0.11827956989247312,12.034696963475044,0,0,2,1
1804,01.03.02 | Прикладная математика и информатика,Анализ данных в финансах,Факультет Краснодарского филиала ФУ при Правительстве РФ,Бакалавриат,Краснодарский филиал Финансового университета при Правительстве Российской Федерации,Краснодар,,13.0,168500.0,,99.0,0.0,Очная,Русский,государственный,,0.0,12.034696963475044,0,0,2,1
1805,01.03.02 | Прикладная математика и информатика,Анализ данных в финансах,Факультет Краснодарского филиала ФУ при Правительстве РФ,Бакалавриат,Краснодарский филиал Финансового университета при Правительстве Российской Федерации,Краснодар,,2.0,168500.0,,99.0,0.0,Очная,Русский,государственный,,0.0,12.034696963475044,0,0,2,1
1806,01.03.02 | Прикладная математика и информатика,Анализ данных в финансах,Факультет Липецкого филиала ФУ при Правительстве РФ,Бакалавриат,Липецкий филиал Финансового университета при Правительстве Российской Федерации,Липецк,15.0,36.0,152200.0,,,0.0,Очная,Русский,государственный,51.0,0.29411764705882354,11.932957294690372,0,0,0,0
1807,01.03.02 | Прикладная математика и информатика,Анализ данных в финансах,Факультет Липецкого филиала ФУ при Правительстве РФ,Бакалавриат,Липецкий филиал Финансового университета при Правительстве Российской Федерации,Липецк,,2.0,152200.0,,99.0,0.0,Очная,Русский,государственный,,0.0,11.932957294690372,0,0,2,1
1808,01.03.02 | Прикладная математика и информатика,Анализ данных в финансах,Факультет Липецкого филиала ФУ при Правительстве РФ,Бакалавриат,Липецкий филиал Финансового университета при Правительстве Российской Федерации,Липецк,,25.0,152200.0,,99.0,0.0,Очная,Русский,государственный,,0.0,11.932957294690372,0,0,2,1
1809,09.03.03 | Прикладная информатика,Цифровая трансформация,Институт информационных технологий РТУ МИРЭА,Бакалавриат,МИРЭА - Российский технологический университет,Москва,40.0,80.0,359300.0,244.0,,0.0,Очная,Русский,государственный,120.0,0.3333333333333333,12.791915756287272,0,0,1,2
1810,09.03.03 | Прикладная информатика,Цифровая трансформация,Институт информационных технологий РТУ МИРЭА,Бакалавриат,МИРЭА - Российский технологический университет,Москва,,15.0,359300.0,,135.0,0.0,Очная,Русский,государственный,,0.0,12.791915756287272,0,0,0,0
1811,09.03.03 | Прикладная информатика,Цифровая трансформация,Факультет Цифровых технологий и кибербезопасности,Бакалавриат,Российский государственный университет социальных технологий,Москва,8.0,15.0,410810.0,246.0,,0.0,Очная,Русский,государственный,23.0,0.34782608695652173,12.92588853369849,0,0,0,0
1812,09.03.03 | Прикладная информатика,Цифровая трансформация,"Институт математики, физики и информационных технологий ТГУ",Бакалавриат,Тольяттинский государственный университет,Тольятти,,400.0,80000.0,,131.0,0.0,Дистанционная,Русский,государственный,,0.0,11.289794413577894,0,0,2,1
1813,02.03.03 | Математическое обеспечение и администрирование информационных систем,Интеллектуальные информационные системы и обработка данных,Институт компьютерных наук и кибербезопасности СПбПУ,Бакалавриат,Санкт-Петербургский политехнический университет Петра Великого,Санкт-Пете..,39.0,30.0,360000.0,264.0,,0.0,Очная,Русский,государственный,69.0,0.5652173913043478,12.793862088206213,0,0,1,2
1814,02.03.03 | Математическое обеспечение и администрирование информационных систем,Интеллектуальные информационные системы и обработка данных,Физико-математический факультет ОГУ имени И.С. Тургенева,Бакалавриат,Орловский государственный университет имени И.С. Тургенева,Орел,15.0,15.0,128240.0,192.0,,0.0,Очная,Русский,государственный,30.0,0.5,11.761666585132009,0,0,0,0
1815,02.03.02 | Фундаментальные информатика и информационные технологии,Большие данные и распределенная цифровая платформа,Факультет прикладной математики - процессов управления СПбГУ,Бакалавриат,Санкт-Петербургский государственный университет,Санкт-Пете..,45.0,7.0,365400.0,254.0,,0.0,Очная,Русский,государственный,52.0,0.8653846153846154,12.808750659649172,0,0,1,2
1816,02.03.02 | Фундаментальные информатика и информационные технологии,Большие данные и распределенная цифровая платформа,"Институт математики, информационных технологий и физики УдГУ",Бакалавриат,Удмуртский государственный университет,Ижевск,28.0,15.0,140700.0,131.0,,0.0,Очная,Русский,государственный,43.0,0.6511627906976745,11.854392350397763,0,0,0,0
1817,02.03.02 | Фундаментальные информатика и информационные технологии,Большие данные и распределенная цифровая платформа,Институт инженерных и цифровых технологий,Бакалавриат,Белгородский государственный национальный исследовательский университет,Белгород,23.0,2.0,139960.0,149.0,119.0,0.0,Очная,Русский,государственный,25.0,0.92,11.849119091354643,0,0,0,0
1818,38.03.01 | Экономика,Аналитическая экономика и эконометрика,"Высшая школа кибертехнологий, математики и статистики РЭУ им. Г. В. Плеханова",Бакалавриат,Российский экономический университет имени Г.В. Плеханова,Москва,11.0,4.0,520000.0,282.0,,0.0,Очная,Русский,государственный,15.0,0.7333333333333333,13.161586013632684,0,0,1,2
1819,09.03.02 | Информационные системы и технологии,Системная аналитика,Факультет «Авиастроение» ДГТУ,Бакалавриат,Донской государственный технический университет,Ростов-на-..,43.0,16.0,153300.0,193.0,119.0,0.0,Очная,Русский,государственный,59.0,0.7288135593220338,11.940158587995837,0,0,0,0
1820,38.03.01 | Экономика,Финансовый контроль и экономическая безопасность организаций,Инженерно-экономический факультет СПбГМТУ,Бакалавриат,"Санкт-Петербургский государственный морской технический университет ""Корабелка""",Санкт-Пете..,11.0,30.0,238500.0,246.0,,0.0,Очная,Русский,государственный,41.0,0.2682926829268293,12.38212878217386,0,0,0,0
1821,38.03.01 | Экономика,Финансовый контроль и экономическая безопасность организаций,"Институт финансов, экономики и управления ТГУ",Бакалавриат,Тольяттинский государственный университет,Тольятти,,400.0,80000.0,,127.0,0.0,Дистанционная,Русский,государственный,,0.0,11.289794413577894,0,0,2,1
1822,38.03.01 | Экономика,Финансовый контроль и экономическая безопасность организаций,"Институт финансов, экономики и управления ТГУ",Бакалавриат,Тольяттинский государственный университет,Тольятти,5.0,16.0,145100.0,235.0,127.0,0.0,Очная,Русский,государственный,21.0,0.23809523809523808,11.88518533064729,0,0,0,0
1823,02.03.02 | Фундаментальные информатика и информационные технологии,Математические и алгоритмические основы интеллектуальных систем,Факультет Троицкого филиала ЧелГУ,Бакалавриат,Челябинский государственный университет Троицкий филиал,Троицк,15.0,12.0,159000.0,151.0,118.0,0.0,Очная,Русский,государственный,27.0,0.5555555555555556,11.976665770490767,0,0,0,0
1824,01.03.05 | Статистика,Прикладная статистика и управление данными,"Высшая школа кибертехнологий, математики и статистики РЭУ им. Г. В. Плеханова",Бакалавриат,Российский экономический университет имени Г.В. Плеханова,Москва,5.0,8.0,360000.0,278.0,,0.0,Очная,Русский,государственный,13.0,0.38461538461538464,12.793862088206213,0,0,0,0
1825,01.03.05 | Статистика,Прикладная статистика и управление данными,Экономический факультет ПГНИУ,Бакалавриат,Пермский государственный национальный исследовательский университет,Пермь,30.0,2.0,153000.0,160.0,124.0,0.0,Очная,Русский,государственный,32.0,0.9375,11.938199736300925,0,0,0,0
1826,01.03.05 | Статистика,Прикладная статистика и управление данными,Институт математики и информационных технологий ОГУ,Бакалавриат,Оренбургский государственный университет,Оренбург,20.0,100.0,153000.0,135.0,,0.0,Очная,Русский,государственный,120.0,0.16666666666666666,11.938199736300925,0,0,2,1
1827,01.03.05 | Статистика,Прикладная статистика и управление данными,Экономический факультет ВГСХА,Бакалавриат,Вятский государственный агротехнологический университет,Киров,,30.0,136000.0,,103.0,0.0,Очная,Русский,государственный,,0.0,11.820417517632333,0,0,2,1
1828,01.03.05 | Статистика,Прикладная статистика и управление данными,Экономический факультет ПГТУ,Бакалавриат,Поволжский государственный технологический университет,Йошкар-Ола,25.0,2.0,123750.0,143.0,124.0,0.0,Очная,Русский,государственный,27.0,0.9259259259259259,11.726026761206368,0,0,0,0
1829,38.03.05 | Бизнес-информатика,Управление разработкой информационных систем,Институт компьютерных наук НИТУ МИСИС,Бакалавриат,Университет науки и технологий МИСИС,Москва,5.0,12.0,337000.0,287.0,,0.0,Очная,Русский,государственный,17.0,0.29411764705882354,12.727841176689147,0,0,0,0
1830,27.03.03 | Системный анализ и управление,Автоматизированные системы обработки данных и управление,Академия биоресурсов и природопользования КФУ им. В.И. Вернадского,Бакалавриат,Крымский федеральный университет имени В.И. Вернадского,Симферопол..,20.0,10.0,143000.0,135.0,,0.0,Очная,Русский,государственный,30.0,0.6666666666666666,11.870606902224587,0,0,0,0
1831,01.03.02 | Прикладная математика и информатика,Математическое и программное обеспечение систем обработки информации и управления,Факультет вычислительной математики и кибернетики МГУ,Бакалавриат,Московский государственный университет имени М.В. Ломоносова,Москва,104.0,40.0,512810.0,423.0,300.0,0.0,Очная,Русский,государственный,144.0,0.7222222222222222,13.147662635216566,0,0,1,2
1832,38.03.05 | Бизнес-информатика,Бизнес-аналитика и информатика,"Информатика, кибернетика и электроэнергетика МАИ",Бакалавриат,Московский авиационный институт,Москва,,90.0,353740.0,,,0.0,Очная,Русский,государственный,,0.0,12.776320285919827,0,0,0,0
1833,38.03.05 | Бизнес-информатика,Бизнес-аналитика и информатика,"Информатика, кибернетика и электроэнергетика МАИ",Бакалавриат,Московский авиационный институт,Москва,,30.0,215890.0,,,0.0,Очно-заочная,Русский,государственный,,0.0,12.28252892966829,0,0,2,1
1834,38.03.05 | Бизнес-информатика,Бизнес-аналитика и информатика,Институт компьютерных наук НИТУ МИСИС,Бакалавриат,Университет науки и технологий МИСИС,Москва,5.0,12.0,337000.0,287.0,,0.0,Очная,Русский,государственный,17.0,0.29411764705882354,12.727841176689147,0,0,0,0
1835,38.03.05 | Бизнес-информатика,Бизнес-аналитика и информатика,Факультет экономики и менеджмента ГСИ,Бакалавриат,Гуманитарно-социальный институт,Москва,,70.0,134000.0,,,0.0,Очная,Русский,негосударственный,,0.0,11.80560254159177,0,0,2,1
1836,38.03.05 | Бизнес-информатика,Бизнес-аналитика и информатика,Факультет экономики и менеджмента ГСИ,Бакалавриат,Гуманитарно-социальный институт,Москва,,60.0,110000.0,,124.0,0.0,Очно-заочная,Русский,негосударственный,,0.0,11.608244735642321,0,0,2,1
1837,38.03.05 | Бизнес-информатика,Бизнес-аналитика и информатика,"Факультет прикладной математики, информатики и механики ВГУ",Бакалавриат,Воронежский государственный университет,Воронеж,,10.0,153200.0,,,0.0,Очная,Русский,государственный,,0.0,11.939506063682469,0,0,2,1
1838,38.03.05 | Бизнес-информатика,Бизнес-аналитика и информатика,Факультет ЦУ,Бакалавриат,Центральный университет,Москва,10.0,190.0,700000.0,,,0.0,Очная,Русский,негосударственный,200.0,0.05,13.45883704259595,0,0,1,2
1839,38.03.05 | Бизнес-информатика,Деловая аналитика,Факультет информатики и прикладной математики СПбГЭУ,Бакалавриат,Санкт-Петербургский государственный экономический университет,Санкт-Пете..,5.0,125.0,320000.0,284.0,,0.0,Очная,Русский,государственный,130.0,0.038461538461538464,12.676079399771027,0,0,1,2
1840,01.03.02 | Прикладная математика и информатика,Прикладной анализ данных и искусственный интеллект,Факультет компьютерных наук НИУ ВШЭ,Бакалавриат,Национальный исследовательский университет «Высшая школа экономики»,Москва,,220.0,850000.0,,,0.0,Очная,Русский,государственный,,0.0,13.652992804936396,0,0,1,2
1841,01.03.02 | Прикладная математика и информатика,Прикладной анализ данных и искусственный интеллект,Факультет математики и естественных наук ИжГТУ имени М. Т. Калашникова,Бакалавриат,Ижевский государственный технический университет им. М.Т. Калашникова,Ижевск,17.0,2.0,140700.0,231.0,,0.0,Очная,Русский,государственный,19.0,0.8947368421052632,11.854392350397763,0,0,0,0
1842,01.03.02 | Прикладная математика и информатика,Прикладной анализ данных и искусственный интеллект,Институт математики и компьютерных технологий ДВФУ,Бакалавриат,Дальневосточный федеральный университет,Владивосто..,50.0,5.0,248000.0,192.0,,0.0,Очная,Русский,государственный,55.0,0.9090909090909091,12.421188057397055,0,0,0,0
1843,01.03.02 | Прикладная математика и информатика,Прикладной анализ данных и искусственный интеллект,"Школа информатики, физики и технологий НИУ ВШЭ — Санкт-Петербург",Бакалавриат,Национальный исследовательский университет «Высшая школа экономики» — Санкт-Петербург,Санкт-Пете..,30.0,30.0,550000.0,288.0,,0.0,Очная,Русский,государственный,60.0,0.5,13.217675375388819,0,0,1,2
1844,01.03.02 | Прикладная математика и информатика,Прикладной анализ данных и искусственный интеллект,Институт математики и информатики СВФУ,Бакалавриат,Северо-Восточный федеральный университет имени М. К. Аммосова,Якутск,23.0,2.0,309000.0,190.0,,0.0,Очная,Русский,государственный,25.0,0.92,12.6410997921206,0,0,0,0
1845,01.03.02 | Прикладная математика и информатика,Прикладной анализ данных и искусственный интеллект,Факультет математики и информационных технологий Стерлитамакского филиала УУНиТ,Бакалавриат,Стерлитамакский филиал Уфимского университета науки и технологий,Стерлитама..,25.0,5.0,148300.0,170.0,119.0,0.0,Очная,Русский,государственный,30.0,0.8333333333333334,11.906999271191623,0,0,0,0
1846,01.03.02 | Прикладная математика и информатика,Прикладной анализ данных и искусственный интеллект,Факультет информационных технологий и радиоэлектроники МИВлГУ,Бакалавриат,Муромский институт (филиал) Владимирского государственного университета имени Александра Григорьевича и Николая Григорьевича Столетовых,Муром,13.0,12.0,153000.0,,,0.0,Очная,Русский,государственный,25.0,0.52,11.938199736300925,0,0,0,0
1847,39.03.01 | Социология,Экспертно-аналитическая деятельность в управленческих структурах,Социально-гуманитарный институт КБГУ,Бакалавриат,Кабардино-Балкарский государственный университет им. Х.М. Бербекова,Нальчик,17.0,3.0,132900.0,213.0,,0.0,Очная,Русский,государственный,20.0,0.85,11.797359769127505,0,0,0,0
1848,09.03.02 | Информационные системы и технологии,Технологии искусственного интеллекта и анализ данных,"Высшая школа кибертехнологий, математики и статистики РЭУ им. Г. В. Плеханова",Бакалавриат,Российский экономический университет имени Г.В. Плеханова,Москва,50.0,18.0,380000.0,267.0,,0.0,Очная,Русский,государственный,68.0,0.7352941176470589,12.847929163278053,0,0,1,2
1849,09.03.02 | Информационные системы и технологии,Технологии искусственного интеллекта и анализ данных,Институт кибербезопасности и цифровых технологий РТУ МИРЭА,Бакалавриат,МИРЭА - Российский технологический университет,Москва,50.0,158.0,359300.0,270.0,,0.0,Очная,Русский,государственный,208.0,0.2403846153846154,12.791915756287272,0,0,1,2
1850,09.03.02 | Информационные системы и технологии,Технологии искусственного интеллекта и анализ данных,Институт кибербезопасности и цифровых технологий РТУ МИРЭА,Бакалавриат,МИРЭА - Российский технологический университет,Москва,,15.0,359300.0,,134.0,0.0,Очная,Русский,государственный,,0.0,12.791915756287272,0,0,0,0
1851,09.03.02 | Информационные системы и технологии,Технологии искусственного интеллекта и анализ данных,Институт кибербезопасности и цифровых технологий РТУ МИРЭА,Бакалавриат,МИРЭА - Российский технологический университет,Москва,,15.0,359300.0,,134.0,0.0,Очная,Русский,государственный,,0.0,12.791915756287272,0,0,0,0
1852,09.03.02 | Информационные системы и технологии,Технологии искусственного интеллекта и анализ данных,Факультет высшего образования МТИ,Бакалавриат,Московский технологический институт МосТех,Москва,,230.0,295000.0,,99.0,0.0,Очная,Русский,негосударственный,,0.0,12.59473402514672,0,0,2,1
1853,09.03.02 | Информационные системы и технологии,Технологии искусственного интеллекта и анализ данных,Факультет высшего образования МТИ,Бакалавриат,Московский технологический институт МосТех,Москва,,978.0,80000.0,,99.0,0.0,Дистанционная,Русский,негосударственный,,0.0,11.289794413577894,0,0,2,1
1854,09.03.02 | Информационные системы и технологии,Технологии искусственного интеллекта и анализ данных,Факультет информационных технологий и компьютерной безопасности ВГТУ,Бакалавриат,Воронежский государственный технический университет,Воронеж,25.0,15.0,151400.0,234.0,118.0,0.0,Очная,Русский,государственный,40.0,0.625,11.927687224983487,0,0,0,0
1855,09.03.02 | Информационные системы и технологии,Технологии искусственного интеллекта и анализ данных,Высшая школа цифровых технологий ТИУ,Бакалавриат,Тюменский индустриальный университет,Тюмень,23.0,2.0,262500.0,212.0,,0.0,Очная,Русский,государственный,25.0,0.92,12.47801017053037,0,0,0,0
1856,01.03.01 | Математика,"Математическое моделирование, нейросетевые технологии и анализ больших данных",Физико-математический факультет МарГУ,Бакалавриат,Марийский государственный университет,Йошкар-Ола,13.0,1.0,143000.0,169.0,119.0,0.0,Очная,Русский,государственный,14.0,0.9285714285714286,11.870606902224587,0,0,0,0
1857,02.03.03 | Математическое обеспечение и администрирование информационных систем,Интеллектуальные системы и базы данных,Физико-математический факультет МарГУ,Бакалавриат,Марийский государственный университет,Йошкар-Ола,24.0,1.0,143000.0,132.0,,0.0,Очная,Русский,государственный,25.0,0.96,11.870606902224587,0,0,0,0
1858,02.03.03 | Математическое обеспечение и администрирование информационных систем,Интеллектуальные системы и базы данных,Институт математики и информатики БГУ,Бакалавриат,Бурятский государственный университет имени Доржи Банзарова,Улан-Удэ,30.0,20.0,159000.0,141.0,119.0,0.0,Очная,Русский,государственный,50.0,0.6,11.976665770490767,0,0,0,0
1859,38.03.04 | Государственное и муниципальное управление,Государственное управление большими данными,Факультет управления и политики МГИМО (Московский государственный институт международных отношений (Университет) МИД России),Бакалавриат,Московский государственный институт международных отношений (Университет) МИД России,Москва,1.0,30.0,798000.0,288.0,,0.0,Очная,Русский,государственный,31.0,0.03225806451612903,13.589865129563993,0,0,1,2
1860,09.03.02 | Информационные системы и технологии,"Создание, модификация и сопровождение информационных систем, администрирование баз данных",Факультет прикладной информатики КубГАУ,Бакалавриат,Кубанский государственный аграрный университет имени И.Т. Трубилина,Краснодар,70.0,26.0,195000.0,218.0,,0.0,Очная,Русский,государственный,96.0,0.7291666666666666,12.180759965737863,0,0,1,2
1861,02.03.03 | Математическое обеспечение и администрирование информационных систем,Проектирование информационных систем и баз данных,"Факультет физики, математики, информатики Курского государственного университета",Бакалавриат,Курский государственный университет,Курск,22.0,10.0,131043.0,214.0,119.0,0.0,Очная,Русский,государственный,32.0,0.6875,11.783288423651543,0,0,0,0
1862,01.03.01 | Математика,"Математика, алгоритмы и анализ данных",Факультет филиала МГУ в Астане,Бакалавриат,Филиал Московского государственного университета имени М.В. Ломоносова в Казахстане,Астана,26.0,7.0,428004.0,,79.0,0.0,Очная,Русский,государственный,33.0,0.7878787878787878,12.966890156738687,0,0,0,0
1863,01.03.01 | Математика,"Математика, алгоритмы и анализ данных","Институт математики, информационных технологий и естественных наук ИвГУ",Бакалавриат,Ивановский государственный университет,Иваново,11.0,10.0,115000.0,168.0,118.0,0.0,Очная,Русский,государственный,21.0,0.5238095238095238,11.652696102959753,0,0,0,0
1864,01.03.02 | Прикладная математика и информатика,Прикладное программирование и информационные системы,Факультет информатики и прикладной математики СПбГЭУ,Бакалавриат,Санкт-Петербургский государственный экономический университет,Санкт-Пете..,43.0,50.0,320000.0,239.0,,0.0,Очная,Русский,государственный,93.0,0.46236559139784944,12.676079399771027,0,0,1,2
1865,01.03.02 | Прикладная математика и информатика,Прикладное программирование и информационные системы,Высшая школа цифровых технологий ТИУ,Бакалавриат,Тюменский индустриальный университет,Тюмень,20.0,10.0,219400.0,239.0,,0.0,Очная,Русский,государственный,30.0,0.6666666666666666,12.29865638469802,0,0,0,0
1866,01.03.02 | Прикладная математика и информатика,Математическое моделирование,Институт электронных и информационных систем НовГУ,Бакалавриат,Новгородский государственный университет имени Ярослава Мудрого,Великий Но..,25.0,,,172.0,,0.0,Очная,Русский,государственный,,0.0,,0,0,2,1
1867,01.03.02 | Прикладная математика и информатика,Математическое моделирование,Факультет Миасского филиала ЧелГУ,Бакалавриат,Челябинский государственный университет Миасский филиал,Миасс,10.0,10.0,159000.0,136.0,119.0,0.0,Очная,Русский,государственный,20.0,0.5,11.976665770490767,0,0,0,0
1868,39.03.01 | Социология,Социология управления и организаций,Институт экономики и управления УРФУ,Бакалавриат,Уральский федеральный университет имени первого Президента России Б. Н. Ельцина,Екатеринбург,30.0,30.0,196000.0,240.0,,0.0,Очная,Русский,государственный,60.0,0.5,12.185875040240456,0,0,0,0
1869,39.03.01 | Социология,Социология управления и организаций,Социально-психологический институт КемГУ,Бакалавриат,Кемеровский государственный университет,Кемерово,24.0,4.0,161000.0,203.0,,0.0,Очная,Русский,государственный,28.0,0.8571428571428571,11.989165855127435,0,0,0,0
1870,39.03.01 | Социология,Социология управления и организаций,Институт педагогического образования и социальных технологий ТвГУ,Бакалавриат,Тверской государственный университет,Тверь,8.0,15.0,139900.0,200.0,,0.0,Очная,Русский,государственный,23.0,0.34782608695652173,11.848690308590857,0,0,0,0
1871,01.03.01 | Математика,"Математика в образовании, фундаментальных и прикладных исследованиях",Факультет математики НИУ ВШЭ,Бакалавриат,Национальный исследовательский университет «Высшая школа экономики»,Москва,25.0,15.0,470000.0,261.0,,0.0,Очная,Русский,государственный,40.0,0.625,13.060490101343552,0,0,1,2
1872,01.03.01 | Математика,"Математика в образовании, фундаментальных и прикладных исследованиях",Институт электронных и информационных систем НовГУ,Бакалавриат,Новгородский государственный университет имени Ярослава Мудрого,Великий Но..,20.0,,,137.0,,0.0,Очная,Русский,государственный,,0.0,,0,0,0,0
1873,01.03.01 | Математика,"Математика в образовании, фундаментальных и прикладных исследованиях",Институт математики и информационных технологий ПетрГУ,Бакалавриат,Петрозаводский государственный университет,Петрозаводск,15.0,10.0,183700.0,158.0,119.0,0.0,Очная,Русский,государственный,25.0,0.6,12.121064714846538,0,0,0,0
1874,38.03.04 | Государственное и муниципальное управление,Организационно-аналитическое обеспечение административного управления,Факультет государственного управления и международных отношений ЮЗГУ,Бакалавриат,Юго-Западный государственный университет,Курск,15.0,70.0,131000.0,214.0,,0.0,Очная,Русский,государственный,85.0,0.17647058823529413,11.782960235741939,0,0,2,1
1875,38.03.04 | Государственное и муниципальное управление,Организационно-аналитическое обеспечение административного управления,Факультет государственного управления и международных отношений ЮЗГУ,Бакалавриат,Юго-Западный государственный университет,Курск,,40.0,75000.0,,,0.0,Очно-заочная,Русский,государственный,,0.0,11.225256725762893,0,0,2,1
1876,01.03.02 | Прикладная математика и информатика,Имитационное моделирование и анализ данных,"Факультет математики, информационных и авиационных технологий УлГУ",Бакалавриат,Ульяновский государственный университет,Ульяновск,20.0,10.0,134300.0,138.0,119.0,0.0,Очная,Русский,государственный,30.0,0.6666666666666666,11.807838828499989,0,0,0,0
1877,01.03.04 | Прикладная математика,Комплексный анализ данных и математическое моделирование,Политехнический институт ТОГУ,Бакалавриат,Тихоокеанский государственный университет,Хабаровск,,100.0,205000.0,,119.0,0.0,Очная,Русский,государственный,,0.0,12.230770136157428,0,0,2,1
1878,02.03.03 | Математическое обеспечение и администрирование информационных систем,"Информационные системы, компьютерные технологии и анализ данных",Факультет информационных систем и технологий УлГТУ,Бакалавриат,Ульяновский государственный технический университет,Ульяновск,12.0,35.0,124150.0,134.0,119.0,0.0,Очная,Русский,государственный,47.0,0.2553191489361702,11.729253845676325,0,0,0,0
1879,09.03.03 | Прикладная информатика,Автоматизация бизнес-решений,Институт компьютерных технологий и информационной безопасности ЮФУ,Бакалавриат,Южный федеральный университет,Ростов-на-..,,50.0,48000.0,,,0.0,Заочная,Русский,государственный,,0.0,10.778977123006351,0,0,2,1
1880,09.03.02 | Информационные системы и технологии,Анализ данных и цифровые технологи,"Факультет техники, управления и цифровой инфраструктуры ИГХТУ",Бакалавриат,Ивановский государственный химико-технологический университет,Иваново,41.0,25.0,146900.0,191.0,,0.0,Очная,Русский,государственный,66.0,0.6212121212121212,11.897514169490739,0,0,0,0
1881,09.03.02 | Информационные системы и технологии,Анализ данных и цифровые технологи,"Факультет техники, управления и цифровой инфраструктуры ИГХТУ",Бакалавриат,Ивановский государственный химико-технологический университет,Иваново,,50.0,61800.0,,,0.0,Заочная,Русский,государственный,,0.0,11.031674824544641,0,0,2,1
1882,09.03.04 | Программная инженерия,Искусственный интеллект,Институт интеллектуальных кибернетических систем НИЯУ МИФИ,Бакалавриат,Национальный исследовательский ядерный университет «МИФИ»,Москва,19.0,18.0,440000.0,,,0.0,Очная,Русский,государственный,37.0,0.5135135135135135,12.994532278619134,0,0,0,0
1883,09.03.04 | Программная инженерия,Искусственный интеллект,Факультет автоматизированных информационных технологий,Бакалавриат,Пензенский государственный технологический университет,Пенза,20.0,10.0,144700.0,197.0,,0.0,Очная,Русский,государственный,30.0,0.6666666666666666,11.88242482344573,0,0,0,0
1884,09.03.04 | Программная инженерия,Искусственный интеллект,Институт информационных технологий ЧГУ,Бакалавриат,Череповецкий государственный университет,Череповец,125.0,5.0,191800.0,128.0,119.0,0.0,Очная,Русский,государственный,130.0,0.9615384615384616,12.164213655182222,0,0,1,2
1885,09.03.04 | Программная инженерия,Искусственный интеллект,Факультет математики и информационных технологий МГУ им. Н. П. Огарёва,Бакалавриат,Национальный исследовательский Мордовский государственный университет им. Н.П.Огарева,Саранск,50.0,15.0,135400.0,220.0,,0.0,Очная,Русский,государственный,65.0,0.7692307692307693,11.81599602495741,0,0,0,0
1886,01.03.05 | Статистика,Бизнес-аналитика в цифровой экономике,Экономический институт МГУ им. Н. П. Огарёва,Бакалавриат,Национальный исследовательский Мордовский государственный университет им. Н.П.Огарева,Саранск,30.0,3.0,118600.0,148.0,123.0,0.0,Очная,Русский,государственный,33.0,0.9090909090909091,11.68352019721342,0,0,0,0
1887,01.03.01 | Математика,Экономико-математические методы,Физико-математический факультет ТувГУ,Бакалавриат,Тувинский государственный университет,Кызыл,22.0,8.0,196796.0,148.0,,0.0,Очная,Русский,государственный,30.0,0.7333333333333333,12.18992801958166,0,0,0,0
1888,09.03.01 | Информатика и вычислительная техника,Анализ данных,Инженерно-технологический институт ХГУ,Бакалавриат,Хакасский государственный университет им. Н.Ф. Катанова,Абакан,24.0,6.0,190000.0,142.0,119.0,0.0,Очная,Русский,государственный,30.0,0.8,12.154784614286667,0,0,0,0
1889,09.03.03 | Прикладная информатика,Информационно-коммуникационные технологии и аналитика данных,Институт информационных наук и технологий безопасности РГГУ,Бакалавриат,Российский государственный гуманитарный университет,Москва,20.0,15.0,373000.0,146.0,120.0,0.0,Очная,Русский,государственный,35.0,0.5714285714285714,12.829336379587506,0,0,0,0
1890,38.03.01 | Экономика,Экономика и анализ данных (совместная программа двойного дипломирования СВФУ и НИУ ВШЭ),Экономический факультет РГГУ,Бакалавриат,Российский государственный гуманитарный университет,Москва,10.0,20.0,160000.0,237.0,,0.0,Очно-заочная,Русский,государственный,30.0,0.3333333333333333,11.982935344196433,0,0,2,1
1891,38.03.01 | Экономика,Экономика и анализ данных (совместная программа двойного дипломирования СВФУ и НИУ ВШЭ),Финансово-экономический институт СВФУ,Бакалавриат,Северо-Восточный федеральный университет имени М. К. Аммосова,Якутск,17.0,15.0,309000.0,210.0,,0.0,Очная,Русский,государственный,32.0,0.53125,12.6410997921206,0,0,0,0
1892,01.03.02 | Прикладная математика и информатика,Технологии программирования и анализ данных,Физико-математический факультет ОГУ имени И.С. Тургенева,Бакалавриат,Орловский государственный университет имени И.С. Тургенева,Орел,15.0,15.0,128240.0,187.0,119.0,0.0,Очная,Русский,государственный,30.0,0.5,11.761666585132009,0,0,0,0
1893,01.03.02 | Прикладная математика и информатика,Технологии программирования и анализ данных,Политехнический институт СурГУ,Бакалавриат,Сургутский государственный университет,Сургут,20.0,15.0,223200.0,193.0,119.0,0.0,Очная,Русский,государственный,35.0,0.5714285714285714,12.315827989765994,0,0,0,0
1894,09.03.01 | Информатика и вычислительная техника,Технологии интеллектуальных автоматизированных систем,Факультет информационных технологий и компьютерной безопасности ВГТУ,Бакалавриат,Воронежский государственный технический университет,Воронеж,50.0,25.0,151400.0,186.0,118.0,0.0,Очная,Русский,государственный,75.0,0.6666666666666666,11.927687224983487,0,0,0,0
1895,09.03.01 | Информатика и вычислительная техника,Технологии интеллектуальных автоматизированных систем,Факультет информационных технологий и компьютерной безопасности ВГТУ,Бакалавриат,Воронежский государственный технический университет,Воронеж,27.0,25.0,45400.0,218.0,118.0,0.0,Заочная,Русский,государственный,52.0,0.5192307692307693,10.723289410218579,0,0,2,1
1896,27.03.03 | Системный анализ и управление,Бизнес-аналитика и системы больших данных,Факультет информационных технологий и компьютерной безопасности ВГТУ,Бакалавриат,Воронежский государственный технический университет,Воронеж,23.0,15.0,151400.0,217.0,,0.0,Очная,Русский,государственный,38.0,0.6052631578947368,11.927687224983487,0,0,0,0
1897,02.03.03 | Математическое обеспечение и администрирование информационных систем,Технологии программирования и анализ данных,Институт передовых информационных технологий ТГПУ,Бакалавриат,Тульский государственный педагогический университет им. Л.Н. Толстого,Тула,24.0,5.0,147192.0,162.0,,0.0,Очная,Русский,государственный,29.0,0.8275862068965517,11.899499929798344,0,0,0,0
1898,11.03.01 | Радиотехника,Средства радиоэлектронной борьбы,Факультет радиоэлектроники и биотехнических систем ДГТУ в г. Махачкала,Бакалавриат,Дагестанский государственный технический университет,Махачкала,8.0,3.0,122184.0,174.0,,0.0,Очная,Русский,государственный,11.0,0.7272727272727273,11.71329156859445,0,0,0,0
1899,02.03.01 | Математика и компьютерные науки,Анализ данных и машинное обучение,Факультет математики и компьютерных наук имени профессора Н.И. Червякова СКФУ,Бакалавриат,Северо-Кавказский федеральный университет,Ставрополь,25.0,3.0,167000.0,179.0,,0.0,Очная,Русский,государственный,28.0,0.8928571428571429,12.025755079404917,0,0,0,0
1900,02.03.01 | Математика и компьютерные науки,Анализ данных и машинное обучение,Институт математического моделирования и игропрактики ПсковГУ,Бакалавриат,Псковский государственный университет,Псков,20.0,10.0,164940.0,177.0,,0.0,Очная,Русский,государственный,30.0,0.6666666666666666,12.013343113179687,0,0,0,0
1901,02.03.01 | Математика и компьютерные науки,Анализ данных и машинное обучение,Институт точных наук и информационных технологий СГУ им. Питирима Сорокина,Бакалавриат,Сыктывкарский государственный университет имени Питирима Сорокина,Сыктывкар,24.0,10.0,219080.0,136.0,119.0,0.0,Очная,Русский,государственный,34.0,0.7058823529411765,12.297196803429873,0,0,0,0
1902,02.03.01 | Математика и компьютерные науки,Анализ данных и машинное обучение,Институт точных наук и информационных технологий СГУ им. Питирима Сорокина,Бакалавриат,Сыктывкарский государственный университет имени Питирима Сорокина,Сыктывкар,,10.0,52990.0,,119.0,0.0,Очно-заочная,Русский,государственный,,0.0,10.87787736679393,0,0,2,1
1903,27.03.03 | Системный анализ и управление,Интеллектуальная бизнес-аналитика и управление экономическими процессами,Экономический факультет КубГУ,Бакалавриат,Кубанский государственный университет,Краснодар,24.0,12.0,175000.0,221.0,,0.0,Очная,Русский,государственный,36.0,0.6666666666666666,12.07254696717504,0,0,0,0
1904,09.03.02 | Информационные системы и технологии,Интеллектуальный анализ данных и машинное обучение,Институт вычислительной математики и информационных технологий КФУ,Бакалавриат,Казанский (Приволжский) федеральный университет,Казань,21.0,20.0,247500.0,,,0.0,Очная,Русский,государственный,41.0,0.5121951219512195,12.419169901386761,0,0,0,0
1905,09.03.02 | Информационные системы и технологии,Интеллектуальный анализ данных и машинное обучение,Инженерная школа информационных технологий и робототехники ТПУ,Бакалавриат,Национальный исследовательский Томский политехнический университет,Томск,50.0,6.0,208000.0,227.0,,0.0,Очная,Русский,государственный,56.0,0.8928571428571429,12.245298166364206,0,0,0,0
1906,09.03.02 | Информационные системы и технологии,Интеллектуальный анализ данных и машинное обучение,Институт физико-математических и компьютерных наук РГУ,Бакалавриат,Рязанский государственный университет им. С.А. Есенина,Рязань,,20.0,158500.0,,,0.0,Очная,Русский,государственный,,0.0,11.973516181427835,0,0,2,1
1907,27.05.01 | Специальные организационно-технические системы,Информационно-аналитическая деятельность в специальных организационно-технических системах,"Институт информатики, математики и робототехники УУНиТ",Специалитет,Уфимский университет науки и технологий,Уфа,20.0,5.0,167700.0,182.0,119.0,0.0,Очная,Русский,государственный,25.0,0.8,12.02993791082274,0,0,0,0
1908,09.03.01 | Информатика и вычислительная техника,Системы искусственного интеллекта и анализ данных,Институт радиоэлектроники и информационных технологий НГТУ им. Алексеева,Бакалавриат,Нижегородский государственный технический университет им. Р.Е. Алексеева,Нижний Нов..,33.0,5.0,165540.0,224.0,119.0,0.0,Очная,Русский,государственный,38.0,0.868421052631579,12.016974177257193,0,0,0,0
1909,09.03.01 | Информатика и вычислительная техника,Системы искусственного интеллекта и анализ данных,Факультет автоматизированных информационных технологий,Бакалавриат,Пензенский государственный технологический университет,Пенза,25.0,5.0,144700.0,203.0,119.0,0.0,Очная,Русский,государственный,30.0,0.8333333333333334,11.88242482344573,0,0,0,0
1910,09.03.01 | Информатика и вычислительная техника,Системы искусственного интеллекта и анализ данных,Институт информатики и телекоммуникаций СибГУ им. М.Ф. Решетнева,Бакалавриат,Сибирский государственный университет науки и технологий имени академика М.Ф. Решетнева,Красноярск,25.0,5.0,246000.0,202.0,,0.0,Очная,Русский,государственный,30.0,0.8333333333333334,12.413090879946887,0,0,0,0
1911,09.03.01 | Информатика и вычислительная техника,Системы искусственного интеллекта и анализ данных,Факультет компьютерных и инженерных наук Университета Иннополис,Бакалавриат,"Автономная некоммерческая организация высшего образования ""Университет Иннополис""",Иннополис,35.0,130.0,800000.0,299.0,,0.0,Очная,Русский,негосударственный,165.0,0.21212121212121213,13.592368256649284,0,0,1,2
1912,38.03.02 | Менеджмент,Бизнес-аналитика и управление рисками,Институт экономики Казанский ГАУ,Бакалавриат,Казанский государственный аграрный университет,Казань,,30.0,153755.0,,,0.0,Очная,Русский,государственный,,0.0,11.943122209297577,0,0,2,1
1913,38.03.02 | Менеджмент,Бизнес-аналитика и управление рисками,Институт экономики Казанский ГАУ,Бакалавриат,Казанский государственный аграрный университет,Казань,,30.0,78300.0,,,0.0,Очно-заочная,Русский,государственный,,0.0,11.268315653289422,0,0,2,1
1914,38.03.01 | Экономика,Международный бизнес: налоги и аналитика,"Факультет налогов, аудита и бизнес-анализа Финансовый университет",Бакалавриат,Финансовый университет при Правительстве Российской Федерации,Москва,10.0,90.0,530000.0,,110.0,0.0,Очная,Русский,государственный,100.0,0.1,13.180634172318978,0,0,1,2
1915,09.03.03 | Прикладная информатика,Прикладная информатика в цифровом бизнесе,Институт информационных технологий ННГАСУ,Бакалавриат,Нижегородский государственный архитектурно-строительный университет,Нижний Нов..,25.0,23.0,165600.0,200.0,,0.0,Очная,Русский,государственный,48.0,0.5208333333333334,12.017336559562407,0,0,0,0
1916,09.03.03 | Прикладная информатика,Прикладная информатика в цифровом бизнесе,Институт информационных технологий ННГАСУ,Бакалавриат,Нижегородский государственный архитектурно-строительный университет,Нижний Нов..,,50.0,75200.0,,,0.0,Заочная,Русский,государственный,,0.0,11.227919807721856,0,0,2,1
1917,09.03.03 | Прикладная информатика,Прикладная информатика в цифровом бизнесе,Институт информационных технологий ЧелГУ,Бакалавриат,Челябинский государственный университет,Челябинск,20.0,15.0,182000.0,205.0,,0.0,Очная,Русский,государственный,35.0,0.5714285714285714,12.111767460549332,0,0,0,0
1918,09.03.03 | Прикладная информатика,Прикладная информатика в цифровом бизнесе,Институт информационных технологий ЧелГУ,Бакалавриат,Челябинский государственный университет,Челябинск,,20.0,69000.0,,,0.0,Заочная,Русский,государственный,,0.0,11.141876276228,0,0,2,1
1919,09.03.03 | Прикладная информатика,Прикладная информатика в цифровом бизнесе,Институт информационных технологий ЧелГУ,Бакалавриат,Челябинский государственный университет,Челябинск,,50.0,69000.0,,119.0,0.0,Заочная,Русский,государственный,,0.0,11.141876276228,0,0,2,1
1920,09.03.03 | Прикладная информатика,Прикладная информатика в цифровом бизнесе,Институт информационных технологий и управляющих систем БГТУ им. В.Г. Шухова,Бакалавриат,Белгородский государственный технологический университет им. В.Г. Шухова,Белгород,25.0,6.0,158800.0,196.0,119.0,0.0,Очная,Русский,государственный,31.0,0.8064516129032258,11.975407125004564,0,0,0,0
1921,38.03.04 | Государственное и муниципальное управление,Управление и экономика в государственном и муниципальном секторе,Факультет управления и права ПГТУ,Бакалавриат,Поволжский государственный технологический университет,Йошкар-Ола,12.0,28.0,123750.0,232.0,,0.0,Очная,Русский,государственный,40.0,0.3,11.726026761206368,0,0,2,1
1922,38.03.04 | Государственное и муниципальное управление,Управление и экономика в государственном и муниципальном секторе,Факультет управления и права ПГТУ,Бакалавриат,Поволжский государственный технологический университет,Йошкар-Ола,,30.0,47650.0,,,0.0,Очно-заочная,Русский,государственный,,0.0,10.771658895221004,0,0,2,1
1923,09.03.03 | Прикладная информатика,Программирование и искусственный интеллект,Факультет компьютерных технологий и прикладной математики КубГУ,Бакалавриат,Кубанский государственный университет,Краснодар,15.0,26.0,189000.0,255.0,,0.0,Очная,Русский,государственный,41.0,0.36585365853658536,12.149507585033072,0,0,0,0
1924,01.03.01 | Математика,Математические методы цифровых технологий,Физико-математический институт ПГНИУ,Бакалавриат,Пермский государственный национальный исследовательский университет,Пермь,15.0,5.0,153000.0,156.0,119.0,0.0,Очная,Русский,государственный,20.0,0.75,11.938199736300925,0,0,0,0
1925,01.03.01 | Математика,Математические методы цифровых технологий,Таврическая академия КФУ им. В.И. Вернадского,Бакалавриат,Крымский федеральный университет имени В.И. Вернадского,Симферопол..,30.0,15.0,125000.0,119.0,119.0,0.0,Очная,Русский,государственный,45.0,0.6666666666666666,11.736077016252437,0,0,0,0
1926,09.03.03 | Прикладная информатика,Технологии искусственного интеллекта в промышленности,Институт автоматики и информационных технологий,Бакалавриат,Самарский государственный технический университет,Самара,21.0,10.0,164220.0,207.0,,0.0,Очная,Русский,государственный,31.0,0.6774193548387096,12.008968360636517,0,0,0,0
1927,09.03.03 | Прикладная информатика,Технологии искусственного интеллекта в промышленности,Передовая инженерная школа «Моторы будущего» УУНиТ,Бакалавриат,Уфимский университет науки и технологий,Уфа,25.0,25.0,167700.0,203.0,,0.0,Очная,Русский,государственный,50.0,0.5,12.02993791082274,0,0,0,0
1928,09.03.03 | Прикладная информатика,Ит- сервисы и технологии обработки данных в экономике и финансах,Факультет филиала ННГУ в г. Дзержинск,Бакалавриат,Дзержинский филиал Нижегородского государственного университета им. Н.И. Лобачевского,Нижний Нов..,,10.0,70000.0,,119.0,0.0,Очно-заочная,Русский,государственный,,0.0,11.156264806643742,0,0,2,1
1929,38.03.01 | Экономика,Экономика и организация строительства,Факультет экономики и управления УрГУПС,Бакалавриат,Уральский государственный университет путей сообщения,Екатеринбург,,75.0,161000.0,,,0.0,Очная,Русский,государственный,,0.0,11.989165855127435,0,0,2,1
1930,38.03.01 | Экономика,Экономика и организация строительства,"Институт кадастра, экономики и инженерных систем в строительстве ТГАСУ",Бакалавриат,Томский государственный архитектурно-строительный университет,Томск,,20.0,176198.0,,,0.0,Очная,Русский,государственный,,0.0,12.079369317099212,0,0,0,0
1931,38.03.01 | Экономика,Экономика и организация строительства,"Институт кадастра, экономики и инженерных систем в строительстве ТГАСУ",Бакалавриат,Томский государственный архитектурно-строительный университет,Томск,,20.0,65669.0,,,0.0,Очно-заочная,Русский,государственный,,0.0,11.092397479185019,0,0,2,1
1932,38.03.01 | Экономика,Экономика и организация строительства,Экономический факультет АГАСУ,Бакалавриат,Астраханский государственный архитектурно-строительный университет,Астрахань,10.0,10.0,104500.0,153.0,,0.0,Очная,Русский,государственный,20.0,0.5,11.556951919719207,0,0,0,0
1933,38.03.01 | Экономика,Экономика и организация строительства,Экономический факультет АГАСУ,Бакалавриат,Астраханский государственный архитектурно-строительный университет,Астрахань,,10.0,55000.0,,,0.0,Очно-заочная,Русский,государственный,,0.0,10.915106645867503,0,0,2,1
1934,09.03.02 | Информационные системы и технологии,Перспективные информационные технологии,Институт компьютерных технологий и информационной безопасности ЮФУ,Бакалавриат,Южный федеральный университет,Ростов-на-..,45.0,5.0,200000.0,177.0,150.0,0.0,Очная,Русский,государственный,50.0,0.9,12.206077645517674,0,0,0,0
1935,27.03.03 | Системный анализ и управление,Системная инженерия интеллектуальных информационных и управляющих систем,Институт компьютерных технологий и информационной безопасности ЮФУ,Бакалавриат,Южный федеральный университет,Ростов-на-..,25.0,5.0,200000.0,158.0,119.0,0.0,Очная,Русский,государственный,30.0,0.8333333333333334,12.206077645517674,0,0,0,0
1936,38.03.01 | Экономика,Мировая экономика и инновации,Факультет Банковского дела,Бакалавриат,"Московский Университет ""Синергия""",Москва,,60.0,540000.0,,85.0,0.0,Очная,Русский,негосударственный,,0.0,13.199326270390594,0,0,0,0
1937,38.03.01 | Экономика,Мировая экономика и инновации,Международный институт энергетической политики и управления инновациями МГИМО-Одинцово,Бакалавриат,Одинцовский филиал Московского государственного института международных отношений,Одинцово,,50.0,600000.0,,,0.0,Очная,Русский,государственный,,0.0,13.304686600863562,0,0,1,2
1938,26.03.01 | Управление водным транспортом и гидрографическое обеспечение судоходства,Цифровое картографическое моделирование,Гидротехнический факультет СГУВТ,Бакалавриат,Сибирский государственный университет водного транспорта,Новосибирс..,25.0,,,124.0,,0.0,Очная,Русский,государственный,,0.0,,0,0,0,0
1939,09.03.02 | Информационные системы и технологии,Компьютерные науки и анализ данных,Институт экономики и управления АПК РГАУ-МСХА,Бакалавриат,Российский государственный аграрный университет - МСХА имени К.А. Тимирязева,Москва,25.0,10.0,347000.0,237.0,99.0,0.0,Очная,Русский,государственный,35.0,0.7142857142857143,12.757082940769225,0,0,0,0
1940,02.03.03 | Математическое обеспечение и администрирование информационных систем,Большие данные и машинное обучение,Факультет «Авиастроение» ДГТУ,Бакалавриат,Донской государственный технический университет,Ростов-на-..,63.0,20.0,135000.0,193.0,,0.0,Очная,Русский,государственный,83.0,0.7590361445783133,11.813037464800539,0,0,0,0
1941,02.03.03 | Математическое обеспечение и администрирование информационных систем,Большие данные и машинное обучение,Факультет компьютерных наук и информационных технологий СГУ им. Чернышевского,Бакалавриат,Саратовский национальный исследовательский государственный университет имени Н.Г. Чернышевского,Саратов,30.0,15.0,119052.0,242.0,,0.0,Очная,Русский,государственный,45.0,0.6666666666666666,11.687324051093517,0,0,0,0
1942,09.03.02 | Информационные системы и технологии,Веб-разработка,Факультет Информационных технологий,Бакалавриат,"Московский Университет ""Синергия""",Москва,,150.0,240000.0,,85.0,0.0,Дистанционная,Русский,негосударственный,,0.0,12.388398368982115,0,0,2,1
1943,09.03.02 | Информационные системы и технологии,Веб-разработка,Факультет Информационных технологий,Бакалавриат,"Московский Университет ""Синергия""",Москва,,150.0,240000.0,,85.0,0.0,Дистанционная,Русский,негосударственный,,0.0,12.388398368982115,0,0,2,1
1944,09.03.02 | Информационные системы и технологии,Веб-разработка,Факультет коммерции и маркетинга,Бакалавриат,Московская академия предпринимательства при Правительстве Москвы,Москва,,120.0,70000.0,,85.0,0.0,Дистанционная,Русский,негосударственный,,0.0,11.156264806643742,0,0,2,1
1945,09.03.01 | Информатика и вычислительная техника,Управление цифровыми продуктами,Институт компьютерных наук НИТУ МИСИС,Бакалавриат,Университет науки и технологий МИСИС,Москва,9.0,6.0,379000.0,284.0,,0.0,Очная,Русский,государственный,15.0,0.6,12.84529412258351,0,0,0,0
1946,01.03.02 | Прикладная математика и информатика,Интеллектуальный анализ данных,"Факультет информатики, математики и экономики КГПИ КемГУ",Бакалавриат,Кузбасский гуманитарно-педагогический институт (филиал) Кемеровского государственного университета,Новокузнец..,20.0,4.0,161000.0,163.0,119.0,0.0,Очная,Русский,государственный,24.0,0.8333333333333334,11.989165855127435,0,0,0,0
1947,38.05.01 | Экономическая безопасность,Учет и контроль в системе экономической безопасности,Институт финансовых технологий и экономической безопасности НИЯУ МИФИ,Специалитет,Национальный исследовательский ядерный университет «МИФИ»,Москва,9.0,7.0,360000.0,264.0,,0.0,Очная,Русский,государственный,16.0,0.5625,12.793862088206213,0,0,0,0
1948,38.05.01 | Экономическая безопасность,Учет и контроль в системе экономической безопасности,Экономический факультет КубГУ,Специалитет,Кубанский государственный университет,Краснодар,,55.0,175000.0,,,0.0,Очная,Русский,государственный,,0.0,12.07254696717504,0,0,2,1
1949,38.05.01 | Экономическая безопасность,Учет и контроль в системе экономической безопасности,Экономический факультет КубГУ,Специалитет,Кубанский государственный университет,Краснодар,,33.0,72000.0,,,0.0,Заочная,Русский,государственный,,0.0,11.184435286790631,0,0,2,1
1950,02.03.03 | Математическое обеспечение и администрирование информационных систем,Инженерия искусственного интеллекта,Факультет информационных технологий и программирования Университета ИТМО,Бакалавриат,Национальный исследовательский университет ИТМО,Санкт-Пете..,30.0,60.0,459000.0,,180.0,0.0,Очная,Русский,государственный,90.0,0.3333333333333333,13.036807667689546,0,0,1,2
1951,27.03.05 | Инноватика,Цифровая урбанистика,Факультет технологического менеджмента и инноваций Университета ИТМО,Бакалавриат,Национальный исследовательский университет ИТМО,Санкт-Пете..,32.0,47.0,399000.0,271.0,,0.0,Очная,Русский,государственный,79.0,0.4050632911392405,12.896719202134523,0,0,1,2
1952,02.03.03 | Математическое обеспечение и администрирование информационных систем,Интеллектуальные информационные системы и анализ данных,Институт цифры КемГУ,Бакалавриат,Кемеровский государственный университет,Кемерово,20.0,2.0,161000.0,155.0,119.0,0.0,Очная,Русский,государственный,22.0,0.9090909090909091,11.989165855127435,0,0,0,0
1953,02.03.03 | Математическое обеспечение и администрирование информационных систем,Интеллектуальные информационные системы и анализ данных,Факультет фундаментальной и прикладной информатики ЮЗГУ,Бакалавриат,Юго-Западный государственный университет,Курск,24.0,50.0,150000.0,169.0,,0.0,Очная,Русский,государственный,74.0,0.32432432432432434,11.918397239722838,0,0,0,0
1954,38.03.01 | Экономика,Аналитика больших данных в экономике (Data Science),Факультет прикладной экономики и финансовых технологий КИУ им. В.Г. Тимирясова (ИЭУП),Бакалавриат,Казанский инновационный университет имени В.Г. Тимирясова (ИЭУП),Казань,,25.0,232000.0,,105.0,0.0,Очная,Русский,негосударственный,,0.0,12.354496960983985,0,0,0,0
1955,38.03.01 | Экономика,Аналитика больших данных в экономике (Data Science),Факультет прикладной экономики и финансовых технологий КИУ им. В.Г. Тимирясова (ИЭУП),Бакалавриат,Казанский инновационный университет имени В.Г. Тимирясова (ИЭУП),Казань,,15.0,232000.0,,105.0,0.0,Очная,Русский,негосударственный,,0.0,12.354496960983985,0,0,0,0
1956,38.03.01 | Экономика,Аналитика больших данных в экономике (Data Science),Факультет прикладной экономики и финансовых технологий КИУ им. В.Г. Тимирясова (ИЭУП),Бакалавриат,Казанский инновационный университет имени В.Г. Тимирясова (ИЭУП),Казань,,5.0,232000.0,,105.0,0.0,Очная,Русский,негосударственный,,0.0,12.354496960983985,0,0,0,0
1957,38.03.05 | Бизнес-информатика,Цифровые инновации в бизнесе,Институт цифрового образования МГПУ,Бакалавриат,Московский городской педагогический университет,Москва,20.0,70.0,310400.0,248.0,,0.0,Очная,Русский,государственный,90.0,0.2222222222222222,12.645620288935495,0,0,1,2
1958,09.03.02 | Информационные системы и технологии,Информационные технологии и искусственный интеллект в бизнесе,Институт информационных технологий и цифровой трансформации РГУ им. А.Н. Косыгина,Бакалавриат,Российский государственный университет им. А.Н. Косыгина (Технологии. Дизайн. Искусство),Москва,12.0,38.0,348000.0,238.0,,0.0,Очная,Русский,государственный,50.0,0.24,12.759960632315702,0,0,0,0
1959,09.03.02 | Информационные системы и технологии,Информационные технологии и искусственный интеллект в бизнесе,Факультет филиала РГУ им. А.Н. Косыгина в Твери,Бакалавриат,Филиал Российского государственного университета им. А.Н. Косыгина (Технологии. Дизайн. Искусство) в г. Твери,Тверь,,25.0,76000.0,,119.0,0.0,Заочная,Русский,государственный,,0.0,11.23850177707664,0,0,2,1
1960,01.03.01 | Математика,Современная математика и математическое моделирование,Механико-математический факультет ТГУ,Бакалавриат,Национальный исследовательский Томский государственный университет,Томск,21.0,5.0,177000.0,188.0,119.0,0.0,Очная,Русский,государственный,26.0,0.8076923076923077,12.083910661257521,0,0,0,0
1961,02.03.01 | Математика и компьютерные науки,Вычислительная математика и компьютерное моделирование,Механико-математический факультет ТГУ,Бакалавриат,Национальный исследовательский Томский государственный университет,Томск,48.0,10.0,177000.0,172.0,119.0,0.0,Очная,Русский,государственный,58.0,0.8275862068965517,12.083910661257521,0,0,0,0
1962,01.03.04 | Прикладная математика,Современные информационные технологии в прикладных задачах,Факультет информатики и робототехники УУНиТ,Бакалавриат,Уфимский университет науки и технологий,Уфа,20.0,5.0,148300.0,192.0,,0.0,Очная,Русский,государственный,25.0,0.8,11.906999271191623,0,0,0,0
1963,01.03.02 | Прикладная математика и информатика,Анализ данных и искусственный интеллект в цифровой экономике,Экономический факультет ПГНИУ,Бакалавриат,Пермский государственный национальный исследовательский университет,Пермь,30.0,2.0,153000.0,177.0,119.0,0.0,Очная,Русский,государственный,32.0,0.9375,11.938199736300925,0,0,0,0
1964,09.03.04 | Программная инженерия,Программная инженерия и искусственный интеллект,Электротехнический факультет ПНИПУ,Бакалавриат,Пермский национальный исследовательский политехнический университет,Пермь,35.0,20.0,183000.0,231.0,,0.0,Очная,Русский,государственный,55.0,0.6363636363636364,12.117246896289503,0,0,0,0
1965,09.03.04 | Программная инженерия,Программная инженерия и искусственный интеллект,Электротехнический факультет ПНИПУ,Бакалавриат,Пермский национальный исследовательский политехнический университет,Пермь,,50.0,75000.0,,,0.0,Заочная,Русский,государственный,,0.0,11.225256725762893,0,0,2,1
1966,01.03.02 | Прикладная математика и информатика,Интеллектуальный анализ данных и поддержка принятия решений,Специальный факультет талантливой молодежи «Высшая школа «Форсайт»» РЭУ им. Г. В. Плеханова,Бакалавриат,Российский экономический университет имени Г.В. Плеханова,Москва,5.0,12.0,360000.0,282.0,,0.0,Очная,Русский,государственный,17.0,0.29411764705882354,12.793862088206213,0,0,0,0
1967,02.03.03 | Математическое обеспечение и администрирование информационных систем,Технологии машинного обучения и инженерия данных,"Высшая школа кибертехнологий, математики и статистики РЭУ им. Г. В. Плеханова",Бакалавриат,Российский экономический университет имени Г.В. Плеханова,Москва,29.0,9.0,390000.0,260.0,,0.0,Очная,Русский,государственный,38.0,0.7631578947368421,12.873904582205107,0,0,1,2
1968,01.03.04 | Прикладная математика,"Методы математического моделирования, квантовые технологии и анализ данных","Институт информационных технологий МГТУ ""Станкин""",Бакалавриат,Московский государственный технологический университет «СТАНКИН»,Москва,,20.0,328000.0,,,0.0,Очная,Русский,государственный,,0.0,12.700771936142122,0,0,0,0
1969,01.03.04 | Прикладная математика,Интеллектуальный анализ данных,Физико-математический институт ПГНИУ,Бакалавриат,Пермский государственный национальный исследовательский университет,Пермь,15.0,5.0,153000.0,207.0,119.0,0.0,Очная,Русский,государственный,20.0,0.75,11.938199736300925,0,0,0,0
1970,01.03.04 | Прикладная математика,Интеллектуальный анализ данных,Институт информационных технологий и анализа данных ВВГУ,Бакалавриат,Владивостокский государственный университет,Владивосто..,10.0,15.0,220000.0,185.0,,0.0,Очная,Русский,государственный,25.0,0.4,12.301387370778713,0,0,0,0
1971,01.03.04 | Прикладная математика,Технологии разработки цифровых систем и моделей,Институт цифровых технологий и экономики КГЭУ,Бакалавриат,Казанский государственный энергетический университет,Казань,75.0,15.0,153760.0,222.0,,0.0,Очная,Русский,государственный,90.0,0.8333333333333334,11.94315472782501,0,0,1,2
1972,13.03.02 | Электроэнергетика и электротехника,Электромобильный и беспилотный транспорт,Институт электроэнергетики и электроники КГЭУ,Бакалавриат,Казанский государственный энергетический университет,Казань,53.0,3.0,173740.0,191.0,,0.0,Очная,Русский,государственный,56.0,0.9464285714285714,12.065320963524295,0,0,0,0
1973,27.03.03 | Системный анализ и управление,Бизнес-аналитика и управление данными,Институт информатики и телекоммуникаций СибГУ им. М.Ф. Решетнева,Бакалавриат,Сибирский государственный университет науки и технологий имени академика М.Ф. Решетнева,Красноярск,25.0,1.0,246000.0,172.0,119.0,0.0,Очная,Русский,государственный,26.0,0.9615384615384616,12.413090879946887,0,0,0,0
1974,01.03.02 | Прикладная математика и информатика,Программирование и анализ данных,Факультет автоматики и информационных технологий в управлении РГРТУ,Бакалавриат,Рязанский государственный радиотехнический университет,Рязань,38.0,25.0,169000.0,194.0,,0.0,Очная,Русский,государственный,63.0,0.6031746031746031,12.037659911047468,0,0,0,0
1975,01.03.02 | Прикладная математика и информатика,Программирование и анализ данных,Институт физико-математических и естественных наук КГУ,Бакалавриат,Костромской государственный университет,Кострома,17.0,10.0,131440.0,181.0,,0.0,Очная,Русский,государственный,27.0,0.6296296296296297,11.786313360716292,0,0,0,0
1976,09.03.02 | Информационные системы и технологии,Системы искусственного интеллекта и обработки больших данных,Инженерно-технологический факультет ВолГАУ,Бакалавриат,Волгоградский государственный аграрный университет,Волгоград,,10.0,150531.0,,,0.0,Очная,Русский,государственный,,0.0,11.921930965154381,0,0,2,1
1977,09.03.02 | Информационные системы и технологии,Системы искусственного интеллекта и обработки больших данных,Факультет информационных технологий БГТУ,Бакалавриат,Брянский государственный технический университет,Брянск,24.0,5.0,139850.0,200.0,,0.0,Очная,Русский,государственный,29.0,0.8275862068965517,11.848332849122954,0,0,0,0
1978,09.03.04 | Программная инженерия,Экстремальное программирование,Институт интеллектуальных кибернетических систем НИЯУ МИФИ,Бакалавриат,Национальный исследовательский ядерный университет «МИФИ»,Москва,18.0,16.0,440000.0,,,0.0,Очная,Русский,государственный,34.0,0.5294117647058824,12.994532278619134,0,0,0,0
1979,38.03.05 | Бизнес-информатика,Цифровая аналитика,"Высшая школа кибертехнологий, математики и статистики РЭУ им. Г. В. Плеханова",Бакалавриат,Российский экономический университет имени Г.В. Плеханова,Москва,12.0,10.0,450000.0,284.0,,0.0,Очная,Русский,государственный,22.0,0.5454545454545454,13.017005083966255,0,0,1,2
1980,38.03.05 | Бизнес-информатика,Цифровая аналитика,Институт финансовых технологий и экономической безопасности НИЯУ МИФИ,Бакалавриат,Национальный исследовательский ядерный университет «МИФИ»,Москва,6.0,5.0,380000.0,273.0,,0.0,Очная,Русский,государственный,11.0,0.5454545454545454,12.847929163278053,0,0,0,0
1981,09.03.02 | Информационные системы и технологии,Проектирование корпоративных информационных систем,Институт цифровых технологий КГТУ,Бакалавриат,Калининградский государственный технический университет,Калинингра..,25.0,15.0,165500.0,199.0,,0.0,Очная,Русский,государственный,40.0,0.625,12.016732516077072,0,0,0,0
1982,09.03.02 | Информационные системы и технологии,Проектирование корпоративных информационных систем,Институт цифровых технологий КГТУ,Бакалавриат,Калининградский государственный технический университет,Калинингра..,,30.0,60000.0,,,0.0,Заочная,Русский,государственный,,0.0,11.002116507732017,0,0,2,1
1983,38.03.02 | Менеджмент,Маркетинговая аналитика,Институт отраслевой экономики и управления КГТУ,Бакалавриат,Калининградский государственный технический университет,Калинингра..,,15.0,146100.0,,,0.0,Очная,Русский,государственный,,0.0,11.892053442342334,0,0,2,1
1984,38.03.02 | Менеджмент,Маркетинговая аналитика,Институт отраслевой экономики и управления КГТУ,Бакалавриат,Калининградский государственный технический университет,Калинингра..,,15.0,72800.0,,,0.0,Очно-заочная,Русский,государственный,,0.0,11.195484970354173,0,0,2,1
1985,02.03.01 | Математика и компьютерные науки,Компьютерная математика и анализ данных,Кафедра Высшей Математики № 1 МИЭТ,Бакалавриат,Национальный исследовательский университет «МИЭТ»,Москва,,25.0,314000.0,,130.0,0.0,Очная,Русский,государственный,,0.0,12.657151449598695,0,0,0,0
1986,22.03.01 | Материаловедение и технологии материалов,Прикладная аналитика в металловедении,Институт новых материалов НИТУ МИСИС,Бакалавриат,Университет науки и технологий МИСИС,Москва,6.0,,,250.0,,0.0,Очная,Русский,государственный,,0.0,,0,0,2,1
1987,38.03.05 | Бизнес-информатика,Информационные системы в бизнесе,Факультет экономики и управления МГЭИ,Бакалавриат,Московский гуманитарно-экономический университет,Москва,,15.0,174000.0,,,0.0,Очная,Русский,негосударственный,,0.0,12.066816325306588,0,0,0,0
1988,38.03.05 | Бизнес-информатика,Информационные системы в бизнесе,Факультет экономики и управления МГЭИ,Бакалавриат,Московский гуманитарно-экономический университет,Москва,,15.0,100000.0,,95.0,0.0,Очно-заочная,Русский,негосударственный,,0.0,11.51293546492023,0,0,2,1
1989,38.03.05 | Бизнес-информатика,Информационные системы в бизнесе,Факультет экономики и управления МГЭИ,Бакалавриат,Московский гуманитарно-экономический университет,Москва,,10.0,92000.0,,95.0,0.0,Заочная,Русский,негосударственный,,0.0,11.429554725537322,0,0,2,1
1990,38.03.05 | Бизнес-информатика,Информационные системы в бизнесе,Факультет филиала ИЭУП в Набережных Челнах,Бакалавриат,Набережночелнинский филиал Казанского инновационного университета имени В.Г. Тимирясова (ИЭУП),Набережные..,,25.0,120000.0,,95.0,0.0,Очная,Русский,негосударственный,,0.0,11.695255355062795,0,0,2,1
1991,38.03.05 | Бизнес-информатика,Информационные системы в бизнесе,Факультет филиала ИЭУП в Набережных Челнах,Бакалавриат,Набережночелнинский филиал Казанского инновационного университета имени В.Г. Тимирясова (ИЭУП),Набережные..,,25.0,77000.0,,95.0,0.0,Очно-заочная,Русский,негосударственный,,0.0,11.251573687764477,0,0,2,1
1992,38.03.05 | Бизнес-информатика,Информационные системы в бизнесе,Факультет филиала ИЭУП в Набережных Челнах,Бакалавриат,Набережночелнинский филиал Казанского инновационного университета имени В.Г. Тимирясова (ИЭУП),Набережные..,,15.0,120000.0,,95.0,0.0,Очная,Русский,негосударственный,,0.0,11.695255355062795,0,0,2,1
1993,38.03.05 | Бизнес-информатика,Информационные системы в бизнесе,Факультет филиала ИЭУП в Набережных Челнах,Бакалавриат,Набережночелнинский филиал Казанского инновационного университета имени В.Г. Тимирясова (ИЭУП),Набережные..,,25.0,77000.0,,95.0,0.0,Очно-заочная,Русский,негосударственный,,0.0,11.251573687764477,0,0,2,1
1994,38.03.05 | Бизнес-информатика,Информационные системы в бизнесе,Факультет филиала ИЭУП в Набережных Челнах,Бакалавриат,Набережночелнинский филиал Казанского инновационного университета имени В.Г. Тимирясова (ИЭУП),Набережные..,,5.0,120000.0,,95.0,0.0,Очная,Русский,негосударственный,,0.0,11.695255355062795,0,0,2,1
1995,38.03.05 | Бизнес-информатика,Информационные системы в бизнесе,Факультет филиала ИЭУП в Набережных Челнах,Бакалавриат,Набережночелнинский филиал Казанского инновационного университета имени В.Г. Тимирясова (ИЭУП),Набережные..,,5.0,77000.0,,95.0,0.0,Очно-заочная,Русский,негосударственный,,0.0,11.251573687764477,0,0,2,1
1996,38.03.05 | Бизнес-информатика,Информационные системы в бизнесе,Факультет филиала ИЭУП в Набережных Челнах,Бакалавриат,Набережночелнинский филиал Казанского инновационного университета имени В.Г. Тимирясова (ИЭУП),Набережные..,,5.0,77000.0,,95.0,0.0,Очно-заочная,Русский,негосударственный,,0.0,11.251573687764477,0,0,2,1
1997,38.03.05 | Бизнес-информатика,Информационные системы в бизнесе,Факультет высшего образования ЧФ КНИТУ-КАИ,Бакалавриат,Чистопольский филиал «Восток» Казанского национального исследовательского технического университета им. А.Н. Туполева-КАИ,Чистополь,,25.0,153755.0,,110.0,0.0,Очная,Русский,государственный,,0.0,11.943122209297577,0,0,2,1
1998,38.03.05 | Бизнес-информатика,Информационные системы в бизнесе,Факультет высшего образования ЧФ КНИТУ-КАИ,Бакалавриат,Чистопольский филиал «Восток» Казанского национального исследовательского технического университета им. А.Н. Туполева-КАИ,Чистополь,,30.0,64614.0,,110.0,0.0,Очно-заочная,Русский,государственный,,0.0,11.076201860959292,0,0,2,1
1999,38.03.05 | Бизнес-информатика,Информационные системы в бизнесе,Факультет МИЮ,Бакалавриат,Высшая школа управления,Москва,,100.0,93000.0,,,0.0,Очная,Русский,негосударственный,,0.0,11.440365524765756,0,0,2,1
2000,38.03.05 | Бизнес-информатика,Информационные системы в бизнесе,Факультет МИЮ,Бакалавриат,Высшая школа управления,Москва,,450.0,48000.0,,,0.0,Очно-заочная,Русский,негосударственный,,0.0,10.778977123006351,0,0,2,1
2001,38.03.05 | Бизнес-информатика,Информационные системы в бизнесе,Факультет МИЮ,Бакалавриат,Высшая школа управления,Москва,,50.0,53000.0,,95.0,0.0,Заочная,Русский,негосударственный,,0.0,10.87806606028079,0,0,2,1
2002,45.03.04 | Интеллектуальные системы в гуманитарной сфере,Интеллектуальные системы и анализ больших данных,Институт информационных технологий и инноваций ИМСИТ,Бакалавриат,Академия маркетинга и социально-информационных технологий,Краснодар,,15.0,105614.0,,,0.0,Очная,Русский,негосударственный,,0.0,11.567555685621343,0,0,2,1
2003,45.03.04 | Интеллектуальные системы в гуманитарной сфере,Интеллектуальные системы и анализ больших данных,Институт информационных технологий и инноваций ИМСИТ,Бакалавриат,Академия маркетинга и социально-информационных технологий,Краснодар,,15.0,63222.0,,85.0,0.0,Заочная,Русский,негосударственный,,0.0,11.054423437981287,0,0,2,1
2004,09.03.03 | Прикладная информатика,Анализ данных,"Институт международной экономики, лидерства и менеджмента ИМПЭ им. А.С. Грибоедова",Бакалавриат,Московский университет им. А.С. Грибоедова,Москва,,30.0,202000.0,,99.0,0.0,Очная,Русский,негосударственный,,0.0,12.216027926866138,0,0,2,1
2005,09.03.03 | Прикладная информатика,Анализ данных,"Институт международной экономики, лидерства и менеджмента ИМПЭ им. А.С. Грибоедова",Бакалавриат,Московский университет им. А.С. Грибоедова,Москва,,30.0,88000.0,,,0.0,Заочная,Русский,негосударственный,,0.0,11.385103457032141,0,0,2,1
2006,09.03.03 | Прикладная информатика,Анализ данных,Институт языка и коммуникативных стратегий предпринимательства АГУ,Бакалавриат,Астраханский государственный университет им. В. Н. Татищева,Астрахань,20.0,5.0,156000.0,176.0,,0.0,Очная,Русский,государственный,25.0,0.8,11.957617696467539,0,0,0,0
2007,09.03.02 | Информационные системы и технологии,Технологии искусственного интеллекта и анализа данных,Физико-математический факультет ИнГУ,Бакалавриат,Ингушский государственный университет,Магас,21.0,5.0,122900.0,156.0,118.0,0.0,Очная,Русский,государственный,26.0,0.8076923076923077,11.719134432217524,0,0,0,0
2008,01.03.02 | Прикладная математика и информатика,Математические и информационные технологии в цифровой экономике,Факультет филиала КубГУ в г. Новороссийске,Бакалавриат,Кубанский государственный университет Филиал в г. Новороссийске,Новороссийск,5.0,10.0,148500.0,193.0,,0.0,Очная,Русский,государственный,15.0,0.3333333333333333,11.908346971208951,0,0,0,0
2009,09.03.04 | Программная инженерия,Цифровая аналитика и инженерия данных,Институт информационных технологий и интеллектуальных систем КФУ,Бакалавриат,Казанский (Приволжский) федеральный университет,Казань,25.0,50.0,318816.0,269.0,,0.0,Очная,Русский,государственный,75.0,0.3333333333333333,12.672372549445104,0,0,1,2
2010,09.03.04 | Программная инженерия,Разработка и внедрение информационно-аналитических систем,Факультет информационных технологий и анализа больших данных Финансовый университет,Бакалавриат,Финансовый университет при Правительстве Российской Федерации,Москва,25.0,73.0,380000.0,250.0,,0.0,Очная,Русский,государственный,98.0,0.25510204081632654,12.847929163278053,0,0,1,2
2011,02.03.01 | Математика и компьютерные науки,Математика машинного обучения,Математико-механический факультет СПбГУ,Бакалавриат,Санкт-Петербургский государственный университет,Санкт-Пете..,30.0,1.0,600000.0,,230.0,0.0,Очная,Русский,государственный,31.0,0.967741935483871,13.304686600863562,0,0,1,2
2012,39.03.01 | Социология,Прикладная социология,Факультет социологии СПбГУ,Бакалавриат,Санкт-Петербургский государственный университет,Санкт-Пете..,10.0,15.0,276500.0,,105.0,0.0,Очная,Русский,государственный,25.0,0.4,12.529969716574515,0,0,0,0
2013,39.03.01 | Социология,Прикладная социология,Факультет ИСиР ЮФУ,Бакалавриат,Институт социологии и регионоведения Южного федерального университета,Ростов-на-..,30.0,15.0,150000.0,204.0,,0.0,Очная,Русский,государственный,45.0,0.6666666666666666,11.918397239722838,0,0,0,0
2014,02.03.01 | Математика и компьютерные науки,Инженерия данных,Факультет Информационных технологий МТУСИ,Бакалавриат,Московский технический университет связи и информатики,Москва,,25.0,330000.0,,,0.0,Очная,Русский,государственный,,0.0,12.706850963741102,0,0,0,0
2015,38.03.05 | Бизнес-информатика,Дата-аналитика и системы больших данных,Факультет Цифровой Экономики и Массовых Коммуникаций МТУСИ,Бакалавриат,Московский технический университет связи и информатики,Москва,,245.0,280500.0,,,0.0,Очная,Русский,государственный,,0.0,12.544332569000922,0,0,2,1
2016,38.03.05 | Бизнес-информатика,Дата-аналитика и системы больших данных,Экономический факультет,Бакалавриат,Московский психолого-социальный университет,Москва,,100.0,172000.0,,103.0,0.0,Очная,Русский,негосударственный,,0.0,12.055255569732177,0,0,2,1
2017,38.03.05 | Бизнес-информатика,Дата-аналитика и системы больших данных,Экономический факультет,Бакалавриат,Московский психолого-социальный университет,Москва,,150.0,110000.0,,103.0,0.0,Очно-заочная,Русский,негосударственный,,0.0,11.608244735642321,0,0,2,1
2018,01.03.04 | Прикладная математика,Математика эффективных ИТ-решений,Институт информационных наук и технологий безопасности РГГУ,Бакалавриат,Российский государственный гуманитарный университет,Москва,10.0,10.0,373000.0,156.0,120.0,0.0,Очная,Русский,государственный,20.0,0.5,12.829336379587506,0,0,0,0
2019,39.03.01 | Социология,Цифровая социология и социальная диагностика,Социологический факультет РГГУ,Бакалавриат,Российский государственный гуманитарный университет,Москва,20.0,15.0,360000.0,249.0,,0.0,Очная,Русский,государственный,35.0,0.5714285714285714,12.793862088206213,0,0,0,0
2020,39.03.01 | Социология,Цифровая социология и социальная диагностика,Факультет государственного сектора НГУЭУ,Бакалавриат,Новосибирский государственный университет экономики и управления - НИНХ,Новосибирс..,28.0,4.0,189000.0,220.0,,0.0,Очная,Русский,государственный,32.0,0.875,12.149507585033072,0,0,0,0
2021,39.03.01 | Социология,Цифровая социология и социальная диагностика,"Факультет истории, мировой политики и социологии ТГУ им. Г.Р. Державина",Бакалавриат,Тамбовский государственный университет имени Г.Р. Державина,Тамбов,10.0,,,187.0,,0.0,Очная,Русский,государственный,,0.0,,0,0,2,1
2022,01.03.05 | Статистика,Анализ данных в экономике,"Институт промышленного менеджмента, экономики и торговли СПбПУ",Бакалавриат,Санкт-Петербургский политехнический университет Петра Великого,Санкт-Пете..,12.0,5.0,270000.0,243.0,,0.0,Очная,Русский,государственный,17.0,0.7058823529411765,12.506180941677357,0,0,0,0
2023,01.03.05 | Статистика,Анализ данных в экономике,"Институт промышленного менеджмента, экономики и торговли СПбПУ",Бакалавриат,Санкт-Петербургский политехнический университет Петра Великого,Санкт-Пете..,,12.0,138000.0,,,0.0,Очно-заочная,Русский,государственный,,0.0,11.835016210489899,0,0,2,1
2024,01.03.05 | Статистика,Статистический инжиниринг,"Институт промышленного менеджмента, экономики и торговли СПбПУ",Бакалавриат,Санкт-Петербургский политехнический университет Петра Великого,Санкт-Пете..,13.0,5.0,270000.0,243.0,,0.0,Очная,Русский,государственный,18.0,0.7222222222222222,12.506180941677357,0,0,0,0
2025,01.03.05 | Статистика,Статистический инжиниринг,"Институт промышленного менеджмента, экономики и торговли СПбПУ",Бакалавриат,Санкт-Петербургский политехнический университет Петра Великого,Санкт-Пете..,,13.0,138000.0,,,0.0,Очно-заочная,Русский,государственный,,0.0,11.835016210489899,0,0,2,1
2026,38.03.05 | Бизнес-информатика,Технологии анализа данных в бизнесе,Высшая школа бизнеса НИУ ВШЭ,Бакалавриат,Национальный исследовательский университет «Высшая школа экономики»,Москва,30.0,35.0,850000.0,286.0,,0.0,Очная,Русский,государственный,65.0,0.46153846153846156,13.652992804936396,0,0,1,2
2027,09.03.02 | Информационные системы и технологии,Цифровые системы и технологии обмена данными,Институт информационных систем и инженерно-компьютерных технологий,Бакалавриат,Российский новый университет,Москва,,30.0,260000.0,,,0.0,Очная,Русский,негосударственный,,0.0,12.468440756144114,0,0,0,0
2028,09.03.02 | Информационные системы и технологии,Цифровые системы и технологии обмена данными,Институт информационных систем и инженерно-компьютерных технологий,Бакалавриат,Российский новый университет,Москва,,40.0,78000.0,,,0.0,Заочная,Русский,негосударственный,,0.0,11.264476926102367,0,0,2,1
2029,09.03.02 | Информационные системы и технологии,Системы и технологии обработки больших данных (Data Engineering),"Институт управления, автоматизации и телекоммуникаций ДВГУПС",Бакалавриат,Дальневосточный государственный университет путей сообщения,Хабаровск,10.0,10.0,229000.0,196.0,,0.0,Очная,Русский,государственный,20.0,0.5,12.34148164933907,0,0,0,0
2030,09.03.03 | Прикладная информатика,Бизнес-аналитика,Факультет РГАТУ им. Соловьева,Бакалавриат,Рыбинский государственный авиационный технический университет имени П. А. Соловьёва,Ярославль,25.0,15.0,172650.0,163.0,119.0,0.0,Очная,Русский,государственный,40.0,0.625,12.059027494866235,0,0,0,0
2031,09.03.03 | Прикладная информатика,Бизнес-аналитика,Факультет РГАТУ им. Соловьева,Бакалавриат,Рыбинский государственный авиационный технический университет имени П. А. Соловьёва,Ярославль,,30.0,68800.0,,,0.0,Заочная,Русский,государственный,,0.0,11.138973558699526,0,0,2,1
2032,09.03.03 | Прикладная информатика,Бизнес-аналитика,Факультет «СПбГУП» ИИиИТ,Бакалавриат,Московский областной филиал «Институт искусств и информационных технологий» Санкт-Петербургского Гуманитарного университета профсоюзов,Москва,,10.0,150000.0,,119.0,0.0,Очная,Русский,негосударственный,,0.0,11.918397239722838,0,0,2,1
2033,09.03.03 | Прикладная информатика,Бизнес-аналитика,Факультет «СПбГУП» ИИиИТ,Бакалавриат,Московский областной филиал «Институт искусств и информационных технологий» Санкт-Петербургского Гуманитарного университета профсоюзов,Москва,,10.0,74000.0,,119.0,0.0,Заочная,Русский,негосударственный,,0.0,11.211833885608513,0,0,2,1
2034,09.03.03 | Прикладная информатика,Цифровой маркетинг и рыночная аналитика,Политехнический институт ПГУ,Бакалавриат,Пензенский государственный университет,Пенза,18.0,13.0,144645.0,199.0,,0.0,Очная,Русский,государственный,31.0,0.5806451612903226,11.88204465706652,0,0,0,0
2035,01.03.04 | Прикладная математика,Цифровая аналитика,Институт естественных и точных наук ЮУрГУ,Бакалавриат,Южно-Уральский государственный университет (национальный исследовательский университет),Челябинск,,10.0,165800.0,,119.0,0.0,Очная,Русский,государственный,,0.0,12.01854355302823,0,0,2,1
2036,09.03.01 | Информатика и вычислительная техника,Компьютерные технологии и искусственный интеллект,"Факультет Волжского филиала НИУ ""МЭИ""",Бакалавриат,Волжский филиал Национального исследовательского университета «МЭИ»,Волгоград,15.0,10.0,149000.0,173.0,124.0,0.0,Очная,Русский,государственный,25.0,0.6,11.91170829631447,0,0,0,0
2037,01.03.02 | Прикладная математика и информатика,Математика и науки о данных,Институт лазерных и плазменных технологий НИЯУ МИФИ,Бакалавриат,Национальный исследовательский ядерный университет «МИФИ»,Москва,28.0,18.0,440000.0,305.0,,0.0,Очная,Русский,государственный,46.0,0.6086956521739131,12.994532278619134,0,0,1,2
2038,09.03.01 | Информатика и вычислительная техника,IT-сервисы и технологии обработки данных на транспорте (российско-китайская программа),Институт управления и цифровых технологий ИУЦТ МИИТ,Бакалавриат,Российский университет транспорта,Москва,,25.0,380000.0,,,0.0,Очная,Русский,государственный,,0.0,12.847929163278053,0,0,0,0
2039,11.03.02 | Инфокоммуникационные технологии и системы связи,Сетевые технологии передачи данных,Институт телекоммуникаций СибГУТИ,Бакалавриат,Сибирский государственный университет телекоммуникаций и информатики,Новосибирс..,28.0,4.0,160000.0,147.0,,0.0,Очная,Русский,государственный,32.0,0.875,11.982935344196433,0,0,0,0
2040,09.03.02 | Информационные системы и технологии,Цифровая физика: анализ данных физики высоких энергий и моделирование сложных систем,Физический факультет ТГУ,Бакалавриат,Национальный исследовательский Томский государственный университет,Томск,10.0,10.0,199000.0,185.0,119.0,0.0,Очная,Русский,государственный,20.0,0.5,12.201065128819632,0,0,0,0
2041,39.03.01 | Социология,Аналитика и консалтинг,Гуманитарный институт СКФУ,Бакалавриат,Северо-Кавказский федеральный университет,Ставрополь,20.0,5.0,167000.0,209.0,,0.0,Очная,Русский,государственный,25.0,0.8,12.025755079404917,0,0,0,0
2042,09.03.01 | Информатика и вычислительная техника,Анализ данных и прикладной искусственный интеллект,Факультет информационных технологий и программной инженерии СПбГУТ,Бакалавриат,Санкт-Петербургский государственный университет телекоммуникаций им. проф. М.А.Бонч-Бруевича,Санкт-Пете..,25.0,25.0,280000.0,255.0,,0.0,Очная,Русский,государственный,50.0,0.5,12.54254845357358,0,0,0,0
2043,09.03.01 | Информатика и вычислительная техника,Вычислительные технологии,Институт информационных и вычислительных технологий НИУ МЭИ,Бакалавриат,Национальный исследовательский университет «МЭИ»,Москва,49.0,21.0,390000.0,248.0,,0.0,Очная,Русский,государственный,70.0,0.7,12.873904582205107,0,0,1,2
2044,27.03.04 | Управление в технических системах,"Системы и средства автоматизации, интеллектуального управления и анализа данных",Институт информационных и вычислительных технологий НИУ МЭИ,Бакалавриат,Национальный исследовательский университет «МЭИ»,Москва,38.0,5.0,390000.0,243.0,,0.0,Очная,Русский,государственный,43.0,0.8837209302325582,12.873904582205107,0,0,1,2
2045,01.03.02 | Прикладная математика и информатика,Прикладные методы и приложения математики и информатики,Факультет естественных и технических наук КамГУ им. Витуса Беринга,Бакалавриат,Камчатский государственный университет имени Витуса Беринга,Петропавло..,12.0,8.0,314567.0,134.0,119.0,0.0,Очная,Русский,государственный,20.0,0.6,12.65895554796749,0,0,0,0
2046,01.03.02 | Прикладная математика и информатика,Прикладные методы и приложения математики и информатики,Факультет естественных и технических наук КамГУ им. Витуса Беринга,Бакалавриат,Камчатский государственный университет имени Витуса Беринга,Петропавло..,,12.0,100000.0,,119.0,0.0,Очно-заочная,Русский,государственный,,0.0,11.51293546492023,0,0,2,1
2047,09.03.03 | Прикладная информатика,Прикладные методы и приложения математики и информатики,Факультет естественных и технических наук КамГУ им. Витуса Беринга,Бакалавриат,Камчатский государственный университет имени Витуса Беринга,Петропавло..,12.0,3.0,347992.0,153.0,119.0,0.0,Очная,Русский,государственный,15.0,0.8,12.759937643611774,0,0,0,0
2048,09.03.03 | Прикладная информатика,Прикладные методы и приложения математики и информатики,Факультет естественных и технических наук КамГУ им. Витуса Беринга,Бакалавриат,Камчатский государственный университет имени Витуса Беринга,Петропавло..,,12.0,110000.0,,119.0,0.0,Очно-заочная,Русский,государственный,,0.0,11.608244735642321,0,0,2,1
2049,03.03.01 | Прикладные математика и физика,Компьютерные технологии,Институт приоритетных технологий ВолГУ,Бакалавриат,Волгоградский государственный университет,Волгоград,19.0,10.0,181000.0,125.0,119.0,0.0,Очная,Русский,государственный,29.0,0.6551724137931034,12.10625783509458,0,0,0,0
2050,38.03.01 | Экономика,Экономика и анализ данных,Институт экономики и социальных технологий СПбГУПТД,Бакалавриат,Санкт-Петербургский государственный университет промышленных технологий и дизайна,Санкт-Пете..,,25.0,210000.0,,,0.0,Очная,Русский,государственный,,0.0,12.25486757159303,0,0,0,0
2051,38.03.01 | Экономика,Экономика и анализ данных,Институт экономики и социальных технологий СПбГУПТД,Бакалавриат,Санкт-Петербургский государственный университет промышленных технологий и дизайна,Санкт-Пете..,,70.0,86000.0,,,0.0,Дистанционная,Русский,государственный,,0.0,11.362114203075018,0,0,2,1
2052,38.03.02 | Менеджмент,Цифровая логистика и управление транспортными системами,Высшая школа технологии и энергетики СПбГУПТД,Бакалавриат,Санкт-Петербургский государственный университет промышленных технологий и дизайна,Санкт-Пете..,1.0,25.0,230000.0,,,0.0,Очная,Русский,государственный,26.0,0.038461538461538464,12.345838935721968,0,0,0,0
2053,09.03.02 | Информационные системы и технологии,Методы сбора и обработки пространственных данных в недропользовании,Факультет экономики и управления имени академика М. И. Агошкова МГРИ-РГГРУ,Бакалавриат,Российский государственный геологоразведочный университет им. С. Орджоникидзе,Москва,,30.0,347000.0,,,0.0,Очная,Русский,государственный,,0.0,12.757082940769225,0,0,0,0
2054,01.03.02 | Прикладная математика и информатика,Математическое моделирование и компьютерный инжиниринг,Институт прикладной математики и компьютерных наук ТулГУ,Бакалавриат,Тульский государственный университет,Тула,20.0,40.0,150000.0,173.0,,0.0,Очная,Русский,государственный,60.0,0.3333333333333333,11.918397239722838,0,0,0,0
2055,23.03.01 | Технология транспортных процессов,Аналитика для цифровой трансформации на транспорте,Учебно-научный институт транспорта БГТУ,Бакалавриат,Брянский государственный технический университет,Брянск,11.0,9.0,139850.0,169.0,,0.0,Очная,Русский,государственный,20.0,0.55,11.848332849122954,0,0,0,0
2056,02.03.02 | Фундаментальная информатика и информационные технологии,Интеллектуальный анализ данных и машинное обучение,Институт информатики и вычислительной техники СибГУТИ,Бакалавриат,Сибирский государственный университет телекоммуникаций и информатики,Новосибирс..,45.0,24.0,160000.0,209.0,,0.0,Очная,Русский,государственный,69.0,0.6521739130434783,11.982935344196433,0,0,0,0
2057,09.03.02 | Информационные системы и технологии,Технологии анализа цифрового следа (Digital Footprint Analytics),Институт математики и компьютерных технологий ДВФУ,Бакалавриат,Дальневосточный федеральный университет,Владивосто..,25.0,2.0,292000.0,185.0,,0.0,Очная,Русский,государственный,27.0,0.9259259259259259,12.584512505902088,0,0,0,0
2058,09.03.03 | Прикладная информатика,Искусственный интеллект и аналитика бизнес-процессов,Институт инженерных и цифровых технологий,Бакалавриат,Белгородский государственный национальный исследовательский университет,Белгород,31.0,5.0,158720.0,150.0,,0.0,Очная,Русский,государственный,36.0,0.8611111111111112,11.974903222902078,0,0,0,0
2059,09.03.03 | Прикладная информатика,Искусственный интеллект и аналитика бизнес-процессов,Экономический факультет ПГТУ,Бакалавриат,Поволжский государственный технологический университет,Йошкар-Ола,38.0,3.0,140940.0,127.0,119.0,0.0,Очная,Русский,государственный,41.0,0.926829268292683,11.856096642073666,0,0,0,0
2060,09.03.03 | Прикладная информатика,Искусственный интеллект и аналитика бизнес-процессов,Факультет информационных систем и технологий УлГТУ,Бакалавриат,Ульяновский государственный технический университет,Ульяновск,46.0,100.0,141430.0,134.0,119.0,0.0,Очная,Русский,государственный,146.0,0.3150684931506849,11.859567244625199,0,0,0,0
2061,09.03.03 | Прикладная информатика,Искусственный интеллект и аналитика бизнес-процессов,Факультет информационных систем и технологий УлГТУ,Бакалавриат,Ульяновский государственный технический университет,Ульяновск,6.0,40.0,38000.0,142.0,119.0,0.0,Очно-заочная,Русский,государственный,46.0,0.13043478260869565,10.545367754151743,0,0,2,1
2062,09.03.02 | Информационные системы и технологии,Экономика и аналитика интеллектуального бизнеса,Институт информационных технологий и автоматизированных систем СибГИУ,Бакалавриат,Сибирский государственный индустриальный университет,Новокузнец..,25.0,1.0,181500.0,237.0,,0.0,Очная,Русский,государственный,26.0,0.9615384615384616,12.109016442313738,0,0,0,0
2063,09.03.02 | Информационные системы и технологии,Информационные биотехнические системы и технологии,Институт информационных технологий и управляющих систем БГТУ им. В.Г. Шухова,Бакалавриат,Белгородский государственный технологический университет им. В.Г. Шухова,Белгород,20.0,,,163.0,,0.0,Очная,Русский,государственный,,0.0,,0,0,2,1
2064,01.03.05 | Статистика,Статистика и управление данными,Институт информационных систем управления,Бакалавриат,Государственный университет управления,Москва,,17.0,315000.0,,124.0,0.0,Очная,Русский,государственный,,0.0,12.660331092405906,0,0,0,0
2065,02.03.01 | Математика и компьютерные науки,Математическое и компьютерное моделирование в механике,Отраслевой факультет Аэрокосмический(АК),Бакалавриат,Московский государственный технический университет им. Н.Э. Баумана,Москва,14.0,11.0,459000.0,277.0,,0.0,Очная,Русский,государственный,25.0,0.56,13.036807667689546,0,0,1,2
2066,09.03.01 | Информатика и вычислительная техника,Естественные и компьютерные науки,Физтех-школа аэрокосмических технологий,Бакалавриат,Московский физико-технический институт (Государственный университет),Москва,70.0,15.0,767000.0,304.0,,0.0,Очная,Русский,государственный,85.0,0.8235294117647058,13.550243384129509,0,0,1,2
2067,01.03.01 | Математика,Фундаментальная математика,Физтех-школа прикладной математики и информатики,Бакалавриат,Московский физико-технический институт (Государственный университет),Москва,16.0,,,288.0,,0.0,Очная,Русский,государственный,,0.0,,0,0,2,1
2068,09.03.01 | Информатика и вычислительная техника,Математическое моделирование и теория управления,Физтех-школа аэрокосмических технологий,Бакалавриат,Московский физико-технический институт (Государственный университет),Москва,36.0,,,289.0,,0.0,Очная,Русский,государственный,,0.0,,0,0,2,1
2069,38.03.05 | Бизнес-информатика,Бизнес-аналитик 1С,Факультет информационных технологий МУ им.С.Ю. Витте,Бакалавриат,Московский университет имени С.Ю. Витте (МУИВ),Москва,2.0,12.0,200000.0,,,0.0,Очная,Русский,негосударственный,14.0,0.14285714285714285,12.206077645517674,0,0,0,0
2070,38.03.05 | Бизнес-информатика,Бизнес-аналитик 1С,Факультет информационных технологий МУ им.С.Ю. Витте,Бакалавриат,Московский университет имени С.Ю. Витте (МУИВ),Москва,,57.0,140000.0,,103.0,0.0,Очно-заочная,Русский,негосударственный,,0.0,11.849404844423074,0,0,2,1
2071,38.03.05 | Бизнес-информатика,Бизнес-аналитик 1С,Факультет информационных технологий МУ им.С.Ю. Витте,Бакалавриат,Московский университет имени С.Ю. Витте (МУИВ),Москва,1.0,11.0,200000.0,,103.0,0.0,Очная,Русский,негосударственный,12.0,0.08333333333333333,12.206077645517674,0,0,0,0
2072,38.03.05 | Бизнес-информатика,Бизнес-аналитик 1С,Факультет информационных технологий МУ им.С.Ю. Витте,Бакалавриат,Московский университет имени С.Ю. Витте (МУИВ),Москва,,58.0,76000.0,,,0.0,Очно-заочная,Русский,негосударственный,,0.0,11.23850177707664,0,0,2,1
2073,02.03.03 | Математическое обеспечение и администрирование информационных систем,"Информационные системы, программирование и анализ данных",Факультет прикладной математики и кибернетики ТвГУ,Бакалавриат,Тверской государственный университет,Тверь,15.0,8.0,139900.0,180.0,,0.0,Очная,Русский,государственный,23.0,0.6521739130434783,11.848690308590857,0,0,0,0
2074,09.03.03 | Прикладная информатика,Информационные системы и аналитика данных в международном бизнесе,Факультет фундаментальной и прикладной информатики ЮЗГУ,Бакалавриат,Юго-Западный государственный университет,Курск,20.0,40.0,150000.0,205.0,,0.0,Очная,Русский,государственный,60.0,0.3333333333333333,11.918397239722838,0,0,0,0
2075,01.03.03 | Механика и математическое моделирование,"Информационные технологии, математическое моделирование и компьютерный инжиниринг механиче..",Механико-математический факультет СГУ им. Чернышевского,Бакалавриат,Саратовский национальный исследовательский государственный университет имени Н.Г. Чернышевского,Саратов,10.0,5.0,119052.0,176.0,119.0,0.0,Очная,Русский,государственный,15.0,0.6666666666666666,11.687324051093517,0,0,0,0
2076,09.03.02 | Информационные системы и технологии,Обработка и анализ данных в сложных динамических системах,Институт физики СГУ им. Чернышевского,Бакалавриат,Саратовский национальный исследовательский государственный университет имени Н.Г. Чернышевского,Саратов,12.0,12.0,135888.0,204.0,119.0,0.0,Очная,Русский,государственный,24.0,0.5,11.819593654994243,0,0,0,0
2077,38.05.01 | Экономическая безопасность,"Анализ, контроль и правовое обеспечение экономической безопасности хозяйствующих субъектов",Факультет Филиала УУНиТ в г. Кумертау,Специалитет,Филиал Уфимского университета науки и технологий Филиал в г. Кумертау,Кумертау,,10.0,63900.0,,116.0,0.0,Заочная,Русский,государственный,,0.0,11.065090289695444,0,0,2,1
2078,38.05.01 | Экономическая безопасность,"Анализ, контроль и правовое обеспечение экономической безопасности хозяйствующих субъектов",Факультет Филиала УУНиТ в г. Кумертау,Специалитет,Филиал Уфимского университета науки и технологий Филиал в г. Кумертау,Кумертау,,10.0,63900.0,,116.0,0.0,Заочная,Русский,государственный,,0.0,11.065090289695444,0,0,2,1
2079,09.03.03 | Прикладная информатика,Цифровые системы управления в бизнесе,Факультет высшего образования СПбИЭУ,Бакалавриат,Санкт-Петербургский институт экономики и управления,Санкт-Пете..,,50.0,186000.0,,,0.0,Очная,Русский,негосударственный,,0.0,12.133507329024972,0,0,2,1
2080,09.03.03 | Прикладная информатика,Цифровые системы управления в бизнесе,Факультет высшего образования СПбИЭУ,Бакалавриат,Санкт-Петербургский институт экономики и управления,Санкт-Пете..,,50.0,100000.0,,119.0,0.0,Заочная,Русский,негосударственный,,0.0,11.51293546492023,0,0,2,1
2081,38.03.01 | Экономика,Экономика данных и искусственный интеллект,Гуманитарный факультет ПНИПУ,Бакалавриат,Пермский национальный исследовательский политехнический университет,Пермь,,30.0,154900.0,,,0.0,Очная,Русский,государственный,,0.0,11.950541482162043,0,0,2,1
2082,09.03.03 | Прикладная информатика,Обработка данных и методы искусственного интеллекта,Высшая школа электроники и компьютерных наук ЮУрГУ,Бакалавриат,Южно-Уральский государственный университет (национальный исследовательский университет),Челябинск,25.0,15.0,191000.0,230.0,119.0,0.0,Очная,Русский,государственный,40.0,0.625,12.160033942617156,0,0,0,0
